ts_ms,venue,px,qty,src
1785970800050,2,1168000,11,reported
1785970801400,2,1614000,1,reconstructed
1785970801647,2,1613000,16,reconstructed
1785970801949,2,1611000,7,reconstructed
1785970801991,2,1612000,7,reconstructed
1785970802075,2,1613000,13,reconstructed
1785970802408,2,1609000,19,reconstructed
1785970802590,2,1605000,9,reconstructed
1785970802781,2,1606000,14,reconstructed
1785970802820,2,1608000,4,reconstructed
1785970802889,2,1611000,6,reconstructed
1785970802913,2,1607000,36,reconstructed
1785970803134,2,1609000,9,reconstructed
1785970803362,2,1607000,37,reconstructed
1785970803468,2,1608000,191,reconstructed
1785970803498,2,1609000,12,reconstructed
1785970803511,2,1612000,24,reconstructed
1785970803578,2,1609000,29,reconstructed
1785970803592,2,1608000,73,reconstructed
1785970803655,2,1610000,131,reconstructed
1785970803740,2,1611000,3,reconstructed
1785970803819,2,1611000,9,reconstructed
1785970803992,2,1609000,30,reconstructed
1785970804045,2,1610000,84,reconstructed
1785970804129,2,1611000,17,reconstructed
1785970804132,2,1610000,62,reconstructed
1785970804146,2,1612000,7,reconstructed
1785970804247,2,1613000,292,reconstructed
1785970804455,2,1610000,74,reconstructed
1785970804557,2,1607000,61,reconstructed
1785970804582,2,1606000,86,reconstructed
1785970804601,2,1607000,24,reconstructed
1785970804780,2,1607000,11,reconstructed
1785970804879,2,1609000,14,reconstructed
1785970805069,2,1606000,32,reconstructed
1785970805377,2,1607000,13,reconstructed
1785970805459,2,1607000,12,reconstructed
1785970805660,2,1605000,15,reconstructed
1785970805715,2,1608000,32,reconstructed
1785970805858,2,1609000,11,reconstructed
1785970805916,2,1609000,1,reconstructed
1785970805945,2,1611000,17,reconstructed
1785970806692,2,1608000,10,reconstructed
1785970807106,2,1605000,28,reconstructed
1785970807272,2,1607000,9,reconstructed
1785970807304,2,1609000,21,reconstructed
1785970807336,2,1610000,58,reconstructed
1785970807427,2,1612000,22,reconstructed
1785970807493,2,1617000,322,reconstructed
1785970807665,2,1615000,21,reconstructed
1785970807999,2,1616000,7,reconstructed
1785970808003,2,1617000,5,reconstructed
1785970808071,2,1615000,14,reconstructed
1785970808122,2,1613000,44,reconstructed
1785970808234,2,1613000,8,reconstructed
1785970808352,2,1610000,14,reconstructed
1785970808706,2,1608000,10,reconstructed
1785970808901,2,1610000,3,reconstructed
1785970809129,2,1609000,32,reconstructed
1785970809293,2,1612000,14,reconstructed
1785970809344,2,1612000,3,reconstructed
1785970809400,2,1613000,3,reconstructed
1785970809558,2,1616000,26,reconstructed
1785970809635,2,1616000,7,reconstructed
1785970810222,2,1615000,11,reconstructed
1785970810315,2,1620000,6,reconstructed
1785970810338,2,1619000,6,reconstructed
1785970810382,2,1615000,2,reconstructed
1785970810396,2,1617000,14,reconstructed
1785970810397,2,1613000,6,reconstructed
1785970810404,2,1613000,14,reconstructed
1785970810581,2,1611000,46,reconstructed
1785970810799,2,1607000,19,reconstructed
1785970810933,2,1607000,5,reconstructed
1785970811017,2,1610000,23,reconstructed
1785970811037,2,1610000,16,reconstructed
1785970811143,2,1607000,6,reconstructed
1785970811491,2,1606000,5,reconstructed
1785970811541,2,1603000,35,reconstructed
1785970811662,2,1605000,20,reconstructed
1785970811728,2,1605000,40,reconstructed
1785970811945,2,1607000,13,reconstructed
1785970811948,2,1608000,60,reconstructed
1785970812050,2,1610000,12,reconstructed
1785970812601,2,1609000,9,reconstructed
1785970812914,2,1614000,14,reconstructed
1785970813469,2,1614000,17,reconstructed
1785970813636,2,1613000,6,reconstructed
1785970813659,2,1617000,2,reconstructed
1785970813983,2,1615000,7,reconstructed
1785970814030,2,1613000,20,reconstructed
1785970814305,2,1614000,1,reconstructed
1785970814468,2,1614000,9,reconstructed
1785970814732,2,1618000,19,reconstructed
1785970814839,2,1620000,12,reconstructed
1785970814898,2,1622000,122,reconstructed
1785970814932,2,1618000,42,reconstructed
1785970815154,2,1617000,21,reconstructed
1785970815197,2,1617000,78,reconstructed
1785970815293,2,1619000,49,reconstructed
1785970815580,2,1618000,22,reconstructed
1785970815631,2,1616000,23,reconstructed
1785970815800,2,1616000,21,reconstructed
1785970815916,2,1619000,26,reconstructed
1785970816390,2,1620000,16,reconstructed
1785970816456,2,1619000,20,reconstructed
1785970816565,2,1617000,53,reconstructed
1785970816985,2,1616000,16,reconstructed
1785970817035,2,1616000,50,reconstructed
1785970817089,2,1615000,26,reconstructed
1785970817240,2,1610000,26,reconstructed
1785970817320,2,1609000,71,reconstructed
1785970817508,2,1609000,17,reconstructed
1785970817514,2,1609000,17,reconstructed
1785970817592,2,1608000,74,reconstructed
1785970817706,2,1609000,15,reconstructed
1785970817798,2,1611000,30,reconstructed
1785970817951,2,1610000,11,reconstructed
1785970818306,2,1610000,10,reconstructed
1785970818435,2,1608000,12,reconstructed
1785970818702,2,1610000,105,reconstructed
1785970818892,2,1611000,14,reconstructed
1785970818989,2,1609000,17,reconstructed
1785970818992,2,1610000,12,reconstructed
1785970819012,2,1610000,11,reconstructed
1785970819104,2,1613000,24,reconstructed
1785970819860,2,1612000,12,reconstructed
1785970820231,2,1605000,28,reconstructed
1785970820279,2,1609000,11,reconstructed
1785970820387,2,1607000,31,reconstructed
1785970821091,2,1612000,61,reconstructed
1785970821100,2,1611000,6,reconstructed
1785970821762,2,1611000,25,reconstructed
1785970821865,2,1610000,34,reconstructed
1785970822029,2,1611000,17,reconstructed
1785970822152,2,1610000,34,reconstructed
1785970822269,2,1610000,36,reconstructed
1785970822360,2,1611000,7,reconstructed
1785970822376,2,1611000,60,reconstructed
1785970822486,2,1612000,3,reconstructed
1785970822739,2,1611000,47,reconstructed
1785970823029,2,1611000,3,reconstructed
1785970823074,2,1611000,72,reconstructed
1785970823879,2,1617000,5,reconstructed
1785970823972,2,1611000,60,reconstructed
1785970824684,2,1612000,14,reconstructed
1785970825075,2,1615000,5,reconstructed
1785970825121,2,1614000,59,reconstructed
1785970825584,2,1614000,95,reconstructed
1785970825615,2,1613000,18,reconstructed
1785970825807,2,1613000,14,reconstructed
1785970826174,2,1615000,9,reconstructed
1785970826515,2,1614000,6,reconstructed
1785970826772,2,1615000,36,reconstructed
1785970826806,2,1616000,39,reconstructed
1785970827124,2,1614000,57,reconstructed
1785970827198,2,1610000,12,reconstructed
1785970827255,2,1611000,71,reconstructed
1785970827419,2,1611000,19,reconstructed
1785970827630,2,1614000,25,reconstructed
1785970827987,2,1612000,17,reconstructed
1785970827997,2,1613000,8,reconstructed
1785970828156,2,1611000,20,reconstructed
1785970828312,2,1612000,130,reconstructed
1785970828636,2,1609000,27,reconstructed
1785970829148,2,1609000,38,reconstructed
1785970829317,2,1608000,31,reconstructed
1785970829558,2,1609000,16,reconstructed
1785970829682,2,1611000,26,reconstructed
1785970829896,2,1611000,6,reconstructed
1785970830120,2,1611000,19,reconstructed
1785970830573,2,1611000,12,reconstructed
1785970831315,2,1611000,6,reconstructed
1785970831706,2,1611000,3,reconstructed
1785970831882,2,1611000,34,reconstructed
1785970831898,2,1610000,13,reconstructed
1785970832167,2,1608000,15,reconstructed
1785970832285,2,1608000,82,reconstructed
1785970832406,2,1611000,50,reconstructed
1785970832501,2,1610000,12,reconstructed
1785970832570,2,1611000,1,reconstructed
1785970832616,2,1613000,8,reconstructed
1785970832733,2,1613000,47,reconstructed
1785970832772,2,1615000,52,reconstructed
1785970832970,2,1616000,10,reconstructed
1785970833077,2,1616000,11,reconstructed
1785970833339,2,1615000,14,reconstructed
1785970834193,2,1615000,5,reconstructed
1785970834574,2,1612000,49,reconstructed
1785970834828,2,1614000,54,reconstructed
1785970835726,2,1615000,40,reconstructed
1785970836204,2,1614000,119,reconstructed
1785970836266,2,1610000,18,reconstructed
1785970836268,2,1612000,3,reconstructed
1785970836608,2,1612000,27,reconstructed
1785970836738,2,1613000,16,reconstructed
1785970836762,2,1614000,3,reconstructed
1785970836858,2,1614000,28,reconstructed
1785970837038,2,1610000,28,reconstructed
1785970837069,2,1610000,12,reconstructed
1785970837389,2,1614000,56,reconstructed
1785970837429,2,1611000,13,reconstructed
1785970837480,2,1609000,51,reconstructed
1785970837615,2,1611000,20,reconstructed
1785970837630,2,1609000,74,reconstructed
1785970837758,2,1609000,27,reconstructed
1785970837990,2,1610000,27,reconstructed
1785970838042,2,1613000,64,reconstructed
1785970838525,2,1612000,36,reconstructed
1785970838612,2,1612000,18,reconstructed
1785970838664,2,1613000,18,reconstructed
1785970838939,2,1614000,4,reconstructed
1785970839425,2,1616000,9,reconstructed
1785970839683,2,1615000,44,reconstructed
1785970840085,2,1614000,7,reconstructed
1785970840606,2,1614000,40,reconstructed
1785970840652,2,1612000,10,reconstructed
1785970841068,2,1610000,39,reconstructed
1785970841220,2,1611000,5,reconstructed
1785970841439,2,1614000,39,reconstructed
1785970841820,2,1612000,36,reconstructed
1785970842061,2,1612000,32,reconstructed
1785970842138,2,1611000,26,reconstructed
1785970842530,2,1610000,46,reconstructed
1785970842641,2,1610000,9,reconstructed
1785970842734,2,1610000,9,reconstructed
1785970842767,2,1608000,19,reconstructed
1785970842833,2,1615000,1,reconstructed
1785970843137,2,1616000,83,reconstructed
1785970843184,2,1617000,21,reconstructed
1785970843615,2,1616000,19,reconstructed
1785970843822,2,1614000,39,reconstructed
1785970843934,2,1613000,9,reconstructed
1785970844030,2,1612000,14,reconstructed
1785970844056,2,1613000,15,reconstructed
1785970844162,2,1615000,6,reconstructed
1785970844504,2,1612000,19,reconstructed
1785970844677,2,1612000,41,reconstructed
1785970844684,2,1610000,24,reconstructed
1785970844765,2,1611000,1,reconstructed
1785970845030,2,1610000,5,reconstructed
1785970845669,2,1612000,5,reconstructed
1785970845766,2,1613000,19,reconstructed
1785970845957,2,1610000,3,reconstructed
1785970845992,2,1608000,21,reconstructed
1785970846522,2,1608000,3,reconstructed
1785970846700,2,1607000,27,reconstructed
1785970846808,2,1610000,66,reconstructed
1785970847122,2,1611000,52,reconstructed
1785970847209,2,1609000,54,reconstructed
1785970847259,2,1610000,18,reconstructed
1785970847326,2,1607000,12,reconstructed
1785970847421,2,1608000,36,reconstructed
1785970847459,2,1608000,11,reconstructed
1785970847463,2,1610000,5,reconstructed
1785970847528,2,1611000,19,reconstructed
1785970848046,2,1613000,32,reconstructed
1785970848357,2,1612000,18,reconstructed
1785970848571,2,1613000,9,reconstructed
1785970848613,2,1612000,24,reconstructed
1785970849266,2,1615000,31,reconstructed
1785970849778,2,1616000,15,reconstructed
1785970850218,2,1616000,52,reconstructed
1785970850270,2,1616000,94,reconstructed
1785970850459,2,1614000,10,reconstructed
1785970850657,2,1612000,10,reconstructed
1785970851396,2,1614000,7,reconstructed
1785970851632,2,1612000,4,reconstructed
1785970851706,2,1613000,17,reconstructed
1785970851763,2,1613000,34,reconstructed
1785970851766,2,1611000,20,reconstructed
1785970851942,2,1611000,76,reconstructed
1785970852068,2,1612000,11,reconstructed
1785970852387,2,1614000,10,reconstructed
1785970852750,2,1611000,14,reconstructed
1785970852758,2,1614000,19,reconstructed
1785970852873,2,1615000,10,reconstructed
1785970852908,2,1612000,21,reconstructed
1785970853373,2,1613000,11,reconstructed
1785970853492,2,1610000,2,reconstructed
1785970853982,2,1613000,5,reconstructed
1785970854001,2,1616000,8,reconstructed
1785970854117,2,1617000,6,reconstructed
1785970854548,2,1619000,7,reconstructed
1785970854784,2,1618000,15,reconstructed
1785970854861,2,1616000,20,reconstructed
1785970855539,2,1614000,11,reconstructed
1785970855765,2,1612000,5,reconstructed
1785970855869,2,1615000,14,reconstructed
1785970855979,2,1612000,28,reconstructed
1785970856077,2,1608000,21,reconstructed
1785970856869,2,1605000,14,reconstructed
1785970856940,2,1607000,22,reconstructed
1785970857042,2,1606000,38,reconstructed
1785970857176,2,1606000,13,reconstructed
1785970857325,2,1605000,14,reconstructed
1785970857516,2,1607000,6,reconstructed
1785970857708,2,1606000,22,reconstructed
1785970857945,2,1608000,8,reconstructed
1785970858330,2,1611000,3,reconstructed
1785970858423,2,1613000,23,reconstructed
1785970858703,2,1614000,16,reconstructed
1785970859466,2,1612000,48,reconstructed
1785970860007,2,1613000,9,reconstructed
1785970860269,2,1613000,29,reconstructed
1785970860626,2,1611000,14,reconstructed
1785970860923,2,1613000,104,reconstructed
1785970862166,2,1613000,6,reconstructed
1785970862544,2,1616000,22,reconstructed
1785970862775,2,1614000,7,reconstructed
1785970863059,2,1614000,22,reconstructed
1785970863156,2,1617000,4,reconstructed
1785970863234,2,1616000,20,reconstructed
1785970863235,2,1615000,23,reconstructed
1785970863889,2,1612000,7,reconstructed
1785970863918,2,1613000,21,reconstructed
1785970864032,2,1612000,27,reconstructed
1785970864157,2,1610000,8,reconstructed
1785970864688,2,1614000,24,reconstructed
1785970864966,2,1613000,17,reconstructed
1785970865409,2,1612000,13,reconstructed
1785970866070,2,1612000,30,reconstructed
1785970866174,2,1611000,31,reconstructed
1785970866452,2,1610000,14,reconstructed
1785970866519,2,1612000,7,reconstructed
1785970866870,2,1611000,44,reconstructed
1785970867004,2,1613000,4,reconstructed
1785970867511,2,1611000,73,reconstructed
1785970868349,2,1611000,14,reconstructed
1785970868475,2,1611000,6,reconstructed
1785970868754,2,1611000,58,reconstructed
1785970869183,2,1611000,9,reconstructed
1785970870034,2,1610000,35,reconstructed
1785970870113,2,1613000,18,reconstructed
1785970871002,2,1610000,51,reconstructed
1785970871305,2,1611000,5,reconstructed
1785970871649,2,1609000,9,reconstructed
1785970871673,2,1607000,28,reconstructed
1785970871927,2,1607000,44,reconstructed
1785970872231,2,1604000,23,reconstructed
1785970872420,2,1603000,43,reconstructed
1785970872726,2,1606000,91,reconstructed
1785970872945,2,1605000,45,reconstructed
1785970873249,2,1606000,9,reconstructed
1785970873253,2,1604000,2,reconstructed
1785970873393,2,1606000,11,reconstructed
1785970874105,2,1604000,32,reconstructed
1785970874813,2,1605000,99,reconstructed
1785970874989,2,1607000,16,reconstructed
1785970875023,2,1608000,9,reconstructed
1785970875342,2,1607000,19,reconstructed
1785970876102,2,1609000,13,reconstructed
1785970876467,2,1609000,14,reconstructed
1785970876551,2,1608000,10,reconstructed
1785970876712,2,1607000,29,reconstructed
1785970877149,2,1607000,18,reconstructed
1785970877467,2,1605000,3,reconstructed
1785970877483,2,1607000,16,reconstructed
1785970877634,2,1609000,18,reconstructed
1785970877863,2,1609000,48,reconstructed
1785970878114,2,1610000,24,reconstructed
1785970878748,2,1611000,10,reconstructed
1785970878974,2,1614000,11,reconstructed
1785970878986,2,1617000,12,reconstructed
1785970879676,2,1614000,44,reconstructed
1785970879779,2,1616000,21,reconstructed
1785970879843,2,1618000,12,reconstructed
1785970879945,2,1617000,7,reconstructed
1785970880202,2,1613000,35,reconstructed
1785970880259,2,1612000,10,reconstructed
1785970880675,2,1612000,19,reconstructed
1785970880802,2,1614000,3,reconstructed
1785970880835,2,1612000,25,reconstructed
1785970881052,2,1613000,9,reconstructed
1785970881356,2,1610000,7,reconstructed
1785970881557,2,1608000,17,reconstructed
1785970882882,2,1608000,38,reconstructed
1785970882908,2,1609000,7,reconstructed
1785970883294,2,1611000,32,reconstructed
1785970883455,2,1610000,7,reconstructed
1785970883589,2,1610000,20,reconstructed
1785970883830,2,1613000,17,reconstructed
1785970883926,2,1612000,17,reconstructed
1785970884814,2,1613000,26,reconstructed
1785970885472,2,1610000,17,reconstructed
1785970885747,2,1609000,60,reconstructed
1785970885836,2,1610000,12,reconstructed
1785970885940,2,1612000,5,reconstructed
1785970886225,2,1609000,29,reconstructed
1785970886393,2,1612000,14,reconstructed
1785970886884,2,1613000,5,reconstructed
1785970887337,2,1610000,14,reconstructed
1785970887802,2,1607000,15,reconstructed
1785970887889,2,1609000,20,reconstructed
1785970887904,2,1609000,32,reconstructed
1785970887929,2,1610000,31,reconstructed
1785970888294,2,1609000,16,reconstructed
1785970888633,2,1606000,35,reconstructed
1785970889226,2,1607000,29,reconstructed
1785970889322,2,1607000,16,reconstructed
1785970889376,2,1607000,32,reconstructed
1785970890111,2,1608000,18,reconstructed
1785970890136,2,1607000,16,reconstructed
1785970890277,2,1608000,43,reconstructed
1785970890348,2,1610000,24,reconstructed
1785970890591,2,1612000,35,reconstructed
1785970890745,2,1612000,3,reconstructed
1785970890870,2,1614000,42,reconstructed
1785970891603,2,1611000,4,reconstructed
1785970891804,2,1611000,7,reconstructed
1785970892163,2,1613000,8,reconstructed
1785970892222,2,1614000,50,reconstructed
1785970892445,2,1609000,17,reconstructed
1785970892714,2,1610000,57,reconstructed
1785970892753,2,1612000,13,reconstructed
1785970893199,2,1611000,18,reconstructed
1785970893273,2,1611000,28,reconstructed
1785970894354,2,1610000,7,reconstructed
1785970894646,2,1611000,24,reconstructed
1785970894924,2,1613000,39,reconstructed
1785970895229,2,1611000,3,reconstructed
1785970895991,2,1613000,5,reconstructed
1785970896555,2,1615000,12,reconstructed
1785970897010,2,1611000,15,reconstructed
1785970897264,2,1612000,65,reconstructed
1785970897436,2,1615000,38,reconstructed
1785970897494,2,1615000,37,reconstructed
1785970897768,2,1617000,24,reconstructed
1785970897784,2,1615000,4,reconstructed
1785970897823,2,1613000,7,reconstructed
1785970898068,2,1611000,12,reconstructed
1785970898130,2,1614000,17,reconstructed
1785970898228,2,1609000,2,reconstructed
1785970898929,2,1610000,6,reconstructed
1785970899341,2,1607000,12,reconstructed
1785970899584,2,1610000,27,reconstructed
1785970899723,2,1610000,42,reconstructed
1785970899928,2,1610000,9,reconstructed
1785970900463,2,1611000,7,reconstructed
1785970901234,2,1611000,7,reconstructed
1785970901435,2,1609000,33,reconstructed
1785970901531,2,1610000,7,reconstructed
1785970901869,2,1610000,12,reconstructed
1785970902418,2,1612000,3,reconstructed
1785970902730,2,1612000,52,reconstructed
1785970902999,2,1610000,19,reconstructed
1785970903984,2,1609000,7,reconstructed
1785970904065,2,1610000,24,reconstructed
1785970904110,2,1606000,14,reconstructed
1785970904333,2,1609000,11,reconstructed
1785970904341,2,1609000,2,reconstructed
1785970904442,2,1610000,52,reconstructed
1785970904698,2,1610000,6,reconstructed
1785970904919,2,1609000,33,reconstructed
1785970905506,2,1610000,34,reconstructed
1785970906080,2,1610000,12,reconstructed
1785970906265,2,1608000,18,reconstructed
1785970906355,2,1611000,6,reconstructed
1785970906428,2,1610000,7,reconstructed
1785970906443,2,1613000,2,reconstructed
1785970906652,2,1614000,11,reconstructed
1785970906910,2,1610000,15,reconstructed
1785970906979,2,1607000,10,reconstructed
1785970907282,2,1611000,13,reconstructed
1785970907500,2,1609000,66,reconstructed
1785970907562,2,1612000,17,reconstructed
1785970908581,2,1611000,17,reconstructed
1785970909681,2,1611000,13,reconstructed
1785970910367,2,1613000,2,reconstructed
1785970910423,2,1617000,4,reconstructed
1785970910484,2,1618000,26,reconstructed
1785970910629,2,1617000,6,reconstructed
1785970910662,2,1615000,18,reconstructed
1785970911348,2,1614000,5,reconstructed
1785970911791,2,1610000,7,reconstructed
1785970912427,2,1613000,24,reconstructed
1785970912926,2,1610000,8,reconstructed
1785970913078,2,1605000,51,reconstructed
1785970913390,2,1607000,22,reconstructed
1785970913445,2,1609000,24,reconstructed
1785970913452,2,1610000,29,reconstructed
1785970913701,2,1613000,9,reconstructed
1785970914471,2,1611000,34,reconstructed
1785970914496,2,1610000,24,reconstructed
1785970914839,2,1615000,29,reconstructed
1785970914856,2,1612000,39,reconstructed
1785970915192,2,1614000,16,reconstructed
1785970915312,2,1613000,31,reconstructed
1785970915352,2,1607000,12,reconstructed
1785970915379,2,1609000,3,reconstructed
1785970915804,2,1608000,58,reconstructed
1785970915905,2,1607000,27,reconstructed
1785970915939,2,1608000,30,reconstructed
1785970916557,2,1610000,9,reconstructed
1785970916731,2,1606000,6,reconstructed
1785970917051,2,1608000,42,reconstructed
1785970917899,2,1608000,15,reconstructed
1785970917953,2,1612000,39,reconstructed
1785970918204,2,1611000,17,reconstructed
1785970918630,2,1612000,65,reconstructed
1785970919139,2,1614000,5,reconstructed
1785970919287,2,1613000,11,reconstructed
1785970919860,2,1614000,9,reconstructed
1785970920108,2,1615000,6,reconstructed
1785970920193,2,1611000,22,reconstructed
1785970920955,2,1612000,3,reconstructed
1785970921035,2,1609000,15,reconstructed
1785970921152,2,1611000,10,reconstructed
1785970922865,2,1608000,45,reconstructed
1785970923245,2,1608000,70,reconstructed
1785970923605,2,1610000,22,reconstructed
1785970924818,2,1612000,8,reconstructed
1785970924901,2,1616000,5,reconstructed
1785970925230,2,1616000,8,reconstructed
1785970925488,2,1618000,10,reconstructed
1785970926252,2,1616000,7,reconstructed
1785970926354,2,1615000,6,reconstructed
1785970926751,2,1614000,9,reconstructed
1785970927083,2,1616000,24,reconstructed
1785970927221,2,1619000,32,reconstructed
1785970927473,2,1620000,7,reconstructed
1785970927975,2,1616000,7,reconstructed
1785970928216,2,1616000,10,reconstructed
1785970928736,2,1615000,25,reconstructed
1785970929038,2,1613000,10,reconstructed
1785970929106,2,1614000,9,reconstructed
1785970929339,2,1614000,8,reconstructed
1785970929620,2,1616000,37,reconstructed
1785970929678,2,1617000,4,reconstructed
1785970929892,2,1615000,42,reconstructed
1785970930455,2,1614000,5,reconstructed
1785970930667,2,1611000,9,reconstructed
1785970930856,2,1610000,60,reconstructed
1785970930928,2,1610000,9,reconstructed
1785970931289,2,1612000,14,reconstructed
1785970931326,2,1613000,23,reconstructed
1785970932403,2,1611000,21,reconstructed
1785970932580,2,1613000,4,reconstructed
1785970935189,2,1609000,31,reconstructed
1785970935646,2,1609000,11,reconstructed
1785970936268,2,1609000,59,reconstructed
1785970936474,2,1610000,5,reconstructed
1785970936623,2,1612000,73,reconstructed
1785970936980,2,1615000,38,reconstructed
1785970937632,2,1614000,25,reconstructed
1785970937674,2,1613000,26,reconstructed
1785970937689,2,1611000,17,reconstructed
1785970937724,2,1608000,10,reconstructed
1785970937822,2,1611000,9,reconstructed
1785970938335,2,1611000,17,reconstructed
1785970940196,2,1614000,13,reconstructed
1785970940467,2,1612000,20,reconstructed
1785970940705,2,1615000,49,reconstructed
1785970940923,2,1615000,4,reconstructed
1785970941107,2,1613000,42,reconstructed
1785970941824,2,1611000,12,reconstructed
1785970941981,2,1614000,15,reconstructed
1785970942235,2,1613000,7,reconstructed
1785970942566,2,1613000,14,reconstructed
1785970942792,2,1612000,5,reconstructed
1785970943332,2,1613000,8,reconstructed
1785970943369,2,1615000,7,reconstructed
1785970943427,2,1614000,17,reconstructed
1785970943619,2,1613000,10,reconstructed
1785970943855,2,1613000,6,reconstructed
1785970944566,2,1615000,15,reconstructed
1785970945165,2,1616000,15,reconstructed
1785970945710,2,1615000,48,reconstructed
1785970945853,2,1613000,25,reconstructed
1785970946821,2,1615000,34,reconstructed
1785970947648,2,1613000,27,reconstructed
1785970948954,2,1614000,8,reconstructed
1785970950100,2,1614000,34,reconstructed
1785970950576,2,1614000,16,reconstructed
1785970951675,2,1615000,21,reconstructed
1785970951940,2,1616000,16,reconstructed
1785970952917,2,1614000,59,reconstructed
1785970952981,2,1614000,101,reconstructed
1785970953932,2,1613000,14,reconstructed
1785970953976,2,1611000,21,reconstructed
1785970955241,2,1612000,15,reconstructed
1785970955295,2,1614000,11,reconstructed
1785970955948,2,1614000,13,reconstructed
1785970956195,2,1615000,112,reconstructed
1785970956474,2,1613000,8,reconstructed
1785970956604,2,1612000,75,reconstructed
1785970957383,2,1614000,9,reconstructed
1785970957453,2,1613000,6,reconstructed
1785970958041,2,1615000,9,reconstructed
1785970958339,2,1615000,28,reconstructed
1785970958964,2,1618000,120,reconstructed
1785970959116,2,1618000,26,reconstructed
1785970959248,2,1620000,32,reconstructed
1785970959524,2,1618000,9,reconstructed
1785970959841,2,1618000,16,reconstructed
1785970960291,2,1619000,46,reconstructed
1785970960313,2,1619000,6,reconstructed
1785970960403,2,1619000,18,reconstructed
1785970960656,2,1618000,17,reconstructed
1785970961094,2,1620000,13,reconstructed
1785970961413,2,1623000,19,reconstructed
1785970961416,2,1618000,43,reconstructed
1785970961446,2,1619000,13,reconstructed
1785970961545,2,1617000,42,reconstructed
1785970962252,2,1616000,6,reconstructed
1785970962306,2,1615000,14,reconstructed
1785970962823,2,1617000,5,reconstructed
1785970963748,2,1612000,18,reconstructed
1785970964041,2,1611000,27,reconstructed
1785970964605,2,1611000,3,reconstructed
1785970965577,2,1608000,29,reconstructed
1785970965647,2,1608000,142,reconstructed
1785970966248,2,1608000,18,reconstructed
1785970966444,2,1606000,2,reconstructed
1785970966893,2,1607000,70,reconstructed
1785970967439,2,1609000,36,reconstructed
1785970967800,2,1611000,37,reconstructed
1785970968833,2,1612000,5,reconstructed
1785970969054,2,1613000,26,reconstructed
1785970969786,2,1611000,6,reconstructed
1785970969994,2,1612000,66,reconstructed
1785970970561,2,1609000,37,reconstructed
1785970971214,2,1611000,23,reconstructed
1785970971918,2,1610000,15,reconstructed
1785970972386,2,1605000,32,reconstructed
1785970972906,2,1607000,26,reconstructed
1785970972998,2,1604000,18,reconstructed
1785970973048,2,1605000,11,reconstructed
1785970973240,2,1604000,11,reconstructed
1785970973302,2,1606000,26,reconstructed
1785970973383,2,1606000,2,reconstructed
1785970973414,2,1609000,14,reconstructed
1785970973483,2,1610000,51,reconstructed
1785970973573,2,1613000,9,reconstructed
1785970973659,2,1611000,8,reconstructed
1785970974067,2,1613000,12,reconstructed
1785970974164,2,1615000,10,reconstructed
1785970974590,2,1613000,26,reconstructed
1785970974684,2,1612000,10,reconstructed
1785970974734,2,1616000,4,reconstructed
1785970975961,2,1618000,30,reconstructed
1785970976204,2,1617000,24,reconstructed
1785970976292,2,1616000,4,reconstructed
1785970976501,2,1618000,8,reconstructed
1785970977582,2,1616000,104,reconstructed
1785970977681,2,1617000,32,reconstructed
1785970977964,2,1619000,42,reconstructed
1785970978230,2,1621000,15,reconstructed
1785970978344,2,1618000,112,reconstructed
1785970978610,2,1617000,26,reconstructed
1785970979253,2,1614000,15,reconstructed
1785970979585,2,1610000,27,reconstructed
1785970980072,2,1616000,4,reconstructed
1785970980551,2,1617000,30,reconstructed
1785970980609,2,1615000,17,reconstructed
1785970980722,2,1615000,3,reconstructed
1785970981074,2,1612000,54,reconstructed
1785970981632,2,1615000,4,reconstructed
1785970981639,2,1615000,9,reconstructed
1785970982411,2,1616000,46,reconstructed
1785970982960,2,1614000,11,reconstructed
1785970983684,2,1612000,6,reconstructed
1785970983737,2,1609000,29,reconstructed
1785970984028,2,1608000,6,reconstructed
1785970984485,2,1609000,8,reconstructed
1785970984734,2,1609000,13,reconstructed
1785970984960,2,1611000,108,reconstructed
1785970985041,2,1607000,38,reconstructed
1785970985112,2,1606000,28,reconstructed
1785970985436,2,1609000,3,reconstructed
1785970985854,2,1610000,35,reconstructed
1785970986482,2,1607000,17,reconstructed
1785970986989,2,1609000,25,reconstructed
1785970987830,2,1610000,52,reconstructed
1785970989504,2,1610000,26,reconstructed
1785970989723,2,1612000,20,reconstructed
1785970989895,2,1613000,33,reconstructed
1785970989936,2,1608000,11,reconstructed
1785970990218,2,1603000,21,reconstructed
1785970990886,2,1606000,7,reconstructed
1785970991193,2,1607000,28,reconstructed
1785970991350,2,1606000,43,reconstructed
1785970991849,2,1604000,44,reconstructed
1785970992150,2,1604000,17,reconstructed
1785970992191,2,1603000,40,reconstructed
1785970992559,2,1604000,1,reconstructed
1785970993573,2,1605000,8,reconstructed
1785970993600,2,1607000,41,reconstructed
1785970994793,2,1608000,69,reconstructed
1785970995000,2,1606000,43,reconstructed
1785970995150,2,1609000,28,reconstructed
1785970995952,2,1609000,10,reconstructed
1785970996532,2,1613000,21,reconstructed
1785970997867,2,1613000,27,reconstructed
1785971000303,2,1612000,23,reconstructed
1785971001455,2,1613000,22,reconstructed
1785971001802,2,1606000,44,reconstructed
1785971002221,2,1607000,15,reconstructed
1785971002372,2,1608000,33,reconstructed
1785971003202,2,1613000,30,reconstructed
1785971003396,2,1610000,39,reconstructed
1785971004636,2,1607000,27,reconstructed
1785971005887,2,1610000,20,reconstructed
1785971007889,2,1608000,104,reconstructed
1785971008382,2,1610000,13,reconstructed
1785971008752,2,1613000,26,reconstructed
1785971008906,2,1608000,13,reconstructed
1785971009184,2,1609000,14,reconstructed
1785971009237,2,1612000,73,reconstructed
1785971009921,2,1614000,5,reconstructed
1785971010452,2,1614000,66,reconstructed
1785971010515,2,1615000,23,reconstructed
1785971010747,2,1613000,43,reconstructed
1785971012133,2,1611000,109,reconstructed
1785971012530,2,1615000,9,reconstructed
1785971014210,2,1615000,26,reconstructed
1785971014588,2,1614000,14,reconstructed
1785971015116,2,1614000,33,reconstructed
1785971015184,2,1613000,16,reconstructed
1785971015352,2,1611000,7,reconstructed
1785971015922,2,1610000,29,reconstructed
1785971016114,2,1611000,15,reconstructed
1785971016193,2,1611000,67,reconstructed
1785971016469,2,1614000,15,reconstructed
1785971016837,2,1613000,94,reconstructed
1785971017877,2,1611000,2,reconstructed
1785971018659,2,1611000,66,reconstructed
1785971019626,2,1613000,17,reconstructed
1785971020005,2,1613000,8,reconstructed
1785971020866,2,1611000,16,reconstructed
1785971021562,2,1610000,21,reconstructed
1785971021771,2,1608000,3,reconstructed
1785971022444,2,1609000,23,reconstructed
1785971022465,2,1610000,36,reconstructed
1785971022565,2,1609000,10,reconstructed
1785971023083,2,1608000,6,reconstructed
1785971023356,2,1605000,14,reconstructed
1785971023809,2,1604000,52,reconstructed
1785971023996,2,1604000,26,reconstructed
1785971024640,2,1608000,26,reconstructed
1785971024720,2,1610000,1,reconstructed
1785971024925,2,1608000,70,reconstructed
1785971025335,2,1608000,9,reconstructed
1785971025426,2,1609000,37,reconstructed
1785971025449,2,1608000,19,reconstructed
1785971025994,2,1609000,47,reconstructed
1785971026402,2,1608000,19,reconstructed
1785971026525,2,1609000,27,reconstructed
1785971026609,2,1610000,7,reconstructed
1785971027647,2,1613000,24,reconstructed
1785971028053,2,1614000,16,reconstructed
1785971028131,2,1614000,21,reconstructed
1785971028567,2,1611000,16,reconstructed
1785971028958,2,1611000,87,reconstructed
1785971030212,2,1607000,26,reconstructed
1785971030261,2,1610000,24,reconstructed
1785971031215,2,1613000,14,reconstructed
1785971031332,2,1617000,19,reconstructed
1785971031367,2,1619000,16,reconstructed
1785971031736,2,1620000,8,reconstructed
1785971033403,2,1618000,11,reconstructed
1785971035343,2,1615000,1,reconstructed
1785971035408,2,1613000,7,reconstructed
1785971036510,2,1610000,12,reconstructed
1785971036891,2,1609000,9,reconstructed
1785971037991,2,1610000,5,reconstructed
1785971038606,2,1611000,17,reconstructed
1785971038797,2,1611000,4,reconstructed
1785971038961,2,1613000,28,reconstructed
1785971039321,2,1613000,9,reconstructed
1785971041065,2,1611000,69,reconstructed
1785971041816,2,1610000,7,reconstructed
1785971041988,2,1609000,11,reconstructed
1785971042372,2,1609000,25,reconstructed
1785971042997,2,1611000,2,reconstructed
1785971043100,2,1609000,22,reconstructed
1785971043638,2,1612000,26,reconstructed
1785971044001,2,1611000,40,reconstructed
1785971044789,2,1610000,60,reconstructed
1785971044867,2,1605000,40,reconstructed
1785971045296,2,1607000,23,reconstructed
1785971045711,2,1612000,30,reconstructed
1785971045755,2,1610000,14,reconstructed
1785971046266,2,1610000,13,reconstructed
1785971047270,2,1610000,69,reconstructed
1785971047299,2,1610000,2,reconstructed
1785971047806,2,1610000,10,reconstructed
1785971048212,2,1609000,19,reconstructed
1785971048813,2,1606000,11,reconstructed
1785971049111,2,1603000,10,reconstructed
1785971049224,2,1604000,40,reconstructed
1785971049239,2,1603000,7,reconstructed
1785971049764,2,1605000,9,reconstructed
1785971051745,2,1607000,33,reconstructed
1785971051868,2,1607000,52,reconstructed
1785971052629,2,1612000,23,reconstructed
1785971052711,2,1612000,11,reconstructed
1785971052729,2,1613000,39,reconstructed
1785971052908,2,1614000,9,reconstructed
1785971052999,2,1612000,21,reconstructed
1785971053768,2,1610000,29,reconstructed
1785971055541,2,1609000,29,reconstructed
1785971056092,2,1612000,21,reconstructed
1785971056649,2,1615000,50,reconstructed
1785971057412,2,1615000,3,reconstructed
1785971057459,2,1615000,13,reconstructed
1785971058010,2,1615000,13,reconstructed
1785971058278,2,1614000,38,reconstructed
1785971058971,2,1611000,8,reconstructed
1785971059142,2,1615000,32,reconstructed
1785971059191,2,1612000,6,reconstructed
1785971059764,2,1611000,54,reconstructed
1785971060518,2,1612000,31,reconstructed
1785971060736,2,1614000,12,reconstructed
1785971061137,2,1615000,8,reconstructed
1785971062189,2,1616000,4,reconstructed
1785971063168,2,1612000,21,reconstructed
1785971063921,2,1612000,6,reconstructed
1785971064584,2,1610000,23,reconstructed
1785971065998,2,1609000,8,reconstructed
1785971066196,2,1610000,61,reconstructed
1785971066481,2,1610000,20,reconstructed
1785971066558,2,1610000,28,reconstructed
1785971067065,2,1610000,23,reconstructed
1785971068103,2,1607000,25,reconstructed
1785971070125,2,1611000,28,reconstructed
1785971070532,2,1613000,81,reconstructed
1785971070980,2,1614000,18,reconstructed
1785971071396,2,1614000,24,reconstructed
1785971071596,2,1615000,15,reconstructed
1785971072525,2,1613000,115,reconstructed
1785971074763,2,1611000,43,reconstructed
1785971074991,2,1608000,36,reconstructed
1785971076603,2,1608000,35,reconstructed
1785971076687,2,1606000,44,reconstructed
1785971076806,2,1606000,10,reconstructed
1785971077956,2,1610000,44,reconstructed
1785971077972,2,1610000,27,reconstructed
1785971078254,2,1612000,46,reconstructed
1785971078674,2,1612000,13,reconstructed
1785971080131,2,1613000,2,reconstructed
1785971080462,2,1615000,24,reconstructed
1785971081185,2,1610000,10,reconstructed
1785971081558,2,1613000,17,reconstructed
1785971082139,2,1614000,86,reconstructed
1785971082780,2,1615000,7,reconstructed
1785971084108,2,1614000,8,reconstructed
1785971084968,2,1612000,43,reconstructed
1785971085168,2,1613000,15,reconstructed
1785971086232,2,1612000,38,reconstructed
1785971086814,2,1612000,12,reconstructed
1785971088378,2,1613000,4,reconstructed
1785971088380,2,1612000,25,reconstructed
1785971088421,2,1611000,11,reconstructed
1785971088853,2,1615000,4,reconstructed
1785971089146,2,1612000,20,reconstructed
1785971089324,2,1612000,54,reconstructed
1785971091657,2,1612000,6,reconstructed
1785971092371,2,1610000,2,reconstructed
1785971092784,2,1608000,27,reconstructed
1785971093335,2,1607000,21,reconstructed
1785971093987,2,1610000,5,reconstructed
1785971094509,2,1607000,41,reconstructed
1785971094787,2,1608000,9,reconstructed
1785971095537,2,1605000,6,reconstructed
1785971096117,2,1606000,54,reconstructed
1785971096121,2,1610000,6,reconstructed
1785971096201,2,1611000,15,reconstructed
1785971097419,2,1613000,2,reconstructed
1785971097612,2,1611000,2,reconstructed
1785971097758,2,1611000,141,reconstructed
1785971097792,2,1613000,29,reconstructed
1785971098196,2,1609000,22,reconstructed
1785971098278,2,1608000,24,reconstructed
1785971098778,2,1609000,11,reconstructed
1785971099715,2,1611000,4,reconstructed
1785971100321,2,1611000,15,reconstructed
1785971100519,2,1614000,6,reconstructed
1785971100541,2,1615000,61,reconstructed
1785971100886,2,1617000,35,reconstructed
1785971101398,2,1617000,3,reconstructed
1785971102085,2,1613000,76,reconstructed
1785971102336,2,1615000,17,reconstructed
1785971102761,2,1613000,18,reconstructed
1785971103444,2,1611000,52,reconstructed
1785971105040,2,1612000,3,reconstructed
1785971106452,2,1609000,14,reconstructed
1785971107143,2,1608000,7,reconstructed
1785971107503,2,1608000,17,reconstructed
1785971107597,2,1608000,21,reconstructed
1785971108106,2,1606000,12,reconstructed
1785971109834,2,1606000,5,reconstructed
1785971110016,2,1608000,60,reconstructed
1785971110386,2,1608000,28,reconstructed
1785971110633,2,1609000,5,reconstructed
1785971111315,2,1612000,176,reconstructed
1785971113748,2,1609000,24,reconstructed
1785971114122,2,1605000,3,reconstructed
1785971114263,2,1608000,22,reconstructed
1785971114460,2,1608000,34,reconstructed
1785971114565,2,1610000,19,reconstructed
1785971116160,2,1610000,3,reconstructed
1785971117048,2,1608000,18,reconstructed
1785971118817,2,1606000,21,reconstructed
1785971119751,2,1607000,27,reconstructed
1785971120844,2,1610000,13,reconstructed
1785971120931,2,1611000,19,reconstructed
1785971121564,2,1609000,48,reconstructed
1785971122408,2,1609000,12,reconstructed
1785971122948,2,1605000,56,reconstructed
1785971124274,2,1605000,8,reconstructed
1785971124321,2,1610000,62,reconstructed
1785971124565,2,1610000,39,reconstructed
1785971125252,2,1610000,9,reconstructed
1785971125403,2,1610000,10,reconstructed
1785971127482,2,1609000,100,reconstructed
1785971129024,2,1608000,13,reconstructed
1785971129366,2,1609000,28,reconstructed
1785971129799,2,1611000,12,reconstructed
1785971131059,2,1610000,4,reconstructed
1785971131184,2,1611000,9,reconstructed
1785971131561,2,1612000,58,reconstructed
1785971132092,2,1613000,35,reconstructed
1785971132876,2,1610000,40,reconstructed
1785971133035,2,1610000,9,reconstructed
1785971133512,2,1613000,5,reconstructed
1785971134370,2,1617000,12,reconstructed
1785971135061,2,1615000,30,reconstructed
1785971135237,2,1615000,16,reconstructed
1785971135771,2,1614000,39,reconstructed
1785971136047,2,1611000,92,reconstructed
1785971136858,2,1609000,37,reconstructed
1785971136873,2,1613000,46,reconstructed
1785971137604,2,1610000,37,reconstructed
1785971140581,2,1609000,5,reconstructed
1785971140879,2,1609000,42,reconstructed
1785971141130,2,1609000,27,reconstructed
1785971141280,2,1607000,51,reconstructed
1785971141913,2,1610000,20,reconstructed
1785971142117,2,1608000,25,reconstructed
1785971142409,2,1605000,3,reconstructed
1785971142514,2,1605000,13,reconstructed
1785971142589,2,1605000,12,reconstructed
1785971143157,2,1603000,7,reconstructed
1785971143308,2,1608000,16,reconstructed
1785971143311,2,1607000,1,reconstructed
1785971143409,2,1607000,9,reconstructed
1785971144585,2,1607000,8,reconstructed
1785971145453,2,1607000,18,reconstructed
1785971146227,2,1608000,25,reconstructed
1785971146604,2,1612000,4,reconstructed
1785971146640,2,1611000,26,reconstructed
1785971146775,2,1613000,9,reconstructed
1785971146981,2,1617000,13,reconstructed
1785971147865,2,1617000,22,reconstructed
1785971148569,2,1615000,12,reconstructed
1785971149654,2,1618000,19,reconstructed
1785971149707,2,1618000,10,reconstructed
1785971150193,2,1619000,17,reconstructed
1785971150665,2,1618000,10,reconstructed
1785971151206,2,1618000,5,reconstructed
1785971152166,2,1617000,19,reconstructed
1785971152190,2,1616000,19,reconstructed
1785971152344,2,1613000,5,reconstructed
1785971152355,2,1611000,26,reconstructed
1785971152687,2,1608000,20,reconstructed
1785971152781,2,1606000,32,reconstructed
1785971152966,2,1606000,13,reconstructed
1785971153078,2,1610000,91,reconstructed
1785971154930,2,1611000,1,reconstructed
1785971155186,2,1611000,8,reconstructed
1785971155364,2,1607000,11,reconstructed
1785971155780,2,1610000,18,reconstructed
1785971156788,2,1610000,49,reconstructed
1785971156930,2,1607000,4,reconstructed
1785971157717,2,1606000,19,reconstructed
1785971157957,2,1606000,24,reconstructed
1785971158089,2,1607000,9,reconstructed
1785971158657,2,1604000,5,reconstructed
1785971158825,2,1605000,26,reconstructed
1785971158979,2,1613000,42,reconstructed
1785971159282,2,1613000,18,reconstructed
1785971159442,2,1612000,61,reconstructed
1785971159716,2,1609000,12,reconstructed
1785971160541,2,1609000,10,reconstructed
1785971160614,2,1610000,4,reconstructed
1785971160729,2,1611000,58,reconstructed
1785971160952,2,1613000,12,reconstructed
1785971160988,2,1612000,37,reconstructed
1785971161872,2,1612000,28,reconstructed
1785971162999,2,1611000,24,reconstructed
1785971163195,2,1611000,21,reconstructed
1785971163336,2,1613000,44,reconstructed
1785971164358,2,1612000,12,reconstructed
1785971165602,2,1615000,22,reconstructed
1785971165863,2,1613000,6,reconstructed
1785971167681,2,1613000,93,reconstructed
1785971171089,2,1611000,14,reconstructed
1785971171385,2,1608000,4,reconstructed
1785971171493,2,1608000,88,reconstructed
1785971171755,2,1604000,57,reconstructed
1785971172966,2,1604000,54,reconstructed
1785971172984,2,1604000,15,reconstructed
1785971173609,2,1607000,5,reconstructed
1785971174155,2,1606000,18,reconstructed
1785971174574,2,1604000,8,reconstructed
1785971174636,2,1608000,16,reconstructed
1785971174711,2,1610000,34,reconstructed
1785971175051,2,1613000,14,reconstructed
1785971175250,2,1612000,14,reconstructed
1785971175319,2,1616000,10,reconstructed
1785971175338,2,1614000,18,reconstructed
1785971175415,2,1611000,7,reconstructed
1785971175606,2,1609000,71,reconstructed
1785971175752,2,1608000,9,reconstructed
1785971175956,2,1604000,8,reconstructed
1785971176531,2,1606000,100,reconstructed
1785971177762,2,1607000,18,reconstructed
1785971178008,2,1607000,21,reconstructed
1785971178507,2,1607000,29,reconstructed
1785971178790,2,1607000,10,reconstructed
1785971178896,2,1611000,29,reconstructed
1785971178976,2,1612000,46,reconstructed
1785971179152,2,1613000,28,reconstructed
1785971179575,2,1612000,55,reconstructed
1785971180538,2,1614000,11,reconstructed
1785971181214,2,1614000,8,reconstructed
1785971182307,2,1615000,4,reconstructed
1785971182608,2,1612000,11,reconstructed
1785971182822,2,1612000,31,reconstructed
1785971183560,2,1610000,16,reconstructed
1785971184230,2,1611000,81,reconstructed
1785971184382,2,1611000,19,reconstructed
1785971184892,2,1612000,15,reconstructed
1785971184911,2,1613000,28,reconstructed
1785971185479,2,1614000,36,reconstructed
1785971186580,2,1616000,12,reconstructed
1785971187068,2,1618000,70,reconstructed
1785971187855,2,1612000,32,reconstructed
1785971187856,2,1611000,13,reconstructed
1785971188849,2,1613000,23,reconstructed
1785971189608,2,1613000,3,reconstructed
1785971190744,2,1616000,36,reconstructed
1785971191888,2,1615000,12,reconstructed
1785971192420,2,1612000,17,reconstructed
1785971192462,2,1610000,20,reconstructed
1785971192534,2,1611000,10,reconstructed
1785971193713,2,1611000,25,reconstructed
1785971194045,2,1612000,17,reconstructed
1785971194684,2,1611000,8,reconstructed
1785971194699,2,1610000,37,reconstructed
1785971195201,2,1609000,4,reconstructed
1785971195319,2,1608000,4,reconstructed
1785971195733,2,1607000,7,reconstructed
1785971196399,2,1609000,13,reconstructed
1785971196938,2,1611000,10,reconstructed
1785971196940,2,1609000,27,reconstructed
1785971198026,2,1607000,41,reconstructed
1785971198109,2,1607000,6,reconstructed
1785971198205,2,1606000,15,reconstructed
1785971199848,2,1606000,13,reconstructed
1785971200403,2,1604000,4,reconstructed
1785971200557,2,1605000,22,reconstructed
1785971201521,2,1607000,19,reconstructed
1785971202279,2,1607000,19,reconstructed
1785971203252,2,1604000,19,reconstructed
1785971203956,2,1605000,26,reconstructed
1785971204460,2,1606000,14,reconstructed
1785971205281,2,1610000,15,reconstructed
1785971208753,2,1610000,10,reconstructed
1785971209386,2,1610000,47,reconstructed
1785971209877,2,1608000,58,reconstructed
1785971210121,2,1612000,5,reconstructed
1785971210474,2,1609000,77,reconstructed
1785971210981,2,1608000,69,reconstructed
1785971213076,2,1608000,26,reconstructed
1785971213566,2,1609000,23,reconstructed
1785971214109,2,1609000,26,reconstructed
1785971214692,2,1611000,62,reconstructed
1785971214994,2,1611000,187,reconstructed
1785971216227,2,1610000,17,reconstructed
1785971216379,2,1607000,62,reconstructed
1785971216422,2,1607000,40,reconstructed
1785971216688,2,1608000,11,reconstructed
1785971216767,2,1609000,14,reconstructed
1785971216841,2,1612000,6,reconstructed
1785971216994,2,1614000,130,reconstructed
1785971218361,2,1611000,13,reconstructed
1785971218474,2,1613000,24,reconstructed
1785971219377,2,1614000,6,reconstructed
1785971219550,2,1617000,10,reconstructed
1785971220910,2,1618000,10,reconstructed
1785971220968,2,1617000,65,reconstructed
1785971221330,2,1615000,21,reconstructed
1785971221823,2,1615000,21,reconstructed
1785971222857,2,1615000,62,reconstructed
1785971223635,2,1615000,21,reconstructed
1785971223868,2,1616000,5,reconstructed
1785971224251,2,1613000,10,reconstructed
1785971225161,2,1613000,6,reconstructed
1785971225624,2,1614000,100,reconstructed
1785971225815,2,1615000,8,reconstructed
1785971226223,2,1614000,8,reconstructed
1785971227980,2,1610000,20,reconstructed
1785971228685,2,1613000,8,reconstructed
1785971229538,2,1612000,29,reconstructed
1785971229581,2,1613000,9,reconstructed
1785971229912,2,1611000,12,reconstructed
1785971229968,2,1612000,76,reconstructed
1785971231071,2,1611000,4,reconstructed
1785971231133,2,1608000,19,reconstructed
1785971233163,2,1608000,6,reconstructed
1785971234030,2,1605000,9,reconstructed
1785971234751,2,1603000,120,reconstructed
1785971235053,2,1602000,3,reconstructed
1785971235319,2,1607000,24,reconstructed
1785971235404,2,1607000,26,reconstructed
1785971236036,2,1609000,16,reconstructed
1785971237425,2,1609000,8,reconstructed
1785971237945,2,1607000,13,reconstructed
1785971238498,2,1605000,22,reconstructed
1785971238763,2,1607000,9,reconstructed
1785971239630,2,1607000,19,reconstructed
1785971239663,2,1608000,71,reconstructed
1785971240868,2,1609000,13,reconstructed
1785971241216,2,1610000,11,reconstructed
1785971241322,2,1608000,46,reconstructed
1785971241739,2,1608000,153,reconstructed
1785971244693,2,1608000,36,reconstructed
1785971246061,2,1607000,84,reconstructed
1785971246154,2,1606000,23,reconstructed
1785971247489,2,1606000,14,reconstructed
1785971247586,2,1608000,83,reconstructed
1785971248530,2,1608000,39,reconstructed
1785971248635,2,1605000,4,reconstructed
1785971248666,2,1605000,6,reconstructed
1785971249153,2,1603000,7,reconstructed
1785971249723,2,1606000,21,reconstructed
1785971249792,2,1608000,34,reconstructed
1785971250406,2,1610000,26,reconstructed
1785971250542,2,1608000,30,reconstructed
1785971250799,2,1608000,12,reconstructed
1785971251673,2,1608000,39,reconstructed
1785971252853,2,1609000,13,reconstructed
1785971253385,2,1609000,10,reconstructed
1785971253658,2,1612000,11,reconstructed
1785971254050,2,1613000,9,reconstructed
1785971254253,2,1615000,4,reconstructed
1785971254373,2,1616000,97,reconstructed
1785971254382,2,1614000,16,reconstructed
1785971254533,2,1614000,17,reconstructed
1785971254791,2,1616000,53,reconstructed
1785971256444,2,1618000,6,reconstructed
1785971257459,2,1618000,11,reconstructed
1785971257490,2,1616000,14,reconstructed
1785971258308,2,1614000,28,reconstructed
1785971258425,2,1611000,34,reconstructed
1785971259455,2,1609000,22,reconstructed
1785971259783,2,1606000,4,reconstructed
1785971259808,2,1607000,23,reconstructed
1785971260156,2,1609000,23,reconstructed
1785971260225,2,1610000,6,reconstructed
1785971261478,2,1606000,34,reconstructed
1785971263237,2,1604000,14,reconstructed
1785971264662,2,1605000,36,reconstructed
1785971265257,2,1605000,3,reconstructed
1785971265954,2,1607000,11,reconstructed
1785971266864,2,1610000,18,reconstructed
1785971267519,2,1608000,13,reconstructed
1785971268583,2,1607000,26,reconstructed
1785971268790,2,1606000,3,reconstructed
1785971269701,2,1607000,36,reconstructed
1785971270010,2,1605000,19,reconstructed
1785971270366,2,1605000,28,reconstructed
1785971270367,2,1603000,15,reconstructed
1785971272538,2,1608000,19,reconstructed
1785971272540,2,1609000,34,reconstructed
1785971272658,2,1609000,11,reconstructed
1785971272843,2,1612000,7,reconstructed
1785971272874,2,1609000,25,reconstructed
1785971273503,2,1606000,66,reconstructed
1785971273955,2,1609000,7,reconstructed
1785971274769,2,1611000,6,reconstructed
1785971275299,2,1611000,205,reconstructed
1785971275321,2,1609000,28,reconstructed
1785971275855,2,1610000,4,reconstructed
1785971275963,2,1608000,29,reconstructed
1785971276728,2,1609000,27,reconstructed
1785971277024,2,1609000,9,reconstructed
1785971277615,2,1609000,9,reconstructed
1785971279529,2,1610000,33,reconstructed
1785971279941,2,1607000,93,reconstructed
1785971280306,2,1609000,36,reconstructed
1785971280965,2,1611000,31,reconstructed
1785971281178,2,1610000,44,reconstructed
1785971281474,2,1611000,18,reconstructed
1785971282412,2,1612000,26,reconstructed
1785971283211,2,1617000,24,reconstructed
1785971283662,2,1614000,21,reconstructed
1785971284339,2,1613000,38,reconstructed
1785971284955,2,1614000,31,reconstructed
1785971285311,2,1617000,12,reconstructed
1785971285478,2,1617000,70,reconstructed
1785971285606,2,1614000,15,reconstructed
1785971286334,2,1613000,39,reconstructed
1785971286383,2,1615000,9,reconstructed
1785971286561,2,1616000,50,reconstructed
1785971287325,2,1615000,33,reconstructed
1785971288803,2,1613000,38,reconstructed
1785971289977,2,1613000,5,reconstructed
1785971290495,2,1611000,8,reconstructed
1785971291069,2,1610000,82,reconstructed
1785971291220,2,1607000,2,reconstructed
1785971291708,2,1609000,22,reconstructed
1785971291795,2,1606000,24,reconstructed
1785971291842,2,1608000,72,reconstructed
1785971292341,2,1607000,53,reconstructed
1785971293445,2,1608000,18,reconstructed
1785971295040,2,1609000,23,reconstructed
1785971295675,2,1609000,17,reconstructed
1785971295962,2,1607000,24,reconstructed
1785971296859,2,1611000,20,reconstructed
1785971299560,2,1610000,9,reconstructed
1785971299688,2,1608000,18,reconstructed
1785971301746,2,1608000,10,reconstructed
1785971301762,2,1610000,70,reconstructed
1785971303363,2,1608000,5,reconstructed
1785971303896,2,1607000,7,reconstructed
1785971305034,2,1610000,21,reconstructed
1785971305045,2,1612000,4,reconstructed
1785971306395,2,1612000,12,reconstructed
1785971306828,2,1611000,28,reconstructed
1785971306834,2,1609000,34,reconstructed
1785971308860,2,1608000,29,reconstructed
1785971310329,2,1609000,13,reconstructed
1785971310692,2,1610000,5,reconstructed
1785971310868,2,1610000,5,reconstructed
1785971311213,2,1612000,24,reconstructed
1785971311890,2,1613000,22,reconstructed
1785971312151,2,1617000,33,reconstructed
1785971312272,2,1617000,22,reconstructed
1785971312675,2,1613000,63,reconstructed
1785971315568,2,1612000,15,reconstructed
1785971315873,2,1610000,4,reconstructed
1785971316594,2,1609000,9,reconstructed
1785971317758,2,1610000,10,reconstructed
1785971317804,2,1616000,8,reconstructed
1785971318447,2,1612000,12,reconstructed
1785971318915,2,1614000,24,reconstructed
1785971319242,2,1614000,3,reconstructed
1785971320732,2,1613000,26,reconstructed
1785971321140,2,1613000,32,reconstructed
1785971321932,2,1611000,119,reconstructed
1785971322998,2,1610000,6,reconstructed
1785971323420,2,1611000,65,reconstructed
1785971323686,2,1609000,12,reconstructed
1785971324580,2,1610000,78,reconstructed
1785971325499,2,1609000,23,reconstructed
1785971325609,2,1609000,33,reconstructed
1785971325706,2,1613000,71,reconstructed
1785971325987,2,1612000,4,reconstructed
1785971326515,2,1613000,84,reconstructed
1785971327207,2,1615000,11,reconstructed
1785971328270,2,1612000,46,reconstructed
1785971329183,2,1610000,14,reconstructed
1785971329719,2,1610000,10,reconstructed
1785971330310,2,1610000,11,reconstructed
1785971330878,2,1607000,56,reconstructed
1785971331350,2,1608000,4,reconstructed
1785971331461,2,1611000,3,reconstructed
1785971331904,2,1611000,12,reconstructed
1785971335827,2,1613000,24,reconstructed
1785971336277,2,1615000,5,reconstructed
1785971336608,2,1611000,38,reconstructed
1785971338793,2,1609000,22,reconstructed
1785971339323,2,1606000,42,reconstructed
1785971339988,2,1606000,11,reconstructed
1785971340593,2,1606000,67,reconstructed
1785971340671,2,1606000,33,reconstructed
1785971340936,2,1607000,32,reconstructed
1785971341078,2,1610000,26,reconstructed
1785971341164,2,1607000,17,reconstructed
1785971342895,2,1610000,104,reconstructed
1785971343508,2,1612000,14,reconstructed
1785971343645,2,1613000,41,reconstructed
1785971344809,2,1614000,16,reconstructed
1785971345295,2,1611000,49,reconstructed
1785971345471,2,1611000,22,reconstructed
1785971346164,2,1611000,15,reconstructed
1785971348143,2,1611000,22,reconstructed
1785971348146,2,1612000,23,reconstructed
1785971348237,2,1611000,18,reconstructed
1785971349032,2,1610000,12,reconstructed
1785971349126,2,1612000,15,reconstructed
1785971351066,2,1615000,23,reconstructed
1785971351623,2,1615000,30,reconstructed
1785971351766,2,1616000,12,reconstructed
1785971351790,2,1616000,41,reconstructed
1785971352042,2,1613000,9,reconstructed
1785971352190,2,1614000,37,reconstructed
1785971352800,2,1614000,12,reconstructed
1785971353784,2,1615000,9,reconstructed
1785971354446,2,1616000,14,reconstructed
1785971354451,2,1617000,20,reconstructed
1785971355883,2,1614000,59,reconstructed
1785971356192,2,1612000,37,reconstructed
1785971358217,2,1610000,60,reconstructed
1785971358395,2,1609000,38,reconstructed
1785971358466,2,1608000,19,reconstructed
1785971359347,2,1612000,16,reconstructed
1785971360254,2,1609000,148,reconstructed
1785971360460,2,1608000,22,reconstructed
1785971360473,2,1610000,14,reconstructed
1785971362107,2,1611000,19,reconstructed
1785971363173,2,1610000,35,reconstructed
1785971363733,2,1610000,12,reconstructed
1785971364337,2,1612000,10,reconstructed
1785971364530,2,1613000,6,reconstructed
1785971364553,2,1617000,126,reconstructed
1785971365654,2,1617000,10,reconstructed
1785971366352,2,1615000,9,reconstructed
1785971366488,2,1616000,32,reconstructed
1785971366842,2,1611000,15,reconstructed
1785971367032,2,1610000,24,reconstructed
1785971367275,2,1611000,18,reconstructed
1785971367581,2,1614000,17,reconstructed
1785971367603,2,1614000,15,reconstructed
1785971368059,2,1614000,7,reconstructed
1785971370377,2,1614000,25,reconstructed
1785971370794,2,1617000,6,reconstructed
1785971371007,2,1615000,26,reconstructed
1785971371285,2,1614000,57,reconstructed
1785971371462,2,1614000,10,reconstructed
1785971373252,2,1613000,13,reconstructed
1785971373667,2,1613000,32,reconstructed
1785971374388,2,1611000,37,reconstructed
1785971374796,2,1610000,35,reconstructed
1785971375648,2,1611000,28,reconstructed
1785971376528,2,1613000,22,reconstructed
1785971376634,2,1610000,50,reconstructed
1785971376655,2,1609000,18,reconstructed
1785971377041,2,1611000,28,reconstructed
1785971377048,2,1610000,4,reconstructed
1785971379838,2,1613000,7,reconstructed
1785971381147,2,1613000,3,reconstructed
1785971381564,2,1614000,2,reconstructed
1785971381835,2,1617000,62,reconstructed
1785971382158,2,1614000,16,reconstructed
1785971382898,2,1612000,28,reconstructed
1785971383250,2,1612000,22,reconstructed
1785971383251,2,1613000,20,reconstructed
1785971384557,2,1612000,90,reconstructed
1785971384687,2,1614000,13,reconstructed
1785971384859,2,1609000,57,reconstructed
1785971385306,2,1610000,26,reconstructed
1785971385357,2,1609000,7,reconstructed
1785971386361,2,1611000,27,reconstructed
1785971386492,2,1611000,82,reconstructed
1785971386616,2,1612000,89,reconstructed
1785971386684,2,1613000,54,reconstructed
1785971387151,2,1613000,55,reconstructed
1785971388138,2,1611000,41,reconstructed
1785971388990,2,1609000,7,reconstructed
1785971389353,2,1610000,29,reconstructed
1785971389865,2,1612000,141,reconstructed
1785971391629,2,1614000,9,reconstructed
1785971392497,2,1612000,36,reconstructed
1785971393052,2,1613000,101,reconstructed
1785971393818,2,1612000,8,reconstructed
1785971394996,2,1612000,9,reconstructed
1785971395791,2,1613000,28,reconstructed
1785971395997,2,1614000,13,reconstructed
1785971396334,2,1613000,79,reconstructed
1785971396391,2,1613000,10,reconstructed
1785971396530,2,1612000,59,reconstructed
1785971397787,2,1614000,9,reconstructed
1785971400085,2,1611000,8,reconstructed
1785971401029,2,1611000,9,reconstructed
1785971401123,2,1611000,21,reconstructed
1785971401814,2,1610000,112,reconstructed
1785971401858,2,1609000,43,reconstructed
1785971401992,2,1613000,23,reconstructed
1785971405183,2,1614000,11,reconstructed
1785971405332,2,1613000,16,reconstructed
1785971405585,2,1614000,6,reconstructed
1785971405626,2,1614000,9,reconstructed
1785971405784,2,1612000,21,reconstructed
1785971405813,2,1615000,27,reconstructed
1785971405912,2,1614000,6,reconstructed
1785971406454,2,1613000,8,reconstructed
1785971406842,2,1613000,12,reconstructed
1785971407400,2,1610000,8,reconstructed
1785971407838,2,1609000,23,reconstructed
1785971408128,2,1609000,7,reconstructed
1785971408709,2,1609000,18,reconstructed
1785971409403,2,1608000,62,reconstructed
1785971409803,2,1607000,22,reconstructed
1785971411816,2,1608000,7,reconstructed
1785971412477,2,1607000,26,reconstructed
1785971413144,2,1606000,38,reconstructed
1785971413526,2,1603000,10,reconstructed
1785971413641,2,1603000,22,reconstructed
1785971416518,2,1604000,88,reconstructed
1785971417746,2,1605000,36,reconstructed
1785971418177,2,1605000,67,reconstructed
1785971418439,2,1606000,11,reconstructed
1785971418905,2,1605000,13,reconstructed
1785971419540,2,1603000,16,reconstructed
1785971420139,2,1608000,6,reconstructed
1785971420312,2,1612000,222,reconstructed
1785971420696,2,1611000,5,reconstructed
1785971421165,2,1608000,18,reconstructed
1785971423046,2,1605000,5,reconstructed
1785971423303,2,1608000,31,reconstructed
1785971423763,2,1609000,17,reconstructed
1785971423961,2,1611000,22,reconstructed
1785971424076,2,1615000,6,reconstructed
1785971424644,2,1612000,19,reconstructed
1785971424717,2,1614000,99,reconstructed
1785971426505,2,1615000,34,reconstructed
1785971426961,2,1614000,21,reconstructed
1785971427210,2,1613000,17,reconstructed
1785971428398,2,1614000,2,reconstructed
1785971430823,2,1615000,6,reconstructed
1785971431915,2,1611000,18,reconstructed
1785971432905,2,1613000,14,reconstructed
1785971433220,2,1615000,15,reconstructed
1785971433768,2,1617000,53,reconstructed
1785971435196,2,1616000,111,reconstructed
1785971435732,2,1613000,24,reconstructed
1785971437289,2,1614000,24,reconstructed
1785971438181,2,1613000,7,reconstructed
1785971438331,2,1615000,16,reconstructed
1785971438611,2,1613000,30,reconstructed
1785971438690,2,1613000,34,reconstructed
1785971439074,2,1610000,34,reconstructed
1785971440039,2,1609000,19,reconstructed
1785971440437,2,1608000,22,reconstructed
1785971440678,2,1612000,49,reconstructed
1785971442018,2,1611000,15,reconstructed
1785971442046,2,1609000,8,reconstructed
1785971442077,2,1611000,8,reconstructed
1785971442292,2,1610000,44,reconstructed
1785971442782,2,1611000,4,reconstructed
1785971442984,2,1610000,8,reconstructed
1785971443515,2,1611000,30,reconstructed
1785971443852,2,1610000,18,reconstructed
1785971444293,2,1612000,40,reconstructed
1785971444500,2,1613000,33,reconstructed
1785971444859,2,1614000,18,reconstructed
1785971444946,2,1614000,15,reconstructed
1785971445755,2,1613000,59,reconstructed
1785971447109,2,1616000,25,reconstructed
1785971447904,2,1616000,23,reconstructed
1785971448283,2,1614000,3,reconstructed
1785971448594,2,1614000,2,reconstructed
1785971448749,2,1613000,17,reconstructed
1785971448803,2,1615000,16,reconstructed
1785971449000,2,1614000,6,reconstructed
1785971449145,2,1615000,57,reconstructed
1785971449779,2,1615000,15,reconstructed
1785971450954,2,1615000,15,reconstructed
1785971451602,2,1613000,22,reconstructed
1785971451646,2,1613000,40,reconstructed
1785971452372,2,1613000,31,reconstructed
1785971452601,2,1613000,5,reconstructed
1785971453331,2,1614000,8,reconstructed
1785971455584,2,1612000,10,reconstructed
1785971455773,2,1614000,5,reconstructed
1785971456272,2,1613000,4,reconstructed
1785971457226,2,1613000,10,reconstructed
1785971457265,2,1612000,18,reconstructed
1785971463628,2,1615000,24,reconstructed
1785971464022,2,1612000,16,reconstructed
1785971464306,2,1609000,27,reconstructed
1785971464359,2,1611000,9,reconstructed
1785971464370,2,1611000,10,reconstructed
1785971464484,2,1611000,12,reconstructed
1785971464982,2,1609000,49,reconstructed
1785971465174,2,1608000,21,reconstructed
1785971465200,2,1609000,52,reconstructed
1785971465325,2,1611000,36,reconstructed
1785971466733,2,1612000,6,reconstructed
1785971467452,2,1612000,11,reconstructed
1785971467672,2,1608000,34,reconstructed
1785971467983,2,1608000,23,reconstructed
1785971468202,2,1607000,34,reconstructed
1785971468513,2,1605000,3,reconstructed
1785971469179,2,1606000,20,reconstructed
1785971469457,2,1605000,8,reconstructed
1785971469688,2,1606000,28,reconstructed
1785971471416,2,1607000,71,reconstructed
1785971472349,2,1611000,31,reconstructed
1785971472554,2,1611000,10,reconstructed
1785971473292,2,1611000,13,reconstructed
1785971473554,2,1609000,40,reconstructed
1785971474374,2,1613000,18,reconstructed
1785971474904,2,1612000,41,reconstructed
1785971475634,2,1612000,11,reconstructed
1785971476062,2,1608000,33,reconstructed
1785971476089,2,1607000,34,reconstructed
1785971476429,2,1608000,11,reconstructed
1785971477205,2,1609000,4,reconstructed
1785971479175,2,1609000,14,reconstructed
1785971479181,2,1606000,15,reconstructed
1785971479464,2,1608000,58,reconstructed
1785971480175,2,1607000,51,reconstructed
1785971480317,2,1609000,38,reconstructed
1785971480600,2,1608000,19,reconstructed
1785971481781,2,1608000,6,reconstructed
1785971481859,2,1609000,18,reconstructed
1785971483388,2,1607000,22,reconstructed
1785971485838,2,1608000,8,reconstructed
1785971487170,2,1611000,5,reconstructed
1785971487217,2,1613000,25,reconstructed
1785971487762,2,1612000,3,reconstructed
1785971488088,2,1613000,36,reconstructed
1785971489294,2,1611000,32,reconstructed
1785971489481,2,1613000,11,reconstructed
1785971490051,2,1611000,24,reconstructed
1785971490274,2,1614000,23,reconstructed
1785971492135,2,1609000,26,reconstructed
1785971492659,2,1611000,39,reconstructed
1785971495034,2,1612000,93,reconstructed
1785971495676,2,1613000,34,reconstructed
1785971496034,2,1612000,9,reconstructed
1785971496454,2,1608000,24,reconstructed
1785971497933,2,1610000,12,reconstructed
1785971497952,2,1608000,13,reconstructed
1785971498145,2,1609000,5,reconstructed
1785971498216,2,1611000,48,reconstructed
1785971498374,2,1613000,31,reconstructed
1785971498697,2,1613000,11,reconstructed
1785971499029,2,1610000,67,reconstructed
1785971499335,2,1611000,31,reconstructed
1785971500623,2,1611000,26,reconstructed
1785971501925,2,1614000,28,reconstructed
1785971502614,2,1613000,5,reconstructed
1785971503046,2,1613000,41,reconstructed
1785971503260,2,1613000,41,reconstructed
1785971503780,2,1612000,16,reconstructed
1785971504149,2,1611000,11,reconstructed
1785971504898,2,1609000,6,reconstructed
1785971505055,2,1609000,29,reconstructed
1785971505101,2,1611000,22,reconstructed
1785971505722,2,1612000,6,reconstructed
1785971506875,2,1610000,31,reconstructed
1785971507087,2,1612000,22,reconstructed
1785971508931,2,1609000,20,reconstructed
1785971509510,2,1610000,7,reconstructed
1785971509683,2,1609000,15,reconstructed
1785971511620,2,1607000,40,reconstructed
1785971513002,2,1608000,40,reconstructed
1785971513284,2,1606000,9,reconstructed
1785971513625,2,1605000,8,reconstructed
1785971513812,2,1603000,59,reconstructed
1785971514613,2,1603000,23,reconstructed
1785971515095,2,1606000,7,reconstructed
1785971515882,2,1608000,19,reconstructed
1785971516386,2,1609000,6,reconstructed
1785971517069,2,1610000,39,reconstructed
1785971517518,2,1611000,31,reconstructed
1785971517674,2,1611000,5,reconstructed
1785971518811,2,1613000,36,reconstructed
1785971519061,2,1614000,18,reconstructed
1785971519731,2,1615000,10,reconstructed
1785971519918,2,1615000,15,reconstructed
1785971520214,2,1614000,9,reconstructed
1785971521164,2,1613000,12,reconstructed
1785971521369,2,1614000,51,reconstructed
1785971523585,2,1613000,18,reconstructed
1785971524264,2,1612000,17,reconstructed
1785971524751,2,1613000,8,reconstructed
1785971525460,2,1614000,6,reconstructed
1785971525688,2,1612000,10,reconstructed
1785971527609,2,1610000,33,reconstructed
1785971527916,2,1610000,4,reconstructed
1785971528639,2,1607000,39,reconstructed
1785971528947,2,1609000,12,reconstructed
1785971529761,2,1609000,21,reconstructed
1785971529944,2,1607000,114,reconstructed
1785971533853,2,1608000,49,reconstructed
1785971533934,2,1608000,1,reconstructed
1785971534697,2,1610000,3,reconstructed
1785971535844,2,1613000,58,reconstructed
1785971535912,2,1613000,14,reconstructed
1785971536290,2,1611000,40,reconstructed
1785971536378,2,1610000,9,reconstructed
1785971537515,2,1610000,7,reconstructed
1785971537774,2,1613000,26,reconstructed
1785971537905,2,1609000,35,reconstructed
1785971539182,2,1609000,77,reconstructed
1785971539379,2,1607000,25,reconstructed
1785971540044,2,1607000,16,reconstructed
1785971540186,2,1605000,37,reconstructed
1785971540332,2,1603000,10,reconstructed
1785971541160,2,1603000,3,reconstructed
1785971541676,2,1604000,7,reconstructed
1785971541841,2,1606000,32,reconstructed
1785971541973,2,1608000,12,reconstructed
1785971542270,2,1609000,46,reconstructed
1785971542536,2,1610000,5,reconstructed
1785971544549,2,1615000,12,reconstructed
1785971545283,2,1612000,14,reconstructed
1785971546721,2,1611000,103,reconstructed
1785971547561,2,1611000,24,reconstructed
1785971548950,2,1609000,32,reconstructed
1785971549223,2,1607000,6,reconstructed
1785971550672,2,1609000,12,reconstructed
1785971551544,2,1606000,28,reconstructed
1785971552705,2,1609000,6,reconstructed
1785971553043,2,1612000,31,reconstructed
1785971553140,2,1613000,128,reconstructed
1785971553869,2,1613000,9,reconstructed
1785971554049,2,1614000,40,reconstructed
1785971554428,2,1618000,15,reconstructed
1785971555304,2,1621000,1,reconstructed
1785971555406,2,1622000,48,reconstructed
1785971557067,2,1620000,17,reconstructed
1785971558039,2,1618000,45,reconstructed
1785971559004,2,1619000,12,reconstructed
1785971560615,2,1617000,12,reconstructed
1785971560723,2,1621000,16,reconstructed
1785971560996,2,1624000,3,reconstructed
1785971561220,2,1620000,54,reconstructed
1785971562006,2,1619000,26,reconstructed
1785971562070,2,1619000,21,reconstructed
1785971562525,2,1619000,18,reconstructed
1785971562668,2,1617000,11,reconstructed
1785971563228,2,1620000,11,reconstructed
1785971563437,2,1618000,36,reconstructed
1785971563466,2,1614000,45,reconstructed
1785971565082,2,1611000,150,reconstructed
1785971565091,2,1610000,56,reconstructed
1785971565653,2,1608000,14,reconstructed
1785971566643,2,1606000,18,reconstructed
1785971566847,2,1605000,10,reconstructed
1785971567713,2,1606000,13,reconstructed
1785971567825,2,1606000,38,reconstructed
1785971567911,2,1607000,18,reconstructed
1785971568383,2,1605000,8,reconstructed
1785971568787,2,1604000,11,reconstructed
1785971569246,2,1603000,25,reconstructed
1785971569396,2,1603000,3,reconstructed
1785971571238,2,1603000,19,reconstructed
1785971571351,2,1604000,36,reconstructed
1785971573341,2,1604000,34,reconstructed
1785971574337,2,1602000,84,reconstructed
1785971576051,2,1604000,14,reconstructed
1785971576204,2,1604000,12,reconstructed
1785971576327,2,1604000,16,reconstructed
1785971576660,2,1603000,10,reconstructed
1785971576833,2,1605000,9,reconstructed
1785971577003,2,1606000,18,reconstructed
1785971577287,2,1604000,58,reconstructed
1785971579080,2,1606000,46,reconstructed
1785971579345,2,1609000,18,reconstructed
1785971580877,2,1609000,41,reconstructed
1785971581167,2,1608000,22,reconstructed
1785971581823,2,1611000,11,reconstructed
1785971582081,2,1612000,8,reconstructed
1785971582606,2,1610000,46,reconstructed
1785971583126,2,1611000,30,reconstructed
1785971583372,2,1611000,11,reconstructed
1785971583416,2,1610000,28,reconstructed
1785971583946,2,1606000,25,reconstructed
1785971584170,2,1606000,62,reconstructed
1785971584882,2,1608000,27,reconstructed
1785971584967,2,1611000,22,reconstructed
1785971585259,2,1613000,12,reconstructed
1785971585706,2,1614000,8,reconstructed
1785971585820,2,1618000,5,reconstructed
1785971586539,2,1618000,12,reconstructed
1785971586730,2,1617000,42,reconstructed
1785971588770,2,1614000,21,reconstructed
1785971589682,2,1612000,67,reconstructed
1785971590074,2,1611000,9,reconstructed
1785971590277,2,1611000,58,reconstructed
1785971590656,2,1612000,18,reconstructed
1785971592585,2,1612000,9,reconstructed
1785971593524,2,1607000,62,reconstructed
1785971593576,2,1606000,6,reconstructed
1785971594165,2,1606000,7,reconstructed
1785971594367,2,1606000,9,reconstructed
1785971594368,2,1606000,5,reconstructed
1785971596235,2,1608000,18,reconstructed
1785971596293,2,1612000,12,reconstructed
1785971596673,2,1608000,9,reconstructed
1785971597289,2,1607000,18,reconstructed
1785971597304,2,1606000,44,reconstructed
1785971597844,2,1606000,9,reconstructed
1785971598237,2,1607000,97,reconstructed
1785971598285,2,1607000,30,reconstructed
1785971598711,2,1605000,18,reconstructed
1785971599116,2,1605000,21,reconstructed
1785971599412,2,1603000,22,reconstructed
1785971600155,2,1599000,43,reconstructed
1785971600839,2,1601000,11,reconstructed
1785971602536,2,1600000,94,reconstructed
1785971602605,2,1602000,16,reconstructed
1785971602908,2,1605000,6,reconstructed
1785971602972,2,1605000,15,reconstructed
1785971603498,2,1606000,14,reconstructed
1785971603945,2,1608000,46,reconstructed
1785971604030,2,1608000,8,reconstructed
1785971604049,2,1608000,32,reconstructed
1785971604295,2,1610000,12,reconstructed
1785971604483,2,1610000,18,reconstructed
1785971604993,2,1612000,5,reconstructed
1785971605103,2,1613000,7,reconstructed
1785971605483,2,1613000,21,reconstructed
1785971605549,2,1614000,9,reconstructed
1785971606255,2,1611000,10,reconstructed
1785971606278,2,1615000,38,reconstructed
1785971606674,2,1614000,13,reconstructed
1785971607449,2,1613000,25,reconstructed
1785971607600,2,1613000,8,reconstructed
1785971607612,2,1615000,11,reconstructed
1785971607639,2,1611000,37,reconstructed
1785971607901,2,1609000,13,reconstructed
1785971608452,2,1611000,19,reconstructed
1785971608563,2,1613000,5,reconstructed
1785971609030,2,1610000,8,reconstructed
1785971609387,2,1610000,21,reconstructed
1785971610582,2,1609000,26,reconstructed
1785971611269,2,1608000,8,reconstructed
1785971612369,2,1609000,26,reconstructed
1785971613210,2,1611000,12,reconstructed
1785971613269,2,1612000,5,reconstructed
1785971613834,2,1611000,8,reconstructed
1785971614664,2,1613000,74,reconstructed
1785971614693,2,1614000,43,reconstructed
1785971614919,2,1615000,30,reconstructed
1785971614959,2,1612000,21,reconstructed
1785971615657,2,1614000,30,reconstructed
1785971615767,2,1612000,7,reconstructed
1785971616460,2,1614000,13,reconstructed
1785971619856,2,1616000,13,reconstructed
1785971620745,2,1613000,20,reconstructed
1785971621801,2,1612000,32,reconstructed
1785971622680,2,1610000,36,reconstructed
1785971623462,2,1607000,3,reconstructed
1785971623637,2,1606000,3,reconstructed
1785971623832,2,1604000,67,reconstructed
1785971624594,2,1604000,5,reconstructed
1785971625646,2,1606000,27,reconstructed
1785971627521,2,1604000,8,reconstructed
1785971628031,2,1606000,197,reconstructed
1785971628155,2,1607000,24,reconstructed
1785971628459,2,1605000,28,reconstructed
1785971629300,2,1603000,3,reconstructed
1785971629466,2,1605000,10,reconstructed
1785971629603,2,1607000,30,reconstructed
1785971630322,2,1608000,26,reconstructed
1785971630479,2,1609000,18,reconstructed
1785971633097,2,1609000,19,reconstructed
1785971633171,2,1608000,1,reconstructed
1785971633552,2,1611000,29,reconstructed
1785971633612,2,1612000,34,reconstructed
1785971634450,2,1615000,11,reconstructed
1785971636435,2,1613000,88,reconstructed
1785971636494,2,1612000,14,reconstructed
1785971636841,2,1609000,51,reconstructed
1785971637532,2,1612000,37,reconstructed
1785971638511,2,1613000,36,reconstructed
1785971638870,2,1612000,24,reconstructed
1785971640515,2,1611000,12,reconstructed
1785971640876,2,1606000,9,reconstructed
1785971641767,2,1606000,27,reconstructed
1785971641802,2,1605000,21,reconstructed
1785971641997,2,1607000,15,reconstructed
1785971642190,2,1608000,54,reconstructed
1785971642258,2,1606000,15,reconstructed
1785971642723,2,1610000,24,reconstructed
1785971643298,2,1610000,19,reconstructed
1785971643847,2,1610000,18,reconstructed
1785971643942,2,1611000,15,reconstructed
1785971644600,2,1609000,46,reconstructed
1785971644652,2,1609000,14,reconstructed
1785971644960,2,1611000,4,reconstructed
1785971645235,2,1609000,35,reconstructed
1785971645562,2,1610000,41,reconstructed
1785971645919,2,1608000,4,reconstructed
1785971646645,2,1609000,52,reconstructed
1785971646725,2,1611000,37,reconstructed
1785971647084,2,1609000,8,reconstructed
1785971648177,2,1612000,7,reconstructed
1785971648492,2,1610000,23,reconstructed
1785971649269,2,1612000,217,reconstructed
1785971649391,2,1612000,33,reconstructed
1785971649573,2,1612000,11,reconstructed
1785971649583,2,1609000,23,reconstructed
1785971649668,2,1609000,18,reconstructed
1785971650201,2,1608000,28,reconstructed
1785971650258,2,1611000,28,reconstructed
1785971650351,2,1608000,96,reconstructed
1785971651514,2,1607000,53,reconstructed
1785971654039,2,1605000,99,reconstructed
1785971655856,2,1607000,5,reconstructed
1785971656127,2,1607000,9,reconstructed
1785971656357,2,1607000,8,reconstructed
1785971658328,2,1608000,44,reconstructed
1785971659057,2,1610000,10,reconstructed
1785971659437,2,1608000,19,reconstructed
1785971659557,2,1606000,9,reconstructed
1785971661264,2,1609000,22,reconstructed
1785971662132,2,1607000,16,reconstructed
1785971662224,2,1607000,14,reconstructed
1785971662282,2,1605000,78,reconstructed
1785971665634,2,1600000,59,reconstructed
1785971666157,2,1602000,7,reconstructed
1785971666847,2,1601000,27,reconstructed
1785971667233,2,1599000,12,reconstructed
1785971667412,2,1599000,68,reconstructed
1785971668352,2,1603000,10,reconstructed
1785971668431,2,1604000,17,reconstructed
1785971669239,2,1602000,15,reconstructed
1785971669306,2,1605000,7,reconstructed
1785971669624,2,1608000,7,reconstructed
1785971669685,2,1608000,64,reconstructed
1785971670343,2,1607000,23,reconstructed
1785971671816,2,1609000,15,reconstructed
1785971672763,2,1609000,26,reconstructed
1785971675121,2,1611000,104,reconstructed
1785971675123,2,1612000,92,reconstructed
1785971675470,2,1610000,20,reconstructed
1785971677000,2,1612000,21,reconstructed
1785971677725,2,1615000,122,reconstructed
1785971679032,2,1615000,48,reconstructed
1785971680735,2,1616000,16,reconstructed
1785971680893,2,1611000,14,reconstructed
1785971681516,2,1610000,10,reconstructed
1785971681866,2,1609000,10,reconstructed
1785971682689,2,1608000,11,reconstructed
1785971683180,2,1608000,1,reconstructed
1785971683428,2,1608000,23,reconstructed
1785971683649,2,1611000,15,reconstructed
1785971683821,2,1609000,7,reconstructed
1785971684282,2,1608000,48,reconstructed
1785971684447,2,1606000,19,reconstructed
1785971684529,2,1606000,9,reconstructed
1785971685021,2,1605000,9,reconstructed
1785971686223,2,1607000,22,reconstructed
1785971687286,2,1609000,32,reconstructed
1785971690534,2,1609000,25,reconstructed
1785971691006,2,1605000,11,reconstructed
1785971691434,2,1606000,78,reconstructed
1785971692365,2,1608000,12,reconstructed
1785971692551,2,1608000,26,reconstructed
1785971692604,2,1610000,4,reconstructed
1785971693372,2,1611000,16,reconstructed
1785971694064,2,1607000,19,reconstructed
1785971694389,2,1608000,15,reconstructed
1785971694798,2,1609000,23,reconstructed
1785971696187,2,1609000,27,reconstructed
1785971699227,2,1607000,5,reconstructed
1785971699739,2,1607000,25,reconstructed
1785971699907,2,1610000,19,reconstructed
1785971702687,2,1608000,34,reconstructed
1785971703023,2,1606000,12,reconstructed
1785971703607,2,1605000,18,reconstructed
1785971703635,2,1607000,31,reconstructed
1785971704017,2,1605000,19,reconstructed
1785971704056,2,1609000,12,reconstructed
1785971704089,2,1610000,5,reconstructed
1785971705367,2,1612000,5,reconstructed
1785971706426,2,1611000,1,reconstructed
1785971708367,2,1611000,20,reconstructed
1785971709528,2,1613000,15,reconstructed
1785971710029,2,1612000,14,reconstructed
1785971710074,2,1614000,103,reconstructed
1785971710530,2,1615000,25,reconstructed
1785971710618,2,1616000,8,reconstructed
1785971711093,2,1617000,27,reconstructed
1785971712293,2,1613000,3,reconstructed
1785971713071,2,1610000,42,reconstructed
1785971713899,2,1610000,13,reconstructed
1785971715330,2,1612000,12,reconstructed
1785971715567,2,1611000,15,reconstructed
1785971715732,2,1611000,7,reconstructed
1785971715846,2,1606000,1,reconstructed
1785971716150,2,1606000,12,reconstructed
1785971716696,2,1610000,52,reconstructed
1785971717549,2,1614000,2,reconstructed
1785971717710,2,1616000,2,reconstructed
1785971717801,2,1616000,64,reconstructed
1785971720168,2,1615000,20,reconstructed
1785971720292,2,1617000,26,reconstructed
1785971721203,2,1616000,6,reconstructed
1785971721278,2,1616000,30,reconstructed
1785971721452,2,1616000,13,reconstructed
1785971721873,2,1617000,3,reconstructed
1785971722024,2,1617000,17,reconstructed
1785971722318,2,1616000,34,reconstructed
1785971722634,2,1612000,5,reconstructed
1785971722706,2,1610000,23,reconstructed
1785971723597,2,1615000,14,reconstructed
1785971724079,2,1613000,10,reconstructed
1785971724323,2,1615000,1,reconstructed
1785971725101,2,1614000,20,reconstructed
1785971725266,2,1615000,6,reconstructed
1785971726034,2,1615000,4,reconstructed
1785971727383,2,1617000,7,reconstructed
1785971728200,2,1615000,22,reconstructed
1785971728959,2,1614000,4,reconstructed
1785971729631,2,1612000,12,reconstructed
1785971729650,2,1610000,7,reconstructed
1785971731588,2,1612000,13,reconstructed
1785971731703,2,1614000,15,reconstructed
1785971735874,2,1615000,5,reconstructed
1785971736571,2,1616000,5,reconstructed
1785971737318,2,1613000,41,reconstructed
1785971737353,2,1615000,22,reconstructed
1785971737531,2,1614000,9,reconstructed
1785971737580,2,1613000,17,reconstructed
1785971738991,2,1612000,27,reconstructed
1785971739581,2,1612000,7,reconstructed
1785971739634,2,1612000,10,reconstructed
1785971740068,2,1611000,54,reconstructed
1785971740431,2,1611000,7,reconstructed
1785971740458,2,1611000,5,reconstructed
1785971740975,2,1612000,12,reconstructed
1785971742111,2,1612000,10,reconstructed
1785971742258,2,1607000,6,reconstructed
1785971742467,2,1611000,56,reconstructed
1785971743148,2,1609000,17,reconstructed
1785971743565,2,1614000,6,reconstructed
1785971743604,2,1611000,38,reconstructed
1785971745011,2,1609000,22,reconstructed
1785971745190,2,1613000,14,reconstructed
1785971745995,2,1611000,1,reconstructed
1785971746416,2,1613000,2,reconstructed
1785971746477,2,1613000,33,reconstructed
1785971746662,2,1612000,5,reconstructed
1785971748371,2,1612000,19,reconstructed
1785971748508,2,1611000,4,reconstructed
1785971748622,2,1611000,23,reconstructed
1785971749133,2,1612000,14,reconstructed
1785971750225,2,1610000,16,reconstructed
1785971750338,2,1610000,14,reconstructed
1785971750660,2,1610000,3,reconstructed
1785971751093,2,1609000,32,reconstructed
1785971751410,2,1608000,17,reconstructed
1785971751893,2,1610000,4,reconstructed
1785971752750,2,1611000,11,reconstructed
1785971752854,2,1608000,74,reconstructed
1785971753324,2,1608000,10,reconstructed
1785971753981,2,1610000,6,reconstructed
1785971754179,2,1611000,67,reconstructed
1785971756863,2,1613000,15,reconstructed
1785971757161,2,1611000,14,reconstructed
1785971757265,2,1614000,10,reconstructed
1785971760709,2,1616000,12,reconstructed
1785971760883,2,1617000,35,reconstructed
1785971761869,2,1618000,24,reconstructed
1785971761989,2,1611000,34,reconstructed
1785971763032,2,1611000,10,reconstructed
1785971763182,2,1611000,12,reconstructed
1785971763536,2,1611000,48,reconstructed
1785971765107,2,1610000,11,reconstructed
1785971766149,2,1610000,12,reconstructed
1785971766240,2,1611000,29,reconstructed
1785971767018,2,1611000,46,reconstructed
1785971767321,2,1610000,4,reconstructed
1785971767865,2,1607000,26,reconstructed
1785971772080,2,1608000,179,reconstructed
1785971773968,2,1605000,36,reconstructed
1785971774377,2,1606000,16,reconstructed
1785971774759,2,1604000,17,reconstructed
1785971777020,2,1605000,92,reconstructed
1785971780304,2,1606000,32,reconstructed
1785971781381,2,1606000,27,reconstructed
1785971781786,2,1606000,24,reconstructed
1785971781857,2,1607000,25,reconstructed
1785971783421,2,1606000,12,reconstructed
1785971785683,2,1608000,17,reconstructed
1785971786704,2,1611000,10,reconstructed
1785971786817,2,1610000,17,reconstructed
1785971788588,2,1612000,31,reconstructed
1785971788715,2,1614000,18,reconstructed
1785971788720,2,1612000,6,reconstructed
1785971788916,2,1615000,10,reconstructed
1785971789338,2,1615000,9,reconstructed
1785971789966,2,1615000,35,reconstructed
1785971790090,2,1609000,8,reconstructed
1785971791993,2,1608000,71,reconstructed
1785971792098,2,1607000,43,reconstructed
1785971792372,2,1607000,13,reconstructed
1785971792876,2,1609000,25,reconstructed
1785971793768,2,1609000,35,reconstructed
1785971794251,2,1610000,79,reconstructed
1785971795943,2,1609000,32,reconstructed
1785971796462,2,1609000,9,reconstructed
1785971798447,2,1610000,28,reconstructed
1785971799123,2,1605000,36,reconstructed
1785971800675,2,1606000,18,reconstructed
1785971801917,2,1603000,10,reconstructed
1785971803508,2,1604000,15,reconstructed
1785971803792,2,1605000,32,reconstructed
1785971804229,2,1605000,75,reconstructed
1785971804398,2,1605000,6,reconstructed
1785971804551,2,1610000,5,reconstructed
1785971804593,2,1607000,14,reconstructed
1785971806009,2,1607000,6,reconstructed
1785971806800,2,1608000,9,reconstructed
1785971806950,2,1609000,29,reconstructed
1785971808068,2,1609000,57,reconstructed
1785971808454,2,1608000,56,reconstructed
1785971809566,2,1611000,25,reconstructed
1785971809983,2,1614000,18,reconstructed
1785971810759,2,1611000,19,reconstructed
1785971811369,2,1612000,29,reconstructed
1785971814087,2,1615000,10,reconstructed
1785971814811,2,1613000,41,reconstructed
1785971815110,2,1613000,26,reconstructed
1785971816399,2,1611000,50,reconstructed
1785971817641,2,1610000,10,reconstructed
1785971817884,2,1604000,6,reconstructed
1785971817922,2,1604000,15,reconstructed
1785971818833,2,1604000,17,reconstructed
1785971818922,2,1603000,25,reconstructed
1785971819776,2,1602000,9,reconstructed
1785971821335,2,1603000,27,reconstructed
1785971822582,2,1604000,23,reconstructed
1785971822682,2,1603000,58,reconstructed
1785971823697,2,1601000,10,reconstructed
1785971825219,2,1605000,17,reconstructed
1785971825568,2,1605000,19,reconstructed
1785971827808,2,1607000,11,reconstructed
1785971830531,2,1607000,11,reconstructed
1785971830599,2,1607000,61,reconstructed
1785971831028,2,1603000,47,reconstructed
1785971831822,2,1603000,12,reconstructed
1785971832020,2,1602000,17,reconstructed
1785971832493,2,1602000,38,reconstructed
1785971833962,2,1601000,10,reconstructed
1785971833967,2,1604000,3,reconstructed
1785971834065,2,1604000,45,reconstructed
1785971834439,2,1607000,16,reconstructed
1785971834910,2,1605000,13,reconstructed
1785971836167,2,1606000,9,reconstructed
1785971836460,2,1608000,34,reconstructed
1785971836605,2,1609000,2,reconstructed
1785971836803,2,1611000,3,reconstructed
1785971838182,2,1611000,1,reconstructed
1785971838283,2,1610000,5,reconstructed
1785971839323,2,1608000,42,reconstructed
1785971839937,2,1610000,9,reconstructed
1785971840163,2,1609000,17,reconstructed
1785971841210,2,1611000,103,reconstructed
1785971842133,2,1609000,5,reconstructed
1785971842890,2,1611000,19,reconstructed
1785971842969,2,1609000,13,reconstructed
1785971843679,2,1609000,50,reconstructed
1785971843750,2,1609000,5,reconstructed
1785971844162,2,1607000,7,reconstructed
1785971847426,2,1607000,114,reconstructed
1785971847826,2,1608000,10,reconstructed
1785971848215,2,1607000,14,reconstructed
1785971848237,2,1610000,11,reconstructed
1785971848358,2,1607000,18,reconstructed
1785971848576,2,1607000,9,reconstructed
1785971848882,2,1607000,15,reconstructed
1785971849454,2,1608000,5,reconstructed
1785971849639,2,1611000,3,reconstructed
1785971850570,2,1610000,9,reconstructed
1785971850629,2,1611000,11,reconstructed
1785971851148,2,1613000,11,reconstructed
1785971852186,2,1612000,124,reconstructed
1785971852520,2,1613000,4,reconstructed
1785971853071,2,1613000,61,reconstructed
1785971853638,2,1616000,29,reconstructed
1785971854185,2,1618000,21,reconstructed
1785971855490,2,1616000,12,reconstructed
1785971855852,2,1614000,19,reconstructed
1785971855900,2,1611000,17,reconstructed
1785971856711,2,1608000,13,reconstructed
1785971857059,2,1607000,20,reconstructed
1785971860143,2,1606000,4,reconstructed
1785971860684,2,1608000,39,reconstructed
1785971861011,2,1608000,27,reconstructed
1785971861638,2,1608000,35,reconstructed
1785971861769,2,1606000,44,reconstructed
1785971862194,2,1605000,18,reconstructed
1785971863225,2,1606000,26,reconstructed
1785971863701,2,1604000,17,reconstructed
1785971863752,2,1605000,26,reconstructed
1785971864573,2,1602000,29,reconstructed
1785971866070,2,1603000,38,reconstructed
1785971866083,2,1604000,4,reconstructed
1785971866732,2,1604000,8,reconstructed
1785971867210,2,1607000,73,reconstructed
1785971868612,2,1611000,80,reconstructed
1785971868770,2,1610000,9,reconstructed
1785971868900,2,1608000,17,reconstructed
1785971869070,2,1607000,12,reconstructed
1785971870021,2,1605000,11,reconstructed
1785971870550,2,1607000,7,reconstructed
1785971870764,2,1608000,58,reconstructed
1785971871552,2,1609000,33,reconstructed
1785971871873,2,1605000,24,reconstructed
1785971872462,2,1608000,8,reconstructed
1785971872495,2,1607000,7,reconstructed
1785971872954,2,1607000,19,reconstructed
1785971875392,2,1606000,9,reconstructed
1785971877092,2,1606000,36,reconstructed
1785971877184,2,1606000,60,reconstructed
1785971877225,2,1608000,6,reconstructed
1785971878114,2,1611000,32,reconstructed
1785971878169,2,1613000,21,reconstructed
1785971878816,2,1614000,74,reconstructed
1785971879252,2,1618000,30,reconstructed
1785971879889,2,1615000,68,reconstructed
1785971880265,2,1616000,9,reconstructed
1785971880897,2,1618000,17,reconstructed
1785971882677,2,1621000,11,reconstructed
1785971883045,2,1620000,23,reconstructed
1785971883630,2,1618000,17,reconstructed
1785971883784,2,1614000,18,reconstructed
1785971883923,2,1612000,22,reconstructed
1785971884454,2,1613000,35,reconstructed
1785971885168,2,1612000,62,reconstructed
1785971887560,2,1612000,29,reconstructed
1785971888182,2,1612000,11,reconstructed
1785971888982,2,1613000,40,reconstructed
1785971889119,2,1612000,6,reconstructed
1785971889285,2,1613000,14,reconstructed
1785971889886,2,1613000,10,reconstructed
1785971890430,2,1611000,5,reconstructed
1785971890990,2,1612000,63,reconstructed
1785971891793,2,1612000,30,reconstructed
1785971892997,2,1611000,64,reconstructed
1785971893237,2,1612000,135,reconstructed
1785971894492,2,1609000,37,reconstructed
1785971894704,2,1611000,23,reconstructed
1785971895029,2,1614000,4,reconstructed
1785971896311,2,1610000,7,reconstructed
1785971896558,2,1610000,7,reconstructed
1785971896768,2,1610000,91,reconstructed
1785971896996,2,1609000,5,reconstructed
1785971897176,2,1611000,34,reconstructed
1785971897396,2,1608000,12,reconstructed
1785971897686,2,1608000,5,reconstructed
1785971898230,2,1609000,27,reconstructed
1785971898547,2,1612000,11,reconstructed
1785971900202,2,1610000,4,reconstructed
1785971900861,2,1609000,10,reconstructed
1785971902057,2,1611000,58,reconstructed
1785971902977,2,1612000,28,reconstructed
1785971904930,2,1612000,6,reconstructed
1785971905148,2,1612000,5,reconstructed
1785971905527,2,1609000,11,reconstructed
1785971905797,2,1608000,34,reconstructed
1785971905868,2,1607000,17,reconstructed
1785971906306,2,1608000,16,reconstructed
1785971906902,2,1612000,6,reconstructed
1785971907142,2,1612000,182,reconstructed
1785971907264,2,1611000,8,reconstructed
1785971907537,2,1608000,8,reconstructed
1785971908152,2,1611000,15,reconstructed
1785971909317,2,1612000,79,reconstructed
1785971909489,2,1608000,6,reconstructed
1785971910036,2,1608000,11,reconstructed
1785971910613,2,1612000,23,reconstructed
1785971911092,2,1611000,4,reconstructed
1785971912407,2,1615000,25,reconstructed
1785971912718,2,1613000,7,reconstructed
1785971912730,2,1611000,11,reconstructed
1785971913500,2,1612000,16,reconstructed
1785971914911,2,1613000,13,reconstructed
1785971915412,2,1612000,5,reconstructed
1785971915444,2,1610000,52,reconstructed
1785971916316,2,1609000,10,reconstructed
1785971917671,2,1613000,13,reconstructed
1785971917884,2,1616000,16,reconstructed
1785971917913,2,1614000,7,reconstructed
1785971918586,2,1615000,10,reconstructed
1785971918712,2,1615000,8,reconstructed
1785971919103,2,1613000,41,reconstructed
1785971919213,2,1609000,56,reconstructed
1785971919664,2,1611000,23,reconstructed
1785971920011,2,1613000,8,reconstructed
1785971920666,2,1613000,17,reconstructed
1785971920844,2,1614000,12,reconstructed
1785971921944,2,1610000,58,reconstructed
1785971922005,2,1610000,19,reconstructed
1785971922726,2,1613000,33,reconstructed
1785971923045,2,1615000,8,reconstructed
1785971923476,2,1614000,4,reconstructed
1785971923636,2,1613000,7,reconstructed
1785971925400,2,1615000,8,reconstructed
1785971926890,2,1609000,72,reconstructed
1785971927704,2,1608000,11,reconstructed
1785971927995,2,1608000,35,reconstructed
1785971928559,2,1607000,14,reconstructed
1785971928840,2,1609000,6,reconstructed
1785971929461,2,1609000,16,reconstructed
1785971929697,2,1607000,43,reconstructed
1785971930362,2,1609000,9,reconstructed
1785971930421,2,1610000,14,reconstructed
1785971931310,2,1611000,28,reconstructed
1785971935370,2,1608000,11,reconstructed
1785971937006,2,1607000,11,reconstructed
1785971937082,2,1609000,34,reconstructed
1785971937214,2,1608000,13,reconstructed
1785971937305,2,1606000,23,reconstructed
1785971937556,2,1607000,16,reconstructed
1785971938395,2,1607000,19,reconstructed
1785971939852,2,1607000,86,reconstructed
1785971940571,2,1604000,125,reconstructed
1785971942178,2,1604000,7,reconstructed
1785971942248,2,1610000,31,reconstructed
1785971942737,2,1608000,25,reconstructed
1785971942975,2,1610000,32,reconstructed
1785971943249,2,1608000,15,reconstructed
1785971944301,2,1607000,13,reconstructed
1785971945716,2,1606000,15,reconstructed
1785971946294,2,1606000,24,reconstructed
1785971946401,2,1607000,42,reconstructed
1785971947260,2,1608000,4,reconstructed
1785971947337,2,1605000,100,reconstructed
1785971947626,2,1605000,7,reconstructed
1785971948512,2,1605000,9,reconstructed
1785971948721,2,1608000,18,reconstructed
1785971948899,2,1609000,10,reconstructed
1785971949469,2,1610000,7,reconstructed
1785971949652,2,1608000,89,reconstructed
1785971950171,2,1608000,33,reconstructed
1785971950200,2,1609000,5,reconstructed
1785971951196,2,1609000,10,reconstructed
1785971951507,2,1606000,29,reconstructed
1785971951854,2,1606000,2,reconstructed
1785971951985,2,1607000,41,reconstructed
1785971952268,2,1607000,41,reconstructed
1785971952300,2,1610000,7,reconstructed
1785971952562,2,1610000,71,reconstructed
1785971952644,2,1610000,5,reconstructed
1785971953024,2,1607000,59,reconstructed
1785971953517,2,1611000,69,reconstructed
1785971954996,2,1610000,28,reconstructed
1785971955001,2,1610000,26,reconstructed
1785971956531,2,1608000,36,reconstructed
1785971956639,2,1606000,39,reconstructed
1785971956653,2,1606000,12,reconstructed
1785971957057,2,1609000,7,reconstructed
1785971958536,2,1609000,19,reconstructed
1785971958729,2,1609000,27,reconstructed
1785971961209,2,1611000,99,reconstructed
1785971961319,2,1613000,37,reconstructed
1785971962412,2,1612000,48,reconstructed
1785971962803,2,1611000,17,reconstructed
1785971963205,2,1615000,80,reconstructed
1785971965831,2,1615000,13,reconstructed
1785971966107,2,1611000,37,reconstructed
1785971966334,2,1607000,21,reconstructed
1785971966961,2,1608000,7,reconstructed
1785971967133,2,1607000,3,reconstructed
1785971967565,2,1605000,24,reconstructed
1785971968768,2,1604000,2,reconstructed
1785971968945,2,1605000,13,reconstructed
1785971969056,2,1606000,7,reconstructed
1785971970310,2,1606000,4,reconstructed
1785971971258,2,1603000,7,reconstructed
1785971971604,2,1604000,17,reconstructed
1785971971929,2,1602000,106,reconstructed
1785971972518,2,1603000,21,reconstructed
1785971972642,2,1603000,17,reconstructed
1785971973080,2,1605000,56,reconstructed
1785971973106,2,1603000,31,reconstructed
1785971974061,2,1603000,34,reconstructed
1785971974923,2,1603000,15,reconstructed
1785971974940,2,1605000,21,reconstructed
1785971976025,2,1608000,8,reconstructed
1785971976285,2,1610000,27,reconstructed
1785971976641,2,1608000,3,reconstructed
1785971977004,2,1609000,8,reconstructed
1785971978200,2,1608000,52,reconstructed
1785971978350,2,1605000,45,reconstructed
1785971979481,2,1607000,10,reconstructed
1785971979916,2,1610000,1,reconstructed
1785971980859,2,1609000,19,reconstructed
1785971981183,2,1611000,25,reconstructed
1785971982687,2,1616000,18,reconstructed
1785971982821,2,1612000,4,reconstructed
1785971984402,2,1609000,8,reconstructed
1785971984548,2,1605000,11,reconstructed
1785971985429,2,1606000,71,reconstructed
1785971985652,2,1604000,6,reconstructed
1785971986171,2,1609000,4,reconstructed
1785971986173,2,1608000,128,reconstructed
1785971986211,2,1605000,25,reconstructed
1785971986409,2,1606000,23,reconstructed
1785971986754,2,1604000,84,reconstructed
1785971987799,2,1605000,12,reconstructed
1785971987885,2,1606000,75,reconstructed
1785971988028,2,1607000,17,reconstructed
1785971990079,2,1611000,31,reconstructed
1785971990324,2,1611000,5,reconstructed
1785971990560,2,1609000,16,reconstructed
1785971990692,2,1605000,23,reconstructed
1785971991735,2,1602000,45,reconstructed
1785971992656,2,1603000,33,reconstructed
1785971994846,2,1606000,20,reconstructed
1785971994907,2,1604000,5,reconstructed
1785971996902,2,1603000,4,reconstructed
1785971998790,2,1602000,50,reconstructed
1785972000832,2,1603000,21,reconstructed
1785972001536,2,1604000,38,reconstructed
1785972001551,2,1604000,9,reconstructed
1785972001768,2,1604000,40,reconstructed
1785972002893,2,1603000,4,reconstructed
1785972003426,2,1606000,5,reconstructed
1785972004004,2,1607000,11,reconstructed
1785972004210,2,1608000,3,reconstructed
1785972007941,2,1612000,14,reconstructed
1785972008432,2,1611000,3,reconstructed
1785972008512,2,1609000,19,reconstructed
1785972012406,2,1607000,24,reconstructed
1785972012797,2,1609000,44,reconstructed
1785972013057,2,1609000,9,reconstructed
1785972013538,2,1609000,21,reconstructed
1785972014170,2,1609000,15,reconstructed
1785972014420,2,1610000,6,reconstructed
1785972014474,2,1613000,7,reconstructed
1785972015020,2,1613000,35,reconstructed
1785972015487,2,1614000,5,reconstructed
1785972016596,2,1612000,27,reconstructed
1785972016640,2,1614000,12,reconstructed
1785972017876,2,1613000,15,reconstructed
1785972018766,2,1614000,23,reconstructed
1785972019146,2,1612000,15,reconstructed
1785972020399,2,1609000,3,reconstructed
1785972020670,2,1609000,3,reconstructed
1785972021958,2,1609000,8,reconstructed
1785972022058,2,1609000,45,reconstructed
1785972022965,2,1608000,19,reconstructed
1785972023249,2,1609000,85,reconstructed
1785972023294,2,1610000,16,reconstructed
1785972025273,2,1607000,6,reconstructed
1785972025565,2,1610000,41,reconstructed
1785972026087,2,1612000,5,reconstructed
1785972026517,2,1620000,1,reconstructed
1785972026975,2,1619000,7,reconstructed
1785972027590,2,1616000,13,reconstructed
1785972029871,2,1619000,49,reconstructed
1785972030469,2,1618000,44,reconstructed
1785972031392,2,1616000,34,reconstructed
1785972031618,2,1616000,98,reconstructed
1785972031677,2,1612000,10,reconstructed
1785972032724,2,1609000,17,reconstructed
1785972032994,2,1612000,12,reconstructed
1785972033036,2,1610000,22,reconstructed
1785972033697,2,1608000,36,reconstructed
1785972034198,2,1607000,43,reconstructed
1785972034467,2,1607000,22,reconstructed
1785972035417,2,1608000,19,reconstructed
1785972035515,2,1612000,43,reconstructed
1785972035571,2,1612000,10,reconstructed
1785972036461,2,1613000,16,reconstructed
1785972036839,2,1613000,15,reconstructed
1785972038849,2,1610000,7,reconstructed
1785972039824,2,1612000,6,reconstructed
1785972040176,2,1611000,6,reconstructed
1785972040521,2,1611000,17,reconstructed
1785972040842,2,1607000,10,reconstructed
1785972041413,2,1608000,17,reconstructed
1785972043275,2,1608000,21,reconstructed
1785972043796,2,1608000,29,reconstructed
1785972044042,2,1610000,29,reconstructed
1785972044893,2,1613000,4,reconstructed
1785972045171,2,1614000,17,reconstructed
1785972045516,2,1612000,32,reconstructed
1785972046620,2,1615000,22,reconstructed
1785972046727,2,1614000,62,reconstructed
1785972047210,2,1610000,10,reconstructed
1785972047452,2,1607000,5,reconstructed
1785972047604,2,1603000,87,reconstructed
1785972047707,2,1605000,4,reconstructed
1785972049156,2,1607000,50,reconstructed
1785972050260,2,1608000,24,reconstructed
1785972051332,2,1608000,61,reconstructed
1785972052620,2,1607000,12,reconstructed
1785972053131,2,1607000,29,reconstructed
1785972055358,2,1608000,36,reconstructed
1785972055447,2,1606000,10,reconstructed
1785972056918,2,1607000,53,reconstructed
1785972057727,2,1608000,21,reconstructed
1785972058524,2,1606000,34,reconstructed
1785972058532,2,1607000,56,reconstructed
1785972058732,2,1604000,42,reconstructed
1785972058790,2,1606000,176,reconstructed
1785972058859,2,1606000,24,reconstructed
1785972058972,2,1604000,24,reconstructed
1785972059133,2,1608000,41,reconstructed
1785972059834,2,1608000,14,reconstructed
1785972060017,2,1608000,9,reconstructed
1785972060384,2,1606000,7,reconstructed
1785972060406,2,1607000,21,reconstructed
1785972060900,2,1610000,28,reconstructed
1785972061545,2,1607000,8,reconstructed
1785972061583,2,1607000,40,reconstructed
1785972061634,2,1607000,37,reconstructed
1785972062060,2,1607000,3,reconstructed
1785972062931,2,1609000,52,reconstructed
1785972063000,2,1607000,51,reconstructed
1785972063204,2,1607000,6,reconstructed
1785972063446,2,1607000,4,reconstructed
1785972063886,2,1608000,26,reconstructed
1785972063954,2,1609000,8,reconstructed
1785972064257,2,1608000,22,reconstructed
1785972064511,2,1609000,3,reconstructed
1785972066202,2,1605000,63,reconstructed
1785972067164,2,1606000,1,reconstructed
1785972067264,2,1606000,48,reconstructed
1785972067937,2,1608000,44,reconstructed
1785972068233,2,1609000,147,reconstructed
1785972069610,2,1608000,8,reconstructed
1785972071603,2,1609000,14,reconstructed
1785972073062,2,1610000,28,reconstructed
1785972073295,2,1609000,6,reconstructed
1785972073673,2,1609000,109,reconstructed
1785972074429,2,1610000,18,reconstructed
1785972077517,2,1610000,25,reconstructed
1785972077550,2,1610000,7,reconstructed
1785972078281,2,1613000,25,reconstructed
1785972078587,2,1609000,23,reconstructed
1785972078760,2,1609000,28,reconstructed
1785972080370,2,1609000,19,reconstructed
1785972080548,2,1608000,47,reconstructed
1785972081130,2,1605000,7,reconstructed
1785972081797,2,1605000,46,reconstructed
1785972083135,2,1604000,26,reconstructed
1785972083369,2,1604000,38,reconstructed
1785972083869,2,1604000,9,reconstructed
1785972084794,2,1605000,5,reconstructed
1785972086024,2,1605000,17,reconstructed
1785972086548,2,1606000,23,reconstructed
1785972086825,2,1606000,27,reconstructed
1785972087248,2,1606000,8,reconstructed
1785972087469,2,1605000,28,reconstructed
1785972087670,2,1607000,13,reconstructed
1785972088582,2,1606000,13,reconstructed
1785972089858,2,1604000,13,reconstructed
1785972090396,2,1603000,51,reconstructed
1785972091225,2,1603000,6,reconstructed
1785972093461,2,1604000,5,reconstructed
1785972093648,2,1602000,28,reconstructed
1785972094193,2,1606000,176,reconstructed
1785972094897,2,1603000,8,reconstructed
1785972094919,2,1603000,20,reconstructed
1785972094955,2,1603000,77,reconstructed
1785972098338,2,1605000,21,reconstructed
1785972098563,2,1604000,12,reconstructed
1785972099325,2,1606000,22,reconstructed
1785972100127,2,1604000,51,reconstructed
1785972100209,2,1601000,11,reconstructed
1785972100947,2,1604000,7,reconstructed
1785972101821,2,1603000,15,reconstructed
1785972102517,2,1605000,45,reconstructed
1785972103436,2,1605000,12,reconstructed
1785972104138,2,1608000,25,reconstructed
1785972105207,2,1609000,29,reconstructed
1785972105575,2,1607000,34,reconstructed
1785972106602,2,1607000,20,reconstructed
1785972106688,2,1608000,26,reconstructed
1785972106701,2,1608000,6,reconstructed
1785972106883,2,1610000,7,reconstructed
1785972106963,2,1611000,7,reconstructed
1785972107048,2,1612000,5,reconstructed
1785972107516,2,1611000,65,reconstructed
1785972107636,2,1613000,7,reconstructed
1785972108320,2,1610000,124,reconstructed
1785972108506,2,1607000,55,reconstructed
1785972110326,2,1606000,67,reconstructed
1785972112606,2,1602000,46,reconstructed
1785972112721,2,1603000,55,reconstructed
1785972114185,2,1603000,8,reconstructed
1785972114252,2,1603000,203,reconstructed
1785972116019,2,1604000,10,reconstructed
1785972116283,2,1604000,48,reconstructed
1785972117374,2,1607000,22,reconstructed
1785972117678,2,1608000,17,reconstructed
1785972118186,2,1608000,10,reconstructed
1785972118287,2,1612000,12,reconstructed
1785972119431,2,1607000,25,reconstructed
1785972119447,2,1608000,12,reconstructed
1785972119741,2,1607000,18,reconstructed
1785972119981,2,1607000,11,reconstructed
1785972120462,2,1609000,43,reconstructed
1785972120465,2,1611000,16,reconstructed
1785972120641,2,1610000,29,reconstructed
1785972123427,2,1611000,45,reconstructed
1785972124004,2,1612000,12,reconstructed
1785972124443,2,1612000,38,reconstructed
1785972124891,2,1613000,28,reconstructed
1785972125314,2,1617000,7,reconstructed
1785972125456,2,1617000,8,reconstructed
1785972127148,2,1617000,11,reconstructed
1785972127285,2,1615000,7,reconstructed
1785972127998,2,1616000,24,reconstructed
1785972128023,2,1614000,23,reconstructed
1785972128162,2,1612000,26,reconstructed
1785972128755,2,1612000,17,reconstructed
1785972128961,2,1611000,49,reconstructed
1785972128992,2,1609000,26,reconstructed
1785972129045,2,1610000,8,reconstructed
1785972129238,2,1608000,39,reconstructed
1785972129458,2,1603000,26,reconstructed
1785972129974,2,1605000,28,reconstructed
1785972129996,2,1606000,89,reconstructed
1785972130282,2,1607000,15,reconstructed
1785972130501,2,1609000,14,reconstructed
1785972130560,2,1611000,32,reconstructed
1785972130959,2,1609000,127,reconstructed
1785972131373,2,1607000,32,reconstructed
1785972131721,2,1607000,106,reconstructed
1785972132061,2,1602000,16,reconstructed
1785972132066,2,1605000,17,reconstructed
1785972132400,2,1604000,57,reconstructed
1785972132516,2,1605000,28,reconstructed
1785972132632,2,1606000,50,reconstructed
1785972133420,2,1608000,18,reconstructed
1785972133614,2,1606000,6,reconstructed
1785972133902,2,1605000,22,reconstructed
1785972134205,2,1607000,26,reconstructed
1785972134250,2,1605000,21,reconstructed
1785972135241,2,1606000,6,reconstructed
1785972136000,2,1605000,23,reconstructed
1785972136378,2,1606000,19,reconstructed
1785972136909,2,1605000,16,reconstructed
1785972137154,2,1601000,4,reconstructed
1785972137353,2,1602000,31,reconstructed
1785972137553,2,1606000,19,reconstructed
1785972137569,2,1604000,29,reconstructed
1785972137795,2,1605000,6,reconstructed
1785972138359,2,1605000,7,reconstructed
1785972138448,2,1604000,13,reconstructed
1785972138778,2,1604000,24,reconstructed
1785972139675,2,1606000,32,reconstructed
1785972139774,2,1605000,56,reconstructed
1785972139806,2,1603000,2,reconstructed
1785972140170,2,1605000,21,reconstructed
1785972140284,2,1607000,9,reconstructed
1785972140472,2,1604000,1,reconstructed
1785972140652,2,1603000,25,reconstructed
1785972142104,2,1605000,22,reconstructed
1785972142843,2,1606000,2,reconstructed
1785972144312,2,1606000,9,reconstructed
1785972144584,2,1604000,10,reconstructed
1785972144969,2,1604000,9,reconstructed
1785972145484,2,1606000,7,reconstructed
1785972145679,2,1609000,49,reconstructed
1785972146127,2,1610000,32,reconstructed
1785972146861,2,1607000,12,reconstructed
1785972147444,2,1606000,11,reconstructed
1785972148615,2,1605000,128,reconstructed
1785972148921,2,1603000,8,reconstructed
1785972149031,2,1600000,41,reconstructed
1785972149311,2,1599000,35,reconstructed
1785972149414,2,1603000,30,reconstructed
1785972149453,2,1604000,22,reconstructed
1785972149789,2,1604000,10,reconstructed
1785972150977,2,1606000,34,reconstructed
1785972151428,2,1604000,49,reconstructed
1785972152526,2,1603000,21,reconstructed
1785972152776,2,1604000,13,reconstructed
1785972154403,2,1608000,32,reconstructed
1785972155179,2,1607000,26,reconstructed
1785972155634,2,1607000,22,reconstructed
1785972155667,2,1604000,109,reconstructed
1785972155895,2,1603000,18,reconstructed
1785972156312,2,1604000,21,reconstructed
1785972157209,2,1606000,14,reconstructed
1785972157613,2,1607000,6,reconstructed
1785972157811,2,1608000,6,reconstructed
1785972158355,2,1607000,14,reconstructed
1785972158953,2,1606000,9,reconstructed
1785972159763,2,1608000,2,reconstructed
1785972159996,2,1607000,9,reconstructed
1785972160767,2,1608000,47,reconstructed
1785972160944,2,1606000,15,reconstructed
1785972161255,2,1607000,1,reconstructed
1785972161740,2,1602000,18,reconstructed
1785972161855,2,1606000,20,reconstructed
1785972163053,2,1605000,12,reconstructed
1785972163185,2,1607000,14,reconstructed
1785972164184,2,1608000,42,reconstructed
1785972164991,2,1604000,39,reconstructed
1785972165253,2,1606000,133,reconstructed
1785972165889,2,1608000,80,reconstructed
1785972165894,2,1603000,18,reconstructed
1785972166399,2,1604000,7,reconstructed
1785972166587,2,1605000,6,reconstructed
1785972167091,2,1605000,80,reconstructed
1785972167524,2,1604000,17,reconstructed
1785972168067,2,1601000,81,reconstructed
1785972168379,2,1605000,72,reconstructed
1785972168447,2,1605000,3,reconstructed
1785972168667,2,1605000,10,reconstructed
1785972170363,2,1604000,59,reconstructed
1785972170694,2,1601000,5,reconstructed
1785972170840,2,1601000,15,reconstructed
1785972170958,2,1606000,14,reconstructed
1785972172753,2,1606000,9,reconstructed
1785972172765,2,1606000,7,reconstructed
1785972172956,2,1603000,14,reconstructed
1785972172981,2,1605000,3,reconstructed
1785972173527,2,1605000,5,reconstructed
1785972175760,2,1604000,9,reconstructed
1785972175879,2,1605000,9,reconstructed
1785972176524,2,1605000,11,reconstructed
1785972176855,2,1602000,55,reconstructed
1785972177832,2,1606000,129,reconstructed
1785972177981,2,1608000,40,reconstructed
1785972178612,2,1604000,14,reconstructed
1785972178695,2,1604000,13,reconstructed
1785972179841,2,1607000,18,reconstructed
1785972180759,2,1604000,26,reconstructed
1785972181917,2,1604000,11,reconstructed
1785972182203,2,1599000,11,reconstructed
1785972182221,2,1601000,34,reconstructed
1785972182338,2,1603000,3,reconstructed
1785972182856,2,1604000,11,reconstructed
1785972183251,2,1608000,13,reconstructed
1785972184650,2,1613000,6,reconstructed
1785972184818,2,1613000,21,reconstructed
1785972186576,2,1609000,2,reconstructed
1785972186883,2,1608000,37,reconstructed
1785972187710,2,1608000,13,reconstructed
1785972188047,2,1610000,24,reconstructed
1785972188690,2,1606000,18,reconstructed
1785972188829,2,1607000,13,reconstructed
1785972189761,2,1608000,6,reconstructed
1785972190230,2,1611000,5,reconstructed
1785972191150,2,1610000,32,reconstructed
1785972191336,2,1608000,15,reconstructed
1785972191683,2,1612000,19,reconstructed
1785972191735,2,1615000,31,reconstructed
1785972192271,2,1611000,14,reconstructed
1785972193072,2,1613000,17,reconstructed
1785972193461,2,1614000,32,reconstructed
1785972194300,2,1614000,11,reconstructed
1785972194686,2,1614000,11,reconstructed
1785972194733,2,1614000,9,reconstructed
1785972196764,2,1611000,35,reconstructed
1785972196981,2,1611000,108,reconstructed
1785972197324,2,1607000,13,reconstructed
1785972199471,2,1609000,32,reconstructed
1785972201533,2,1610000,11,reconstructed
1785972203912,2,1610000,19,reconstructed
1785972204327,2,1612000,24,reconstructed
1785972204680,2,1612000,4,reconstructed
1785972205308,2,1614000,60,reconstructed
1785972205482,2,1616000,26,reconstructed
1785972206054,2,1613000,21,reconstructed
1785972206701,2,1616000,10,reconstructed
1785972206851,2,1615000,8,reconstructed
1785972207306,2,1612000,72,reconstructed
1785972207735,2,1611000,25,reconstructed
1785972207833,2,1609000,18,reconstructed
1785972207942,2,1611000,3,reconstructed
1785972209048,2,1611000,18,reconstructed
1785972209057,2,1608000,18,reconstructed
1785972209588,2,1607000,10,reconstructed
1785972210009,2,1607000,23,reconstructed
1785972210624,2,1605000,7,reconstructed
1785972211159,2,1603000,14,reconstructed
1785972211310,2,1606000,67,reconstructed
1785972212101,2,1607000,23,reconstructed
1785972212715,2,1607000,25,reconstructed
1785972212723,2,1607000,108,reconstructed
1785972213353,2,1608000,19,reconstructed
1785972213577,2,1606000,17,reconstructed
1785972215261,2,1607000,1,reconstructed
1785972216391,2,1610000,104,reconstructed
1785972217719,2,1609000,52,reconstructed
1785972218013,2,1606000,3,reconstructed
1785972218507,2,1606000,15,reconstructed
1785972219345,2,1604000,25,reconstructed
1785972220134,2,1603000,11,reconstructed
1785972220273,2,1605000,40,reconstructed
1785972222101,2,1604000,27,reconstructed
1785972222700,2,1605000,16,reconstructed
1785972222892,2,1605000,5,reconstructed
1785972222904,2,1605000,7,reconstructed
1785972223431,2,1606000,55,reconstructed
1785972224598,2,1610000,4,reconstructed
1785972224677,2,1611000,70,reconstructed
1785972225661,2,1609000,19,reconstructed
1785972226070,2,1608000,10,reconstructed
1785972226425,2,1606000,18,reconstructed
1785972228978,2,1605000,52,reconstructed
1785972229114,2,1605000,3,reconstructed
1785972229184,2,1606000,26,reconstructed
1785972229217,2,1605000,87,reconstructed
1785972230641,2,1604000,34,reconstructed
1785972231093,2,1605000,4,reconstructed
1785972231758,2,1607000,16,reconstructed
1785972231855,2,1607000,9,reconstructed
1785972233798,2,1605000,4,reconstructed
1785972234391,2,1606000,82,reconstructed
1785972234548,2,1606000,7,reconstructed
1785972234940,2,1606000,36,reconstructed
1785972235187,2,1605000,31,reconstructed
1785972236586,2,1605000,7,reconstructed
1785972236787,2,1603000,5,reconstructed
1785972236985,2,1603000,3,reconstructed
1785972237016,2,1605000,11,reconstructed
1785972237113,2,1608000,39,reconstructed
1785972238003,2,1610000,5,reconstructed
1785972239129,2,1609000,4,reconstructed
1785972239553,2,1609000,49,reconstructed
1785972239754,2,1611000,63,reconstructed
1785972239948,2,1606000,8,reconstructed
1785972240712,2,1604000,49,reconstructed
1785972240889,2,1601000,17,reconstructed
1785972241344,2,1601000,13,reconstructed
1785972241569,2,1601000,35,reconstructed
1785972242559,2,1601000,28,reconstructed
1785972242643,2,1601000,34,reconstructed
1785972242852,2,1600000,16,reconstructed
1785972243705,2,1603000,8,reconstructed
1785972243743,2,1604000,34,reconstructed
1785972244935,2,1603000,9,reconstructed
1785972245488,2,1603000,15,reconstructed
1785972246255,2,1603000,15,reconstructed
1785972246376,2,1604000,44,reconstructed
1785972247408,2,1603000,14,reconstructed
1785972248669,2,1602000,6,reconstructed
1785972250499,2,1602000,22,reconstructed
1785972250539,2,1600000,17,reconstructed
1785972252623,2,1602000,20,reconstructed
1785972253084,2,1606000,35,reconstructed
1785972254088,2,1605000,19,reconstructed
1785972254256,2,1605000,17,reconstructed
1785972256164,2,1605000,148,reconstructed
1785972256466,2,1607000,14,reconstructed
1785972256529,2,1609000,27,reconstructed
1785972259299,2,1611000,41,reconstructed
1785972259488,2,1613000,10,reconstructed
1785972259840,2,1612000,29,reconstructed
1785972260256,2,1612000,8,reconstructed
1785972260786,2,1614000,12,reconstructed
1785972261132,2,1613000,28,reconstructed
1785972261675,2,1615000,40,reconstructed
1785972262106,2,1615000,22,reconstructed
1785972262315,2,1612000,19,reconstructed
1785972262557,2,1608000,6,reconstructed
1785972263036,2,1608000,51,reconstructed
1785972264301,2,1605000,10,reconstructed
1785972266094,2,1604000,36,reconstructed
1785972266170,2,1606000,19,reconstructed
1785972267616,2,1604000,23,reconstructed
1785972268132,2,1605000,61,reconstructed
1785972270363,2,1601000,14,reconstructed
1785972270686,2,1600000,23,reconstructed
1785972271101,2,1601000,16,reconstructed
1785972271595,2,1603000,13,reconstructed
1785972271715,2,1601000,18,reconstructed
1785972273724,2,1603000,5,reconstructed
1785972275163,2,1605000,8,reconstructed
1785972275761,2,1603000,83,reconstructed
1785972276703,2,1602000,10,reconstructed
1785972277101,2,1604000,40,reconstructed
1785972277497,2,1604000,25,reconstructed
1785972277763,2,1606000,8,reconstructed
1785972278210,2,1606000,11,reconstructed
1785972280508,2,1603000,11,reconstructed
1785972283109,2,1605000,13,reconstructed
1785972283120,2,1606000,75,reconstructed
1785972283213,2,1609000,7,reconstructed
1785972283657,2,1610000,69,reconstructed
1785972283823,2,1610000,10,reconstructed
1785972287791,2,1610000,8,reconstructed
1785972289506,2,1610000,9,reconstructed
1785972289775,2,1614000,58,reconstructed
1785972290133,2,1613000,41,reconstructed
1785972290348,2,1612000,146,reconstructed
1785972290351,2,1612000,5,reconstructed
1785972290401,2,1611000,44,reconstructed
1785972290528,2,1608000,26,reconstructed
1785972290692,2,1608000,34,reconstructed
1785972291345,2,1607000,22,reconstructed
1785972291998,2,1611000,26,reconstructed
1785972293458,2,1613000,39,reconstructed
1785972293589,2,1615000,16,reconstructed
1785972294192,2,1615000,11,reconstructed
1785972294400,2,1618000,3,reconstructed
1785972295080,2,1616000,35,reconstructed
1785972295165,2,1616000,17,reconstructed
1785972295184,2,1615000,14,reconstructed
1785972295595,2,1615000,6,reconstructed
1785972296266,2,1615000,42,reconstructed
1785972297157,2,1612000,44,reconstructed
1785972297432,2,1612000,6,reconstructed
1785972298466,2,1613000,49,reconstructed
1785972299157,2,1614000,38,reconstructed
1785972300546,2,1611000,14,reconstructed
1785972300560,2,1609000,16,reconstructed
1785972300706,2,1610000,10,reconstructed
1785972301907,2,1611000,39,reconstructed
1785972302047,2,1609000,16,reconstructed
1785972303131,2,1608000,4,reconstructed
1785972304167,2,1607000,4,reconstructed
1785972307627,2,1610000,5,reconstructed
1785972307651,2,1611000,11,reconstructed
1785972308025,2,1607000,22,reconstructed
1785972308039,2,1608000,103,reconstructed
1785972308162,2,1610000,13,reconstructed
1785972308318,2,1609000,22,reconstructed
1785972308546,2,1606000,2,reconstructed
1785972309095,2,1604000,22,reconstructed
1785972309477,2,1602000,14,reconstructed
1785972309908,2,1603000,7,reconstructed
1785972310886,2,1607000,52,reconstructed
1785972311890,2,1605000,29,reconstructed
1785972312671,2,1604000,8,reconstructed
1785972313011,2,1602000,4,reconstructed
1785972313359,2,1602000,6,reconstructed
1785972313729,2,1601000,11,reconstructed
1785972315269,2,1603000,170,reconstructed
1785972315706,2,1600000,27,reconstructed
1785972315839,2,1601000,5,reconstructed
1785972315917,2,1603000,66,reconstructed
1785972316252,2,1604000,39,reconstructed
1785972316554,2,1607000,10,reconstructed
1785972318017,2,1607000,17,reconstructed
1785972319241,2,1606000,40,reconstructed
1785972319317,2,1607000,6,reconstructed
1785972320146,2,1606000,51,reconstructed
1785972320252,2,1606000,7,reconstructed
1785972320384,2,1605000,8,reconstructed
1785972320738,2,1604000,5,reconstructed
1785972320871,2,1604000,53,reconstructed
1785972321892,2,1606000,10,reconstructed
1785972324060,2,1606000,37,reconstructed
1785972324324,2,1609000,134,reconstructed
1785972325060,2,1608000,13,reconstructed
1785972326164,2,1609000,7,reconstructed
1785972326358,2,1606000,19,reconstructed
1785972326381,2,1606000,15,reconstructed
1785972326830,2,1606000,4,reconstructed
1785972327784,2,1607000,11,reconstructed
1785972328818,2,1603000,48,reconstructed
1785972331830,2,1605000,38,reconstructed
1785972331835,2,1606000,8,reconstructed
1785972331852,2,1605000,5,reconstructed
1785972332284,2,1603000,31,reconstructed
1785972332444,2,1606000,47,reconstructed
1785972332905,2,1607000,12,reconstructed
1785972333186,2,1606000,23,reconstructed
1785972333778,2,1606000,8,reconstructed
1785972334611,2,1605000,122,reconstructed
1785972336788,2,1604000,7,reconstructed
1785972337470,2,1604000,42,reconstructed
1785972337992,2,1603000,4,reconstructed
1785972338041,2,1602000,23,reconstructed
1785972338431,2,1603000,11,reconstructed
1785972338935,2,1603000,27,reconstructed
1785972341547,2,1600000,45,reconstructed
1785972343296,2,1602000,7,reconstructed
1785972343320,2,1606000,79,reconstructed
1785972343346,2,1608000,5,reconstructed
1785972343758,2,1606000,18,reconstructed
1785972344210,2,1610000,76,reconstructed
1785972344452,2,1608000,21,reconstructed
1785972344565,2,1607000,7,reconstructed
1785972345055,2,1605000,11,reconstructed
1785972345141,2,1606000,61,reconstructed
1785972346109,2,1605000,76,reconstructed
1785972346891,2,1608000,27,reconstructed
1785972347130,2,1608000,91,reconstructed
1785972348316,2,1607000,7,reconstructed
1785972348651,2,1610000,14,reconstructed
1785972348741,2,1607000,21,reconstructed
1785972349726,2,1609000,9,reconstructed
1785972352346,2,1611000,14,reconstructed
1785972352516,2,1611000,38,reconstructed
1785972353102,2,1611000,4,reconstructed
1785972353585,2,1610000,48,reconstructed
1785972354247,2,1609000,204,reconstructed
1785972355869,2,1609000,9,reconstructed
1785972356920,2,1612000,34,reconstructed
1785972357762,2,1611000,12,reconstructed
1785972358032,2,1609000,215,reconstructed
1785972358673,2,1609000,13,reconstructed
1785972359842,2,1609000,7,reconstructed
1785972361014,2,1607000,22,reconstructed
1785972361314,2,1603000,23,reconstructed
1785972361332,2,1605000,22,reconstructed
1785972361509,2,1603000,18,reconstructed
1785972361766,2,1605000,13,reconstructed
1785972361868,2,1603000,8,reconstructed
1785972362438,2,1604000,34,reconstructed
1785972362459,2,1604000,23,reconstructed
1785972362466,2,1607000,29,reconstructed
1785972362739,2,1609000,22,reconstructed
1785972362786,2,1609000,83,reconstructed
1785972363285,2,1610000,29,reconstructed
1785972363705,2,1611000,124,reconstructed
1785972364950,2,1614000,9,reconstructed
1785972365103,2,1612000,11,reconstructed
1785972365130,2,1610000,44,reconstructed
1785972365276,2,1609000,5,reconstructed
1785972365818,2,1607000,3,reconstructed
1785972366966,2,1608000,17,reconstructed
1785972367283,2,1607000,11,reconstructed
1785972369580,2,1610000,26,reconstructed
1785972370006,2,1610000,5,reconstructed
1785972373145,2,1608000,82,reconstructed
1785972375853,2,1609000,7,reconstructed
1785972376683,2,1612000,13,reconstructed
1785972376790,2,1614000,43,reconstructed
1785972377160,2,1616000,11,reconstructed
1785972377203,2,1614000,31,reconstructed
1785972377817,2,1609000,65,reconstructed
1785972379028,2,1608000,16,reconstructed
1785972379717,2,1611000,16,reconstructed
1785972379851,2,1613000,24,reconstructed
1785972381198,2,1610000,12,reconstructed
1785972381436,2,1614000,25,reconstructed
1785972381460,2,1614000,13,reconstructed
1785972381813,2,1615000,24,reconstructed
1785972384419,2,1613000,107,reconstructed
1785972384423,2,1614000,23,reconstructed
1785972384514,2,1617000,8,reconstructed
1785972385959,2,1616000,7,reconstructed
1785972390192,2,1618000,48,reconstructed
1785972391161,2,1616000,2,reconstructed
1785972391775,2,1613000,73,reconstructed
1785972391918,2,1616000,10,reconstructed
1785972392204,2,1616000,22,reconstructed
1785972392416,2,1616000,82,reconstructed
1785972392908,2,1613000,18,reconstructed
1785972393307,2,1611000,52,reconstructed
1785972393461,2,1612000,24,reconstructed
1785972395333,2,1611000,5,reconstructed
1785972395659,2,1610000,21,reconstructed
1785972396150,2,1608000,18,reconstructed
1785972396294,2,1607000,11,reconstructed
1785972396701,2,1606000,83,reconstructed
1785972397571,2,1606000,4,reconstructed
1785972397635,2,1607000,8,reconstructed
1785972398160,2,1606000,10,reconstructed
1785972399092,2,1608000,26,reconstructed
1785972399133,2,1607000,27,reconstructed
1785972399424,2,1607000,22,reconstructed
1785972402620,2,1608000,11,reconstructed
1785972402866,2,1610000,34,reconstructed
1785972403590,2,1609000,2,reconstructed
1785972403849,2,1607000,44,reconstructed
1785972403884,2,1610000,104,reconstructed
1785972403904,2,1608000,11,reconstructed
1785972404381,2,1607000,51,reconstructed
1785972405223,2,1605000,81,reconstructed
1785972405561,2,1608000,21,reconstructed
1785972407913,2,1605000,4,reconstructed
1785972409529,2,1605000,8,reconstructed
1785972411428,2,1607000,6,reconstructed
1785972411458,2,1607000,33,reconstructed
1785972412368,2,1609000,9,reconstructed
1785972412762,2,1611000,55,reconstructed
1785972413639,2,1612000,36,reconstructed
1785972414360,2,1612000,5,reconstructed
1785972414421,2,1611000,35,reconstructed
1785972414870,2,1612000,38,reconstructed
1785972415173,2,1611000,10,reconstructed
1785972415706,2,1612000,10,reconstructed
1785972416381,2,1612000,7,reconstructed
1785972416692,2,1612000,12,reconstructed
1785972417031,2,1613000,5,reconstructed
1785972419414,2,1613000,38,reconstructed
1785972419505,2,1609000,30,reconstructed
1785972421382,2,1608000,6,reconstructed
1785972421458,2,1610000,28,reconstructed
1785972422018,2,1608000,8,reconstructed
1785972422019,2,1610000,5,reconstructed
1785972422404,2,1607000,17,reconstructed
1785972424542,2,1608000,20,reconstructed
1785972426233,2,1606000,19,reconstructed
1785972426292,2,1606000,17,reconstructed
1785972428303,2,1605000,15,reconstructed
1785972428369,2,1605000,8,reconstructed
1785972428395,2,1606000,39,reconstructed
1785972429073,2,1607000,12,reconstructed
1785972429403,2,1607000,18,reconstructed
1785972429778,2,1610000,13,reconstructed
1785972429812,2,1611000,15,reconstructed
1785972430104,2,1611000,10,reconstructed
1785972430142,2,1612000,11,reconstructed
1785972431918,2,1614000,27,reconstructed
1785972432626,2,1613000,109,reconstructed
1785972433071,2,1608000,3,reconstructed
1785972433867,2,1606000,9,reconstructed
1785972433987,2,1609000,37,reconstructed
1785972434011,2,1611000,12,reconstructed
1785972434894,2,1611000,33,reconstructed
1785972434988,2,1612000,78,reconstructed
1785972435949,2,1613000,29,reconstructed
1785972436303,2,1614000,5,reconstructed
1785972436335,2,1614000,4,reconstructed
1785972436410,2,1616000,10,reconstructed
1785972436717,2,1616000,12,reconstructed
1785972437175,2,1618000,14,reconstructed
1785972437693,2,1614000,12,reconstructed
1785972439274,2,1614000,28,reconstructed
1785972440509,2,1615000,28,reconstructed
1785972441092,2,1615000,53,reconstructed
1785972442044,2,1614000,24,reconstructed
1785972443056,2,1613000,8,reconstructed
1785972443100,2,1609000,10,reconstructed
1785972443119,2,1607000,37,reconstructed
1785972444623,2,1605000,48,reconstructed
1785972445663,2,1604000,27,reconstructed
1785972445723,2,1606000,17,reconstructed
1785972446939,2,1604000,6,reconstructed
1785972447858,2,1605000,17,reconstructed
1785972448790,2,1606000,12,reconstructed
1785972449791,2,1606000,5,reconstructed
1785972452502,2,1605000,9,reconstructed
1785972452752,2,1606000,2,reconstructed
1785972453458,2,1606000,3,reconstructed
1785972454325,2,1607000,42,reconstructed
1785972455519,2,1607000,7,reconstructed
1785972458347,2,1608000,19,reconstructed
1785972459359,2,1609000,8,reconstructed
1785972459466,2,1610000,29,reconstructed
1785972460070,2,1612000,12,reconstructed
1785972460249,2,1612000,24,reconstructed
1785972461005,2,1610000,15,reconstructed
1785972461436,2,1610000,57,reconstructed
1785972462143,2,1609000,3,reconstructed
1785972462505,2,1609000,21,reconstructed
1785972462708,2,1605000,20,reconstructed
1785972463227,2,1607000,17,reconstructed
1785972464133,2,1604000,5,reconstructed
1785972464325,2,1602000,37,reconstructed
1785972465097,2,1601000,24,reconstructed
1785972465112,2,1604000,11,reconstructed
1785972466007,2,1605000,11,reconstructed
1785972466574,2,1607000,6,reconstructed
1785972467483,2,1608000,8,reconstructed
1785972467934,2,1610000,18,reconstructed
1785972468047,2,1606000,67,reconstructed
1785972469089,2,1605000,23,reconstructed
1785972470391,2,1605000,6,reconstructed
1785972470513,2,1605000,13,reconstructed
1785972470822,2,1606000,19,reconstructed
1785972472274,2,1608000,4,reconstructed
1785972472953,2,1609000,25,reconstructed
1785972473514,2,1607000,7,reconstructed
1785972475471,2,1608000,35,reconstructed
1785972475531,2,1607000,17,reconstructed
1785972475612,2,1606000,1,reconstructed
1785972478941,2,1606000,12,reconstructed
1785972479986,2,1605000,34,reconstructed
1785972482771,2,1603000,80,reconstructed
1785972483315,2,1604000,51,reconstructed
1785972484139,2,1599000,79,reconstructed
1785972484515,2,1605000,83,reconstructed
1785972485155,2,1605000,14,reconstructed
1785972485667,2,1603000,16,reconstructed
1785972486378,2,1605000,14,reconstructed
1785972486619,2,1602000,9,reconstructed
1785972487067,2,1601000,60,reconstructed
1785972487669,2,1602000,55,reconstructed
1785972489427,2,1603000,5,reconstructed
1785972489882,2,1604000,28,reconstructed
1785972490762,2,1604000,23,reconstructed
1785972491303,2,1602000,12,reconstructed
1785972492887,2,1604000,57,reconstructed
1785972493193,2,1604000,24,reconstructed
1785972494927,2,1603000,46,reconstructed
1785972495330,2,1604000,8,reconstructed
1785972495702,2,1603000,4,reconstructed
1785972496940,2,1603000,23,reconstructed
1785972497961,2,1604000,14,reconstructed
1785972498528,2,1605000,70,reconstructed
1785972500023,2,1602000,32,reconstructed
1785972500452,2,1605000,8,reconstructed
1785972500851,2,1607000,11,reconstructed
1785972501334,2,1606000,9,reconstructed
1785972502361,2,1608000,23,reconstructed
1785972502454,2,1609000,23,reconstructed
1785972504393,2,1606000,22,reconstructed
1785972504772,2,1605000,7,reconstructed
1785972505117,2,1607000,94,reconstructed
1785972505643,2,1607000,28,reconstructed
1785972506001,2,1605000,29,reconstructed
1785972507908,2,1607000,108,reconstructed
1785972508365,2,1609000,4,reconstructed
1785972508573,2,1609000,24,reconstructed
1785972509229,2,1612000,19,reconstructed
1785972509436,2,1609000,23,reconstructed
1785972509976,2,1612000,4,reconstructed
1785972510183,2,1611000,7,reconstructed
1785972510311,2,1609000,4,reconstructed
1785972510729,2,1610000,10,reconstructed
1785972514729,2,1613000,15,reconstructed
1785972515157,2,1612000,7,reconstructed
1785972515703,2,1612000,19,reconstructed
1785972515971,2,1611000,16,reconstructed
1785972516664,2,1612000,4,reconstructed
1785972517112,2,1609000,9,reconstructed
1785972517684,2,1612000,18,reconstructed
1785972518009,2,1608000,66,reconstructed
1785972518438,2,1609000,12,reconstructed
1785972522309,2,1607000,36,reconstructed
1785972522859,2,1606000,14,reconstructed
1785972523717,2,1604000,20,reconstructed
1785972524526,2,1603000,24,reconstructed
1785972524834,2,1606000,16,reconstructed
1785972526114,2,1605000,9,reconstructed
1785972526667,2,1607000,26,reconstructed
1785972527237,2,1608000,22,reconstructed
1785972527372,2,1607000,43,reconstructed
1785972528297,2,1607000,12,reconstructed
1785972528401,2,1610000,70,reconstructed
1785972528783,2,1615000,26,reconstructed
1785972529208,2,1612000,8,reconstructed
1785972530116,2,1611000,3,reconstructed
1785972530474,2,1610000,35,reconstructed
1785972530658,2,1610000,5,reconstructed
1785972530725,2,1609000,22,reconstructed
1785972531913,2,1610000,15,reconstructed
1785972532261,2,1610000,4,reconstructed
1785972532621,2,1612000,84,reconstructed
1785972532697,2,1610000,48,reconstructed
1785972533435,2,1611000,8,reconstructed
1785972533662,2,1609000,21,reconstructed
1785972534203,2,1607000,14,reconstructed
1785972534240,2,1609000,6,reconstructed
1785972534695,2,1606000,26,reconstructed
1785972534995,2,1604000,197,reconstructed
1785972535839,2,1608000,88,reconstructed
1785972536275,2,1609000,21,reconstructed
1785972537746,2,1609000,11,reconstructed
1785972538283,2,1610000,15,reconstructed
1785972538296,2,1610000,20,reconstructed
1785972538451,2,1607000,11,reconstructed
1785972538707,2,1607000,25,reconstructed
1785972539036,2,1607000,9,reconstructed
1785972539180,2,1609000,22,reconstructed
1785972539269,2,1605000,9,reconstructed
1785972539438,2,1604000,18,reconstructed
1785972541377,2,1607000,4,reconstructed
1785972541724,2,1605000,27,reconstructed
1785972542628,2,1605000,12,reconstructed
1785972542972,2,1604000,18,reconstructed
1785972543340,2,1602000,65,reconstructed
1785972544471,2,1606000,22,reconstructed
1785972544928,2,1604000,73,reconstructed
1785972545391,2,1607000,23,reconstructed
1785972545864,2,1608000,18,reconstructed
1785972547813,2,1610000,8,reconstructed
1785972548559,2,1609000,9,reconstructed
1785972548733,2,1606000,40,reconstructed
1785972549529,2,1610000,12,reconstructed
1785972549861,2,1609000,40,reconstructed
1785972549894,2,1610000,6,reconstructed
1785972550187,2,1609000,15,reconstructed
1785972550266,2,1609000,37,reconstructed
1785972550756,2,1609000,12,reconstructed
1785972551958,2,1608000,23,reconstructed
1785972552246,2,1608000,54,reconstructed
1785972553400,2,1605000,6,reconstructed
1785972555420,2,1606000,34,reconstructed
1785972556267,2,1606000,14,reconstructed
1785972556554,2,1607000,24,reconstructed
1785972556916,2,1606000,14,reconstructed
1785972558391,2,1604000,13,reconstructed
1785972559154,2,1604000,27,reconstructed
1785972561487,2,1606000,18,reconstructed
1785972562272,2,1608000,30,reconstructed
1785972563093,2,1608000,83,reconstructed
1785972563118,2,1608000,4,reconstructed
1785972564124,2,1608000,19,reconstructed
1785972564311,2,1609000,21,reconstructed
1785972564690,2,1608000,35,reconstructed
1785972565421,2,1607000,20,reconstructed
1785972566517,2,1608000,21,reconstructed
1785972568357,2,1608000,24,reconstructed
1785972568655,2,1609000,18,reconstructed
1785972568997,2,1612000,8,reconstructed
1785972569724,2,1611000,73,reconstructed
1785972570154,2,1609000,41,reconstructed
1785972570162,2,1608000,71,reconstructed
1785972570218,2,1607000,35,reconstructed
1785972570254,2,1608000,29,reconstructed
1785972571705,2,1610000,27,reconstructed
1785972571801,2,1609000,98,reconstructed
1785972572076,2,1609000,9,reconstructed
1785972573271,2,1608000,7,reconstructed
1785972573689,2,1609000,40,reconstructed
1785972573773,2,1610000,21,reconstructed
1785972574205,2,1606000,10,reconstructed
1785972574287,2,1609000,26,reconstructed
1785972574289,2,1606000,13,reconstructed
1785972574373,2,1601000,21,reconstructed
1785972574619,2,1601000,200,reconstructed
1785972574733,2,1603000,45,reconstructed
1785972574922,2,1603000,23,reconstructed
1785972576201,2,1604000,8,reconstructed
1785972576270,2,1603000,17,reconstructed
1785972576617,2,1604000,10,reconstructed
1785972577611,2,1606000,13,reconstructed
1785972578111,2,1607000,28,reconstructed
1785972579107,2,1606000,79,reconstructed
1785972579775,2,1609000,7,reconstructed
1785972579788,2,1609000,33,reconstructed
1785972579865,2,1607000,22,reconstructed
1785972580462,2,1606000,5,reconstructed
1785972581353,2,1609000,4,reconstructed
1785972581407,2,1609000,11,reconstructed
1785972583149,2,1610000,34,reconstructed
1785972583150,2,1606000,39,reconstructed
1785972583857,2,1605000,31,reconstructed
1785972583864,2,1604000,12,reconstructed
1785972584033,2,1603000,7,reconstructed
1785972584590,2,1605000,17,reconstructed
1785972584740,2,1609000,32,reconstructed
1785972585212,2,1608000,28,reconstructed
1785972585688,2,1605000,47,reconstructed
1785972586472,2,1605000,3,reconstructed
1785972587230,2,1606000,8,reconstructed
1785972589643,2,1607000,32,reconstructed
1785972589755,2,1608000,14,reconstructed
1785972592133,2,1607000,2,reconstructed
1785972592536,2,1607000,2,reconstructed
1785972592940,2,1605000,94,reconstructed
1785972593301,2,1606000,37,reconstructed
1785972594449,2,1606000,8,reconstructed
1785972594574,2,1605000,10,reconstructed
1785972595054,2,1603000,1,reconstructed
1785972595587,2,1606000,157,reconstructed
1785972596356,2,1610000,7,reconstructed
1785972597189,2,1611000,10,reconstructed
1785972597345,2,1610000,7,reconstructed
1785972597503,2,1608000,4,reconstructed
1785972597591,2,1611000,30,reconstructed
1785972597947,2,1610000,25,reconstructed
1785972598012,2,1613000,24,reconstructed
1785972598356,2,1612000,3,reconstructed
1785972599013,2,1614000,87,reconstructed
1785972600541,2,1617000,6,reconstructed
1785972600993,2,1615000,63,reconstructed
1785972602339,2,1614000,13,reconstructed
1785972602679,2,1613000,36,reconstructed
1785972604417,2,1608000,13,reconstructed
1785972604688,2,1607000,16,reconstructed
1785972605184,2,1609000,4,reconstructed
1785972606747,2,1609000,24,reconstructed
1785972607535,2,1612000,103,reconstructed
1785972608275,2,1609000,3,reconstructed
1785972608604,2,1609000,6,reconstructed
1785972608669,2,1607000,6,reconstructed
1785972608924,2,1608000,120,reconstructed
1785972610362,2,1605000,21,reconstructed
1785972611287,2,1606000,7,reconstructed
1785972611468,2,1606000,74,reconstructed
1785972612111,2,1608000,5,reconstructed
1785972612973,2,1608000,2,reconstructed
1785972613009,2,1606000,11,reconstructed
1785972613652,2,1604000,2,reconstructed
1785972613705,2,1602000,31,reconstructed
1785972613907,2,1599000,5,reconstructed
1785972614364,2,1599000,39,reconstructed
1785972615469,2,1600000,30,reconstructed
1785972616087,2,1602000,22,reconstructed
1785972616233,2,1604000,6,reconstructed
1785972616985,2,1605000,5,reconstructed
1785972617148,2,1605000,2,reconstructed
1785972618125,2,1604000,26,reconstructed
1785972620597,2,1602000,33,reconstructed
1785972620721,2,1604000,16,reconstructed
1785972621427,2,1603000,24,reconstructed
1785972622742,2,1605000,17,reconstructed
1785972624238,2,1608000,34,reconstructed
1785972624347,2,1609000,14,reconstructed
1785972624930,2,1607000,51,reconstructed
1785972625176,2,1606000,3,reconstructed
1785972625863,2,1606000,40,reconstructed
1785972626410,2,1605000,58,reconstructed
1785972627217,2,1602000,4,reconstructed
1785972627378,2,1602000,25,reconstructed
1785972628178,2,1601000,56,reconstructed
1785972628657,2,1605000,6,reconstructed
1785972629203,2,1606000,11,reconstructed
1785972629226,2,1607000,12,reconstructed
1785972629904,2,1607000,40,reconstructed
1785972630899,2,1608000,33,reconstructed
1785972631346,2,1605000,15,reconstructed
1785972631605,2,1601000,6,reconstructed
1785972632987,2,1600000,11,reconstructed
1785972633047,2,1598000,5,reconstructed
1785972633078,2,1599000,35,reconstructed
1785972634388,2,1598000,8,reconstructed
1785972634497,2,1601000,22,reconstructed
1785972635956,2,1599000,4,reconstructed
1785972636333,2,1600000,9,reconstructed
1785972638588,2,1600000,51,reconstructed
1785972639225,2,1601000,9,reconstructed
1785972640300,2,1600000,18,reconstructed
1785972641349,2,1604000,66,reconstructed
1785972642218,2,1605000,23,reconstructed
1785972643368,2,1607000,8,reconstructed
1785972643522,2,1606000,5,reconstructed
1785972643958,2,1604000,105,reconstructed
1785972644289,2,1605000,8,reconstructed
1785972645059,2,1606000,42,reconstructed
1785972645258,2,1605000,12,reconstructed
1785972645517,2,1606000,4,reconstructed
1785972645570,2,1610000,6,reconstructed
1785972645593,2,1610000,9,reconstructed
1785972645893,2,1610000,17,reconstructed
1785972646342,2,1606000,16,reconstructed
1785972648189,2,1604000,40,reconstructed
1785972648461,2,1606000,5,reconstructed
1785972648955,2,1603000,52,reconstructed
1785972649074,2,1605000,2,reconstructed
1785972649470,2,1604000,8,reconstructed
1785972649586,2,1603000,7,reconstructed
1785972649604,2,1602000,46,reconstructed
1785972650092,2,1606000,20,reconstructed
1785972650302,2,1604000,3,reconstructed
1785972650352,2,1602000,16,reconstructed
1785972651034,2,1605000,20,reconstructed
1785972651669,2,1606000,23,reconstructed
1785972653197,2,1607000,16,reconstructed
1785972653317,2,1606000,21,reconstructed
1785972653607,2,1604000,20,reconstructed
1785972653630,2,1606000,34,reconstructed
1785972653787,2,1606000,75,reconstructed
1785972655073,2,1604000,12,reconstructed
1785972655479,2,1605000,11,reconstructed
1785972655691,2,1605000,17,reconstructed
1785972656723,2,1605000,99,reconstructed
1785972656825,2,1605000,4,reconstructed
1785972657528,2,1603000,11,reconstructed
1785972658440,2,1605000,22,reconstructed
1785972658823,2,1606000,16,reconstructed
1785972659476,2,1606000,6,reconstructed
1785972659704,2,1604000,36,reconstructed
1785972660019,2,1603000,14,reconstructed
1785972662912,2,1603000,7,reconstructed
1785972663629,2,1602000,4,reconstructed
1785972663678,2,1605000,13,reconstructed
1785972665132,2,1606000,7,reconstructed
1785972666625,2,1606000,42,reconstructed
1785972667807,2,1608000,7,reconstructed
1785972668138,2,1608000,18,reconstructed
1785972668258,2,1608000,3,reconstructed
1785972670133,2,1608000,20,reconstructed
1785972670328,2,1609000,18,reconstructed
1785972670333,2,1606000,13,reconstructed
1785972670628,2,1607000,32,reconstructed
1785972671265,2,1604000,22,reconstructed
1785972673240,2,1607000,3,reconstructed
1785972673705,2,1607000,28,reconstructed
1785972675094,2,1607000,27,reconstructed
1785972675791,2,1606000,40,reconstructed
1785972676113,2,1605000,20,reconstructed
1785972676733,2,1602000,5,reconstructed
1785972677904,2,1601000,12,reconstructed
1785972678335,2,1601000,37,reconstructed
1785972679670,2,1599000,15,reconstructed
1785972679831,2,1600000,20,reconstructed
1785972680325,2,1600000,37,reconstructed
1785972680538,2,1598000,10,reconstructed
1785972680974,2,1600000,36,reconstructed
1785972680982,2,1600000,14,reconstructed
1785972681107,2,1599000,107,reconstructed
1785972681119,2,1598000,7,reconstructed
1785972681241,2,1598000,32,reconstructed
1785972683896,2,1599000,15,reconstructed
1785972684078,2,1600000,10,reconstructed
1785972684129,2,1601000,27,reconstructed
1785972684549,2,1603000,7,reconstructed
1785972685066,2,1603000,11,reconstructed
1785972685191,2,1601000,20,reconstructed
1785972685429,2,1601000,28,reconstructed
1785972685596,2,1602000,16,reconstructed
1785972685680,2,1602000,23,reconstructed
1785972685776,2,1604000,29,reconstructed
1785972686545,2,1605000,19,reconstructed
1785972686863,2,1606000,30,reconstructed
1785972686944,2,1604000,8,reconstructed
1785972687267,2,1607000,9,reconstructed
1785972687305,2,1604000,146,reconstructed
1785972687947,2,1603000,58,reconstructed
1785972688893,2,1605000,3,reconstructed
1785972689060,2,1605000,42,reconstructed
1785972689818,2,1603000,12,reconstructed
1785972689913,2,1607000,17,reconstructed
1785972690569,2,1608000,19,reconstructed
1785972690681,2,1609000,16,reconstructed
1785972691595,2,1611000,18,reconstructed
1785972691835,2,1609000,26,reconstructed
1785972691993,2,1607000,4,reconstructed
1785972692042,2,1606000,13,reconstructed
1785972693115,2,1607000,9,reconstructed
1785972693351,2,1606000,41,reconstructed
1785972693501,2,1604000,30,reconstructed
1785972693934,2,1603000,8,reconstructed
1785972694356,2,1607000,17,reconstructed
1785972694583,2,1606000,54,reconstructed
1785972696238,2,1605000,38,reconstructed
1785972697839,2,1605000,8,reconstructed
1785972698356,2,1606000,6,reconstructed
1785972698712,2,1605000,16,reconstructed
1785972698888,2,1605000,14,reconstructed
1785972699887,2,1607000,4,reconstructed
1785972700000,2,1606000,50,reconstructed
1785972700519,2,1604000,105,reconstructed
1785972701501,2,1603000,34,reconstructed
1785972701537,2,1602000,13,reconstructed
1785972701689,2,1603000,14,reconstructed
1785972702008,2,1603000,75,reconstructed
1785972702699,2,1607000,19,reconstructed
1785972703942,2,1608000,7,reconstructed
1785972705303,2,1608000,22,reconstructed
1785972705526,2,1607000,8,reconstructed
1785972707023,2,1608000,20,reconstructed
1785972707185,2,1609000,14,reconstructed
1785972708866,2,1606000,17,reconstructed
1785972709006,2,1607000,75,reconstructed
1785972709596,2,1605000,10,reconstructed
1785972709693,2,1605000,39,reconstructed
1785972710591,2,1605000,12,reconstructed
1785972710713,2,1604000,11,reconstructed
1785972710892,2,1604000,42,reconstructed
1785972711045,2,1602000,7,reconstructed
1785972711116,2,1599000,30,reconstructed
1785972711424,2,1603000,29,reconstructed
1785972711588,2,1604000,12,reconstructed
1785972712451,2,1602000,6,reconstructed
1785972713659,2,1604000,2,reconstructed
1785972713723,2,1603000,19,reconstructed
1785972714606,2,1607000,11,reconstructed
1785972714835,2,1607000,18,reconstructed
1785972714943,2,1609000,24,reconstructed
1785972714966,2,1610000,8,reconstructed
1785972716057,2,1610000,13,reconstructed
1785972716358,2,1611000,29,reconstructed
1785972716912,2,1612000,28,reconstructed
1785972716993,2,1612000,14,reconstructed
1785972717894,2,1611000,2,reconstructed
1785972718345,2,1614000,5,reconstructed
1785972719018,2,1613000,11,reconstructed
1785972719254,2,1614000,18,reconstructed
1785972719607,2,1612000,13,reconstructed
1785972721062,2,1611000,17,reconstructed
1785972721288,2,1606000,42,reconstructed
1785972721752,2,1606000,117,reconstructed
1785972722218,2,1607000,25,reconstructed
1785972723199,2,1606000,99,reconstructed
1785972724188,2,1606000,18,reconstructed
1785972726060,2,1604000,9,reconstructed
1785972726600,2,1601000,21,reconstructed
1785972726954,2,1601000,11,reconstructed
1785972726987,2,1603000,76,reconstructed
1785972727720,2,1605000,43,reconstructed
1785972727886,2,1605000,12,reconstructed
1785972728012,2,1606000,3,reconstructed
1785972728410,2,1603000,18,reconstructed
1785972728492,2,1600000,100,reconstructed
1785972728826,2,1600000,10,reconstructed
1785972729091,2,1601000,23,reconstructed
1785972729621,2,1600000,4,reconstructed
1785972730812,2,1600000,66,reconstructed
1785972733140,2,1601000,181,reconstructed
1785972733494,2,1606000,107,reconstructed
1785972733850,2,1606000,12,reconstructed
1785972734006,2,1605000,7,reconstructed
1785972734273,2,1609000,9,reconstructed
1785972734434,2,1608000,54,reconstructed
1785972736415,2,1605000,14,reconstructed
1785972736914,2,1604000,4,reconstructed
1785972737609,2,1602000,2,reconstructed
1785972738184,2,1604000,17,reconstructed
1785972739193,2,1607000,20,reconstructed
1785972742177,2,1605000,22,reconstructed
1785972742341,2,1606000,17,reconstructed
1785972742934,2,1605000,61,reconstructed
1785972743413,2,1605000,12,reconstructed
1785972743764,2,1604000,22,reconstructed
1785972744080,2,1599000,1,reconstructed
1785972744528,2,1599000,9,reconstructed
1785972744693,2,1597000,89,reconstructed
1785972744789,2,1598000,44,reconstructed
1785972745032,2,1600000,12,reconstructed
1785972746682,2,1598000,3,reconstructed
1785972747609,2,1598000,45,reconstructed
1785972748056,2,1598000,19,reconstructed
1785972748313,2,1598000,7,reconstructed
1785972748544,2,1599000,13,reconstructed
1785972749927,2,1600000,57,reconstructed
1785972750106,2,1601000,17,reconstructed
1785972750552,2,1599000,1,reconstructed
1785972750640,2,1601000,6,reconstructed
1785972750781,2,1603000,15,reconstructed
1785972751346,2,1603000,20,reconstructed
1785972751414,2,1602000,70,reconstructed
1785972751530,2,1602000,23,reconstructed
1785972752572,2,1600000,12,reconstructed
1785972754890,2,1600000,5,reconstructed
1785972754966,2,1603000,20,reconstructed
1785972755236,2,1605000,67,reconstructed
1785972755601,2,1605000,22,reconstructed
1785972756610,2,1606000,7,reconstructed
1785972758912,2,1603000,5,reconstructed
1785972759460,2,1602000,5,reconstructed
1785972760799,2,1604000,37,reconstructed
1785972761465,2,1603000,23,reconstructed
1785972762193,2,1606000,6,reconstructed
1785972763326,2,1605000,70,reconstructed
1785972763534,2,1609000,12,reconstructed
1785972765649,2,1607000,7,reconstructed
1785972767596,2,1609000,14,reconstructed
1785972768167,2,1610000,7,reconstructed
1785972770630,2,1611000,1,reconstructed
1785972771291,2,1614000,16,reconstructed
1785972771338,2,1613000,23,reconstructed
1785972771656,2,1611000,2,reconstructed
1785972771958,2,1609000,17,reconstructed
1785972772677,2,1610000,34,reconstructed
1785972773411,2,1609000,63,reconstructed
1785972775078,2,1610000,35,reconstructed
1785972775489,2,1607000,58,reconstructed
1785972775638,2,1607000,25,reconstructed
1785972776892,2,1604000,10,reconstructed
1785972777595,2,1605000,52,reconstructed
1785972778503,2,1603000,1,reconstructed
1785972778816,2,1601000,41,reconstructed
1785972778894,2,1606000,16,reconstructed
1785972778998,2,1608000,12,reconstructed
1785972779504,2,1608000,6,reconstructed
1785972781420,2,1609000,2,reconstructed
1785972781744,2,1609000,11,reconstructed
1785972781902,2,1606000,32,reconstructed
1785972783292,2,1603000,44,reconstructed
1785972783719,2,1603000,7,reconstructed
1785972783896,2,1601000,85,reconstructed
1785972783980,2,1601000,36,reconstructed
1785972784236,2,1598000,22,reconstructed
1785972784616,2,1597000,5,reconstructed
1785972784926,2,1598000,55,reconstructed
1785972786072,2,1596000,94,reconstructed
1785972787608,2,1603000,16,reconstructed
1785972788300,2,1604000,168,reconstructed
1785972789208,2,1601000,12,reconstructed
1785972790465,2,1602000,14,reconstructed
1785972790850,2,1602000,12,reconstructed
1785972791664,2,1601000,35,reconstructed
1785972792148,2,1602000,5,reconstructed
1785972792953,2,1603000,15,reconstructed
1785972793321,2,1605000,20,reconstructed
1785972793384,2,1603000,22,reconstructed
1785972794705,2,1604000,2,reconstructed
1785972795160,2,1604000,54,reconstructed
1785972797195,2,1606000,51,reconstructed
1785972797294,2,1607000,3,reconstructed
1785972797417,2,1608000,41,reconstructed
1785972797481,2,1608000,67,reconstructed
1785972797971,2,1610000,3,reconstructed
1785972798163,2,1608000,14,reconstructed
1785972798273,2,1607000,18,reconstructed
1785972798763,2,1603000,10,reconstructed
1785972798969,2,1605000,26,reconstructed
1785972799757,2,1606000,72,reconstructed
1785972800669,2,1604000,14,reconstructed
1785972801331,2,1601000,28,reconstructed
1785972801589,2,1599000,36,reconstructed
1785972801698,2,1599000,39,reconstructed
1785972802434,2,1600000,30,reconstructed
1785972803902,2,1601000,12,reconstructed
1785972804419,2,1603000,4,reconstructed
1785972805815,2,1602000,14,reconstructed
1785972806307,2,1602000,39,reconstructed
1785972806312,2,1602000,31,reconstructed
1785972806720,2,1606000,67,reconstructed
1785972806822,2,1605000,4,reconstructed
1785972807391,2,1607000,14,reconstructed
1785972807539,2,1610000,13,reconstructed
1785972809224,2,1610000,20,reconstructed
1785972809946,2,1609000,14,reconstructed
1785972810059,2,1609000,20,reconstructed
1785972810085,2,1610000,30,reconstructed
1785972810400,2,1607000,73,reconstructed
1785972810437,2,1610000,33,reconstructed
1785972810513,2,1609000,17,reconstructed
1785972810654,2,1610000,7,reconstructed
1785972811248,2,1606000,12,reconstructed
1785972811624,2,1609000,8,reconstructed
1785972811797,2,1609000,61,reconstructed
1785972811992,2,1606000,13,reconstructed
1785972812534,2,1609000,11,reconstructed
1785972812606,2,1606000,11,reconstructed
1785972812653,2,1607000,50,reconstructed
1785972814128,2,1609000,9,reconstructed
1785972814982,2,1607000,13,reconstructed
1785972815446,2,1607000,10,reconstructed
1785972815883,2,1610000,6,reconstructed
1785972817313,2,1610000,15,reconstructed
1785972817443,2,1611000,3,reconstructed
1785972817468,2,1611000,20,reconstructed
1785972818810,2,1608000,46,reconstructed
1785972820987,2,1609000,23,reconstructed
1785972821816,2,1607000,53,reconstructed
1785972822043,2,1608000,26,reconstructed
1785972823029,2,1610000,24,reconstructed
1785972823040,2,1609000,24,reconstructed
1785972824413,2,1607000,18,reconstructed
1785972825162,2,1604000,23,reconstructed
1785972826030,2,1608000,33,reconstructed
1785972826150,2,1604000,25,reconstructed
1785972826356,2,1605000,9,reconstructed
1785972826476,2,1605000,8,reconstructed
1785972826906,2,1607000,8,reconstructed
1785972827889,2,1604000,30,reconstructed
1785972829967,2,1601000,35,reconstructed
1785972830962,2,1606000,13,reconstructed
1785972831628,2,1604000,34,reconstructed
1785972832027,2,1609000,21,reconstructed
1785972832090,2,1608000,16,reconstructed
1785972832147,2,1604000,24,reconstructed
1785972832292,2,1603000,18,reconstructed
1785972832381,2,1602000,9,reconstructed
1785972832574,2,1606000,30,reconstructed
1785972833775,2,1606000,3,reconstructed
1785972833973,2,1606000,23,reconstructed
1785972834570,2,1603000,39,reconstructed
1785972834921,2,1601000,10,reconstructed
1785972835205,2,1598000,9,reconstructed
1785972835814,2,1596000,58,reconstructed
1785972838024,2,1598000,8,reconstructed
1785972838202,2,1598000,44,reconstructed
1785972838809,2,1599000,32,reconstructed
1785972839139,2,1601000,28,reconstructed
1785972840482,2,1604000,36,reconstructed
1785972840664,2,1606000,24,reconstructed
1785972840911,2,1608000,31,reconstructed
1785972842233,2,1608000,9,reconstructed
1785972842305,2,1608000,23,reconstructed
1785972842441,2,1604000,7,reconstructed
1785972842904,2,1606000,15,reconstructed
1785972843318,2,1608000,12,reconstructed
1785972843550,2,1605000,20,reconstructed
1785972845430,2,1607000,3,reconstructed
1785972845542,2,1607000,5,reconstructed
1785972845851,2,1608000,15,reconstructed
1785972845991,2,1607000,33,reconstructed
1785972846402,2,1608000,14,reconstructed
1785972848492,2,1606000,5,reconstructed
1785972849863,2,1609000,74,reconstructed
1785972850013,2,1607000,36,reconstructed
1785972851036,2,1605000,7,reconstructed
1785972851055,2,1603000,22,reconstructed
1785972851999,2,1604000,50,reconstructed
1785972852876,2,1604000,10,reconstructed
1785972853323,2,1607000,5,reconstructed
1785972854492,2,1607000,116,reconstructed
1785972858956,2,1606000,15,reconstructed
1785972859144,2,1605000,131,reconstructed
1785972859221,2,1604000,23,reconstructed
1785972860612,2,1606000,9,reconstructed
1785972861065,2,1607000,6,reconstructed
1785972862081,2,1605000,14,reconstructed
1785972862670,2,1606000,24,reconstructed
1785972864233,2,1604000,24,reconstructed
1785972864245,2,1605000,15,reconstructed
1785972865280,2,1606000,91,reconstructed
1785972865759,2,1604000,15,reconstructed
1785972866525,2,1604000,35,reconstructed
1785972866722,2,1605000,7,reconstructed
1785972866939,2,1607000,8,reconstructed
1785972867081,2,1606000,15,reconstructed
1785972867291,2,1610000,6,reconstructed
1785972868081,2,1610000,8,reconstructed
1785972868295,2,1612000,17,reconstructed
1785972868332,2,1614000,124,reconstructed
1785972870737,2,1609000,31,reconstructed
1785972872298,2,1608000,7,reconstructed
1785972872679,2,1606000,34,reconstructed
1785972873082,2,1604000,9,reconstructed
1785972873320,2,1603000,21,reconstructed
1785972873501,2,1602000,13,reconstructed
1785972874310,2,1605000,17,reconstructed
1785972874643,2,1604000,12,reconstructed
1785972874644,2,1601000,29,reconstructed
1785972876180,2,1600000,13,reconstructed
1785972876203,2,1603000,6,reconstructed
1785972877171,2,1603000,24,reconstructed
1785972877223,2,1601000,43,reconstructed
1785972877795,2,1601000,9,reconstructed
1785972879822,2,1600000,14,reconstructed
1785972879952,2,1597000,48,reconstructed
1785972880484,2,1598000,4,reconstructed
1785972881492,2,1601000,29,reconstructed
1785972883085,2,1600000,24,reconstructed
1785972883283,2,1599000,5,reconstructed
1785972883571,2,1600000,2,reconstructed
1785972884170,2,1600000,20,reconstructed
1785972885258,2,1603000,5,reconstructed
1785972885407,2,1605000,16,reconstructed
1785972886428,2,1606000,9,reconstructed
1785972887426,2,1608000,51,reconstructed
1785972887633,2,1608000,4,reconstructed
1785972887929,2,1610000,8,reconstructed
1785972887939,2,1612000,11,reconstructed
1785972889270,2,1611000,91,reconstructed
1785972891444,2,1612000,36,reconstructed
1785972891535,2,1609000,6,reconstructed
1785972891795,2,1603000,16,reconstructed
1785972892198,2,1602000,26,reconstructed
1785972892533,2,1602000,78,reconstructed
1785972895042,2,1601000,32,reconstructed
1785972896099,2,1600000,14,reconstructed
1785972896512,2,1601000,22,reconstructed
1785972897717,2,1602000,40,reconstructed
1785972898401,2,1604000,22,reconstructed
1785972898634,2,1604000,59,reconstructed
1785972898691,2,1600000,20,reconstructed
1785972898956,2,1596000,40,reconstructed
1785972899323,2,1598000,20,reconstructed
1785972900289,2,1596000,17,reconstructed
1785972900318,2,1598000,22,reconstructed
1785972901258,2,1601000,12,reconstructed
1785972901649,2,1601000,39,reconstructed
1785972901921,2,1604000,4,reconstructed
1785972902587,2,1605000,38,reconstructed
1785972903556,2,1606000,39,reconstructed
1785972904957,2,1604000,9,reconstructed
1785972905023,2,1605000,65,reconstructed
1785972905390,2,1606000,9,reconstructed
1785972905908,2,1607000,68,reconstructed
1785972906090,2,1607000,6,reconstructed
1785972907442,2,1607000,30,reconstructed
1785972907957,2,1607000,6,reconstructed
1785972909233,2,1608000,8,reconstructed
1785972909586,2,1604000,15,reconstructed
1785972909787,2,1606000,14,reconstructed
1785972910717,2,1605000,102,reconstructed
1785972910749,2,1606000,35,reconstructed
1785972911319,2,1606000,51,reconstructed
1785972911413,2,1605000,30,reconstructed
1785972916778,2,1608000,5,reconstructed
1785972916913,2,1610000,28,reconstructed
1785972917913,2,1610000,16,reconstructed
1785972918132,2,1611000,7,reconstructed
1785972918233,2,1612000,10,reconstructed
1785972918720,2,1610000,6,reconstructed
1785972919205,2,1611000,19,reconstructed
1785972921336,2,1609000,20,reconstructed
1785972921530,2,1608000,9,reconstructed
1785972921929,2,1605000,16,reconstructed
1785972922013,2,1606000,15,reconstructed
1785972922045,2,1606000,25,reconstructed
1785972922059,2,1607000,22,reconstructed
1785972922229,2,1609000,11,reconstructed
1785972924630,2,1607000,5,reconstructed
1785972925467,2,1609000,54,reconstructed
1785972928445,2,1609000,3,reconstructed
1785972928871,2,1607000,14,reconstructed
1785972929550,2,1609000,127,reconstructed
1785972931410,2,1607000,31,reconstructed
1785972931615,2,1608000,6,reconstructed
1785972931629,2,1607000,37,reconstructed
1785972931709,2,1606000,37,reconstructed
1785972932154,2,1605000,18,reconstructed
1785972932239,2,1604000,3,reconstructed
1785972933352,2,1604000,52,reconstructed
1785972933415,2,1605000,18,reconstructed
1785972933590,2,1607000,60,reconstructed
1785972934103,2,1606000,17,reconstructed
1785972935455,2,1601000,9,reconstructed
1785972935819,2,1602000,20,reconstructed
1785972937448,2,1602000,8,reconstructed
1785972938137,2,1604000,17,reconstructed
1785972938773,2,1605000,8,reconstructed
1785972939570,2,1605000,10,reconstructed
1785972940926,2,1600000,34,reconstructed
1785972941944,2,1603000,1,reconstructed
1785972942935,2,1603000,54,reconstructed
1785972942954,2,1606000,37,reconstructed
1785972943651,2,1605000,46,reconstructed
1785972944547,2,1604000,5,reconstructed
1785972946612,2,1604000,14,reconstructed
1785972948301,2,1604000,26,reconstructed
1785972948660,2,1606000,10,reconstructed
1785972949011,2,1607000,28,reconstructed
1785972949056,2,1604000,9,reconstructed
1785972949963,2,1607000,34,reconstructed
1785972950722,2,1609000,10,reconstructed
1785972951807,2,1609000,26,reconstructed
1785972953171,2,1610000,12,reconstructed
1785972953334,2,1610000,4,reconstructed
1785972954157,2,1611000,9,reconstructed
1785972954991,2,1611000,39,reconstructed
1785972954999,2,1611000,7,reconstructed
1785972955249,2,1608000,8,reconstructed
1785972956999,2,1609000,94,reconstructed
1785972958744,2,1608000,17,reconstructed
1785972958996,2,1608000,37,reconstructed
1785972959312,2,1611000,23,reconstructed
1785972960249,2,1608000,25,reconstructed
1785972960255,2,1605000,7,reconstructed
1785972961694,2,1608000,19,reconstructed
1785972962271,2,1605000,43,reconstructed
1785972962391,2,1605000,142,reconstructed
1785972964824,2,1608000,44,reconstructed
1785972965596,2,1610000,6,reconstructed
1785972966269,2,1611000,12,reconstructed
1785972966724,2,1608000,2,reconstructed
1785972967391,2,1609000,4,reconstructed
1785972968333,2,1609000,32,reconstructed
1785972968559,2,1611000,64,reconstructed
1785972969703,2,1612000,15,reconstructed
1785972970575,2,1610000,13,reconstructed
1785972971347,2,1610000,5,reconstructed
1785972971399,2,1606000,20,reconstructed
1785972973502,2,1606000,84,reconstructed
1785972973549,2,1606000,11,reconstructed
1785972973925,2,1603000,4,reconstructed
1785972974127,2,1605000,53,reconstructed
1785972974505,2,1606000,3,reconstructed
1785972974741,2,1609000,62,reconstructed
1785972974804,2,1607000,63,reconstructed
1785972975190,2,1603000,9,reconstructed
1785972975239,2,1601000,4,reconstructed
1785972975408,2,1600000,70,reconstructed
1785972979192,2,1601000,12,reconstructed
1785972979898,2,1603000,67,reconstructed
1785972980236,2,1608000,14,reconstructed
1785972980330,2,1611000,19,reconstructed
1785972981434,2,1609000,19,reconstructed
1785972982249,2,1610000,16,reconstructed
1785972983638,2,1607000,9,reconstructed
1785972983976,2,1606000,5,reconstructed
1785972984688,2,1603000,1,reconstructed
1785972984933,2,1603000,28,reconstructed
1785972985303,2,1604000,12,reconstructed
1785972985554,2,1604000,110,reconstructed
1785972986450,2,1606000,5,reconstructed
1785972987146,2,1602000,24,reconstructed
1785972987222,2,1605000,11,reconstructed
1785972987383,2,1605000,15,reconstructed
1785972988219,2,1603000,87,reconstructed
1785972988492,2,1604000,37,reconstructed
1785972990324,2,1602000,54,reconstructed
1785972990674,2,1604000,40,reconstructed
1785972992607,2,1604000,27,reconstructed
1785972992622,2,1602000,5,reconstructed
1785972993318,2,1600000,6,reconstructed
1785972993837,2,1597000,5,reconstructed
1785972993983,2,1598000,22,reconstructed
1785972995219,2,1599000,28,reconstructed
1785972995403,2,1602000,23,reconstructed
1785972996293,2,1605000,35,reconstructed
1785972996799,2,1602000,12,reconstructed
1785972997160,2,1602000,7,reconstructed
1785972997580,2,1603000,43,reconstructed
1785972998233,2,1606000,10,reconstructed
1785972999494,2,1606000,8,reconstructed
1785972999762,2,1605000,64,reconstructed
1785972999891,2,1604000,14,reconstructed
1785972999955,2,1602000,6,reconstructed
1785973000440,2,1603000,17,reconstructed
1785973000870,2,1602000,17,reconstructed
1785973000980,2,1604000,5,reconstructed
1785973001497,2,1602000,21,reconstructed
1785973003189,2,1604000,50,reconstructed
1785973003483,2,1602000,20,reconstructed
1785973003679,2,1600000,6,reconstructed
1785973004155,2,1602000,15,reconstructed
1785973004267,2,1602000,16,reconstructed
1785973004710,2,1604000,10,reconstructed
1785973005167,2,1603000,97,reconstructed
1785973005409,2,1605000,5,reconstructed
1785973005477,2,1606000,16,reconstructed
1785973005998,2,1606000,27,reconstructed
1785973006133,2,1603000,7,reconstructed
1785973006570,2,1605000,46,reconstructed
1785973006830,2,1602000,101,reconstructed
1785973008674,2,1604000,36,reconstructed
1785973008783,2,1606000,11,reconstructed
1785973010747,2,1604000,12,reconstructed
1785973011125,2,1603000,24,reconstructed
1785973011637,2,1604000,27,reconstructed
1785973011714,2,1602000,8,reconstructed
1785973012051,2,1603000,7,reconstructed
1785973013234,2,1601000,36,reconstructed
1785973013458,2,1607000,45,reconstructed
1785973013863,2,1611000,4,reconstructed
1785973014116,2,1611000,13,reconstructed
1785973015076,2,1611000,7,reconstructed
1785973015952,2,1611000,32,reconstructed
1785973016012,2,1609000,8,reconstructed
1785973016159,2,1610000,18,reconstructed
1785973016259,2,1609000,35,reconstructed
1785973016735,2,1604000,35,reconstructed
1785973018171,2,1609000,84,reconstructed
1785973019180,2,1608000,5,reconstructed
1785973019496,2,1610000,63,reconstructed
1785973019621,2,1607000,37,reconstructed
1785973021469,2,1607000,74,reconstructed
1785973023526,2,1608000,19,reconstructed
1785973024206,2,1609000,14,reconstructed
1785973024859,2,1612000,19,reconstructed
1785973025145,2,1612000,8,reconstructed
1785973026426,2,1611000,48,reconstructed
1785973026581,2,1613000,6,reconstructed
1785973026751,2,1611000,143,reconstructed
1785973027485,2,1611000,7,reconstructed
1785973027515,2,1609000,6,reconstructed
1785973028980,2,1609000,2,reconstructed
1785973029373,2,1606000,8,reconstructed
1785973030235,2,1603000,25,reconstructed
1785973030800,2,1604000,19,reconstructed
1785973030807,2,1606000,23,reconstructed
1785973031735,2,1605000,13,reconstructed
1785973031862,2,1605000,2,reconstructed
1785973032438,2,1602000,12,reconstructed
1785973032469,2,1607000,27,reconstructed
1785973033359,2,1607000,20,reconstructed
1785973033506,2,1606000,15,reconstructed
1785973033724,2,1606000,48,reconstructed
1785973033725,2,1604000,7,reconstructed
1785973034282,2,1605000,9,reconstructed
1785973034637,2,1606000,10,reconstructed
1785973035102,2,1604000,78,reconstructed
1785973035182,2,1605000,28,reconstructed
1785973035953,2,1606000,43,reconstructed
1785973036012,2,1606000,52,reconstructed
1785973036146,2,1607000,5,reconstructed
1785973036685,2,1606000,14,reconstructed
1785973037811,2,1607000,5,reconstructed
1785973037856,2,1607000,11,reconstructed
1785973040198,2,1605000,21,reconstructed
1785973041229,2,1606000,44,reconstructed
1785973041445,2,1606000,11,reconstructed
1785973041517,2,1606000,21,reconstructed
1785973041586,2,1605000,6,reconstructed
1785973042074,2,1607000,24,reconstructed
1785973042178,2,1608000,28,reconstructed
1785973043030,2,1607000,15,reconstructed
1785973043083,2,1608000,6,reconstructed
1785973043216,2,1609000,7,reconstructed
1785973045226,2,1606000,68,reconstructed
1785973046936,2,1607000,26,reconstructed
1785973047300,2,1604000,89,reconstructed
1785973047333,2,1606000,21,reconstructed
1785973047903,2,1609000,22,reconstructed
1785973047963,2,1607000,10,reconstructed
1785973049037,2,1605000,22,reconstructed
1785973049495,2,1608000,8,reconstructed
1785973049858,2,1607000,37,reconstructed
1785973050648,2,1609000,147,reconstructed
1785973050850,2,1604000,8,reconstructed
1785973052588,2,1603000,14,reconstructed
1785973053530,2,1607000,6,reconstructed
1785973053961,2,1605000,13,reconstructed
1785973054224,2,1603000,6,reconstructed
1785973054248,2,1604000,29,reconstructed
1785973054581,2,1603000,18,reconstructed
1785973054659,2,1602000,9,reconstructed
1785973055078,2,1600000,9,reconstructed
1785973055089,2,1601000,14,reconstructed
1785973055295,2,1600000,12,reconstructed
1785973057021,2,1596000,44,reconstructed
1785973057126,2,1599000,26,reconstructed
1785973058805,2,1599000,37,reconstructed
1785973058972,2,1599000,13,reconstructed
1785973060640,2,1601000,11,reconstructed
1785973060886,2,1599000,10,reconstructed
1785973061627,2,1598000,17,reconstructed
1785973061653,2,1599000,21,reconstructed
1785973061878,2,1600000,3,reconstructed
1785973062577,2,1601000,10,reconstructed
1785973063869,2,1603000,15,reconstructed
1785973064232,2,1604000,9,reconstructed
1785973064561,2,1604000,12,reconstructed
1785973064821,2,1605000,5,reconstructed
1785973065322,2,1605000,85,reconstructed
1785973066196,2,1604000,22,reconstructed
1785973066880,2,1603000,68,reconstructed
1785973067377,2,1605000,29,reconstructed
1785973068267,2,1606000,11,reconstructed
1785973068701,2,1604000,6,reconstructed
1785973071473,2,1607000,7,reconstructed
1785973071691,2,1606000,14,reconstructed
1785973072782,2,1606000,91,reconstructed
1785973074582,2,1601000,17,reconstructed
1785973074655,2,1602000,19,reconstructed
1785973075255,2,1604000,37,reconstructed
1785973075456,2,1604000,15,reconstructed
1785973075566,2,1604000,13,reconstructed
1785973076341,2,1606000,14,reconstructed
1785973077172,2,1607000,6,reconstructed
1785973078245,2,1604000,16,reconstructed
1785973078535,2,1602000,7,reconstructed
1785973078714,2,1602000,64,reconstructed
1785973078932,2,1601000,14,reconstructed
1785973079242,2,1601000,20,reconstructed
1785973079921,2,1602000,18,reconstructed
1785973080608,2,1602000,5,reconstructed
1785973081085,2,1603000,20,reconstructed
1785973081331,2,1603000,29,reconstructed
1785973081472,2,1607000,31,reconstructed
1785973082407,2,1603000,9,reconstructed
1785973082489,2,1602000,6,reconstructed
1785973083866,2,1605000,9,reconstructed
1785973084262,2,1605000,21,reconstructed
1785973084743,2,1603000,56,reconstructed
1785973085273,2,1600000,9,reconstructed
1785973085843,2,1604000,15,reconstructed
1785973086732,2,1604000,27,reconstructed
1785973087571,2,1605000,10,reconstructed
1785973087711,2,1607000,55,reconstructed
1785973087729,2,1606000,115,reconstructed
1785973088164,2,1604000,7,reconstructed
1785973089818,2,1602000,18,reconstructed
1785973090433,2,1603000,32,reconstructed
1785973090850,2,1605000,19,reconstructed
1785973091801,2,1607000,21,reconstructed
1785973094495,2,1610000,39,reconstructed
1785973095512,2,1608000,14,reconstructed
1785973095526,2,1608000,21,reconstructed
1785973095607,2,1609000,9,reconstructed
1785973096641,2,1607000,4,reconstructed
1785973097917,2,1606000,34,reconstructed
1785973098073,2,1607000,8,reconstructed
1785973098958,2,1607000,34,reconstructed
1785973100186,2,1604000,12,reconstructed
1785973100458,2,1605000,5,reconstructed
1785973101818,2,1603000,62,reconstructed
1785973102109,2,1600000,11,reconstructed
1785973103967,2,1599000,15,reconstructed
1785973104165,2,1598000,9,reconstructed
1785973105039,2,1602000,11,reconstructed
1785973105069,2,1602000,2,reconstructed
1785973106491,2,1602000,12,reconstructed
1785973107043,2,1601000,10,reconstructed
1785973108358,2,1601000,21,reconstructed
1785973108584,2,1600000,17,reconstructed
1785973109104,2,1603000,44,reconstructed
1785973109296,2,1602000,5,reconstructed
1785973109379,2,1603000,13,reconstructed
1785973109908,2,1606000,71,reconstructed
1785973110055,2,1606000,11,reconstructed
1785973110391,2,1606000,11,reconstructed
1785973112457,2,1608000,20,reconstructed
1785973112891,2,1608000,35,reconstructed
1785973113157,2,1606000,48,reconstructed
1785973113903,2,1607000,12,reconstructed
1785973114199,2,1609000,25,reconstructed
1785973114856,2,1610000,6,reconstructed
1785973115126,2,1610000,12,reconstructed
1785973116333,2,1606000,35,reconstructed
1785973116409,2,1607000,10,reconstructed
1785973116645,2,1610000,56,reconstructed
1785973116996,2,1611000,10,reconstructed
1785973117300,2,1608000,27,reconstructed
1785973118242,2,1610000,8,reconstructed
1785973118245,2,1609000,82,reconstructed
1785973119263,2,1610000,18,reconstructed
1785973119641,2,1608000,34,reconstructed
1785973120451,2,1610000,6,reconstructed
1785973120473,2,1609000,83,reconstructed
1785973121085,2,1610000,21,reconstructed
1785973121294,2,1604000,8,reconstructed
1785973121433,2,1605000,27,reconstructed
1785973121752,2,1603000,42,reconstructed
1785973122576,2,1602000,26,reconstructed
1785973124345,2,1605000,13,reconstructed
1785973126132,2,1606000,13,reconstructed
1785973127022,2,1604000,8,reconstructed
1785973127810,2,1607000,3,reconstructed
1785973128292,2,1608000,19,reconstructed
1785973128461,2,1607000,7,reconstructed
1785973130485,2,1605000,8,reconstructed
1785973131825,2,1603000,31,reconstructed
1785973132689,2,1601000,21,reconstructed
1785973133614,2,1603000,29,reconstructed
1785973133668,2,1603000,13,reconstructed
1785973133881,2,1605000,25,reconstructed
1785973134088,2,1604000,23,reconstructed
1785973134391,2,1611000,65,reconstructed
1785973135262,2,1612000,49,reconstructed
1785973136102,2,1611000,1,reconstructed
1785973136507,2,1609000,27,reconstructed
1785973139872,2,1609000,26,reconstructed
1785973139905,2,1609000,80,reconstructed
1785973140772,2,1609000,16,reconstructed
1785973143670,2,1608000,31,reconstructed
1785973144382,2,1609000,4,reconstructed
1785973146610,2,1608000,7,reconstructed
1785973146851,2,1608000,50,reconstructed
1785973146970,2,1607000,18,reconstructed
1785973147691,2,1607000,5,reconstructed
1785973147696,2,1607000,79,reconstructed
1785973147969,2,1604000,10,reconstructed
1785973148076,2,1606000,15,reconstructed
1785973148164,2,1604000,252,reconstructed
1785973148267,2,1601000,31,reconstructed
1785973149862,2,1602000,12,reconstructed
1785973149982,2,1603000,3,reconstructed
1785973150951,2,1603000,21,reconstructed
1785973151046,2,1604000,21,reconstructed
1785973151157,2,1601000,8,reconstructed
1785973151828,2,1601000,27,reconstructed
1785973152050,2,1601000,38,reconstructed
1785973152927,2,1601000,12,reconstructed
1785973153309,2,1599000,71,reconstructed
1785973153479,2,1601000,20,reconstructed
1785973154116,2,1600000,13,reconstructed
1785973154785,2,1598000,38,reconstructed
1785973155003,2,1603000,15,reconstructed
1785973155295,2,1602000,20,reconstructed
1785973155905,2,1602000,39,reconstructed
1785973157013,2,1603000,46,reconstructed
1785973157329,2,1604000,7,reconstructed
1785973157702,2,1606000,19,reconstructed
1785973157706,2,1604000,11,reconstructed
1785973158225,2,1605000,14,reconstructed
1785973159392,2,1607000,166,reconstructed
1785973160550,2,1609000,22,reconstructed
1785973161236,2,1607000,8,reconstructed
1785973162559,2,1606000,8,reconstructed
1785973163897,2,1606000,8,reconstructed
1785973167023,2,1607000,77,reconstructed
1785973167093,2,1605000,22,reconstructed
1785973167160,2,1605000,48,reconstructed
1785973168186,2,1602000,31,reconstructed
1785973169405,2,1605000,55,reconstructed
1785973169852,2,1602000,4,reconstructed
1785973171172,2,1602000,20,reconstructed
1785973172854,2,1600000,44,reconstructed
1785973173307,2,1603000,81,reconstructed
1785973174274,2,1601000,10,reconstructed
1785973176600,2,1599000,41,reconstructed
1785973178254,2,1598000,37,reconstructed
1785973178499,2,1596000,8,reconstructed
1785973178988,2,1596000,10,reconstructed
1785973179853,2,1595000,7,reconstructed
1785973180812,2,1595000,11,reconstructed
1785973180967,2,1593000,50,reconstructed
1785973181408,2,1596000,39,reconstructed
1785973181509,2,1600000,22,reconstructed
1785973183515,2,1600000,30,reconstructed
1785973183612,2,1600000,13,reconstructed
1785973184309,2,1601000,6,reconstructed
1785973185274,2,1600000,33,reconstructed
1785973185965,2,1603000,11,reconstructed
1785973186463,2,1603000,18,reconstructed
1785973188462,2,1602000,19,reconstructed
1785973188899,2,1603000,26,reconstructed
1785973189012,2,1604000,37,reconstructed
1785973190606,2,1604000,18,reconstructed
1785973190748,2,1602000,11,reconstructed
1785973191266,2,1604000,4,reconstructed
1785973191896,2,1605000,5,reconstructed
1785973192493,2,1601000,8,reconstructed
1785973192711,2,1601000,62,reconstructed
1785973193406,2,1597000,1,reconstructed
1785973195388,2,1600000,18,reconstructed
1785973196075,2,1601000,8,reconstructed
1785973196218,2,1603000,16,reconstructed
1785973196638,2,1601000,20,reconstructed
1785973198258,2,1603000,42,reconstructed
1785973198476,2,1603000,14,reconstructed
1785973200347,2,1603000,19,reconstructed
1785973204160,2,1603000,16,reconstructed
1785973205366,2,1604000,44,reconstructed
1785973206337,2,1600000,138,reconstructed
1785973206592,2,1604000,3,reconstructed
1785973206981,2,1603000,3,reconstructed
1785973208240,2,1600000,31,reconstructed
1785973208316,2,1600000,12,reconstructed
1785973209455,2,1601000,122,reconstructed
1785973209806,2,1601000,5,reconstructed
1785973211256,2,1597000,20,reconstructed
1785973211490,2,1599000,42,reconstructed
1785973212547,2,1597000,6,reconstructed
1785973213875,2,1600000,42,reconstructed
1785973215424,2,1602000,42,reconstructed
1785973215487,2,1602000,8,reconstructed
1785973218407,2,1606000,7,reconstructed
1785973219024,2,1608000,14,reconstructed
1785973219231,2,1607000,22,reconstructed
1785973219837,2,1609000,25,reconstructed
1785973220018,2,1606000,9,reconstructed
1785973221425,2,1603000,3,reconstructed
1785973221504,2,1602000,17,reconstructed
1785973222643,2,1599000,21,reconstructed
1785973223431,2,1602000,33,reconstructed
1785973223536,2,1604000,36,reconstructed
1785973223937,2,1602000,23,reconstructed
1785973224352,2,1605000,10,reconstructed
1785973225067,2,1604000,30,reconstructed
1785973225481,2,1603000,10,reconstructed
1785973225560,2,1604000,8,reconstructed
1785973225835,2,1606000,11,reconstructed
1785973226189,2,1608000,9,reconstructed
1785973226679,2,1609000,31,reconstructed
1785973226911,2,1607000,28,reconstructed
1785973227838,2,1606000,12,reconstructed
1785973230392,2,1606000,40,reconstructed
1785973231901,2,1607000,80,reconstructed
1785973231946,2,1607000,18,reconstructed
1785973233715,2,1604000,51,reconstructed
1785973233766,2,1603000,20,reconstructed
1785973233968,2,1605000,16,reconstructed
1785973234517,2,1603000,48,reconstructed
1785973235318,2,1602000,28,reconstructed
1785973235879,2,1604000,14,reconstructed
1785973237308,2,1601000,9,reconstructed
1785973238016,2,1602000,4,reconstructed
1785973238447,2,1604000,32,reconstructed
1785973238931,2,1606000,2,reconstructed
1785973239433,2,1606000,75,reconstructed
1785973239834,2,1610000,16,reconstructed
1785973242175,2,1606000,12,reconstructed
1785973244213,2,1602000,17,reconstructed
1785973244462,2,1603000,29,reconstructed
1785973244847,2,1602000,17,reconstructed
1785973245164,2,1607000,11,reconstructed
1785973245509,2,1606000,8,reconstructed
1785973245555,2,1604000,23,reconstructed
1785973245736,2,1603000,10,reconstructed
1785973246825,2,1602000,6,reconstructed
1785973247138,2,1603000,10,reconstructed
1785973247324,2,1603000,16,reconstructed
1785973248231,2,1606000,8,reconstructed
1785973249498,2,1607000,8,reconstructed
1785973250490,2,1606000,146,reconstructed
1785973250647,2,1609000,52,reconstructed
1785973251268,2,1608000,33,reconstructed
1785973252778,2,1607000,26,reconstructed
1785973253675,2,1606000,10,reconstructed
1785973254105,2,1607000,7,reconstructed
1785973255566,2,1606000,4,reconstructed
1785973257161,2,1605000,12,reconstructed
1785973257499,2,1603000,52,reconstructed
1785973258521,2,1605000,18,reconstructed
1785973258691,2,1605000,21,reconstructed
1785973259532,2,1604000,16,reconstructed
1785973259845,2,1603000,11,reconstructed
1785973259943,2,1605000,37,reconstructed
1785973260036,2,1603000,25,reconstructed
1785973260264,2,1603000,28,reconstructed
1785973260491,2,1602000,72,reconstructed
1785973261624,2,1603000,30,reconstructed
1785973261973,2,1604000,14,reconstructed
1785973262225,2,1601000,7,reconstructed
1785973264379,2,1600000,52,reconstructed
1785973265050,2,1602000,9,reconstructed
1785973265247,2,1600000,224,reconstructed
1785973265395,2,1599000,64,reconstructed
1785973265421,2,1600000,7,reconstructed
1785973266143,2,1597000,43,reconstructed
1785973266227,2,1599000,22,reconstructed
1785973266370,2,1601000,5,reconstructed
1785973268363,2,1600000,11,reconstructed
1785973269961,2,1604000,12,reconstructed
1785973270406,2,1603000,28,reconstructed
1785973270834,2,1601000,62,reconstructed
1785973270899,2,1598000,41,reconstructed
1785973270969,2,1598000,7,reconstructed
1785973271622,2,1595000,16,reconstructed
1785973273929,2,1597000,48,reconstructed
1785973274185,2,1598000,58,reconstructed
1785973274652,2,1600000,11,reconstructed
1785973275401,2,1601000,58,reconstructed
1785973275919,2,1600000,12,reconstructed
1785973276131,2,1601000,29,reconstructed
1785973276403,2,1602000,13,reconstructed
1785973276562,2,1597000,7,reconstructed
1785973276820,2,1599000,39,reconstructed
1785973277714,2,1599000,19,reconstructed
1785973279166,2,1597000,17,reconstructed
1785973279192,2,1595000,2,reconstructed
1785973281393,2,1593000,33,reconstructed
1785973281619,2,1596000,4,reconstructed
1785973282523,2,1594000,9,reconstructed
1785973284587,2,1594000,16,reconstructed
1785973284946,2,1595000,139,reconstructed
1785973285185,2,1598000,28,reconstructed
1785973285418,2,1603000,13,reconstructed
1785973287000,2,1601000,19,reconstructed
1785973287248,2,1602000,36,reconstructed
1785973287372,2,1601000,5,reconstructed
1785973287434,2,1601000,12,reconstructed
1785973287674,2,1602000,32,reconstructed
1785973289178,2,1603000,4,reconstructed
1785973289941,2,1604000,1,reconstructed
1785973290507,2,1605000,26,reconstructed
1785973291180,2,1603000,14,reconstructed
1785973291341,2,1607000,4,reconstructed
1785973291537,2,1604000,29,reconstructed
1785973291608,2,1603000,9,reconstructed
1785973292048,2,1605000,37,reconstructed
1785973292322,2,1604000,16,reconstructed
1785973294416,2,1603000,5,reconstructed
1785973294995,2,1603000,7,reconstructed
1785973295222,2,1603000,7,reconstructed
1785973295549,2,1607000,9,reconstructed
1785973296012,2,1608000,15,reconstructed
1785973296474,2,1606000,3,reconstructed
1785973297372,2,1605000,7,reconstructed
1785973297451,2,1603000,19,reconstructed
1785973297611,2,1605000,54,reconstructed
1785973297678,2,1603000,55,reconstructed
1785973297887,2,1602000,4,reconstructed
1785973297965,2,1600000,41,reconstructed
1785973299235,2,1601000,50,reconstructed
1785973299276,2,1600000,10,reconstructed
1785973299554,2,1603000,2,reconstructed
1785973300037,2,1604000,11,reconstructed
1785973300276,2,1605000,15,reconstructed
1785973300664,2,1604000,76,reconstructed
1785973300961,2,1604000,28,reconstructed
1785973301345,2,1601000,9,reconstructed
1785973301584,2,1599000,35,reconstructed
1785973301613,2,1598000,23,reconstructed
1785973301698,2,1598000,31,reconstructed
1785973302391,2,1600000,7,reconstructed
1785973304521,2,1596000,4,reconstructed
1785973306172,2,1594000,33,reconstructed
1785973306185,2,1597000,18,reconstructed
1785973306650,2,1596000,13,reconstructed
1785973307036,2,1597000,311,reconstructed
1785973307233,2,1600000,20,reconstructed
1785973308694,2,1599000,187,reconstructed
1785973309439,2,1600000,14,reconstructed
1785973309507,2,1602000,37,reconstructed
1785973312800,2,1600000,20,reconstructed
1785973313284,2,1597000,38,reconstructed
1785973316039,2,1597000,25,reconstructed
1785973318806,2,1597000,32,reconstructed
1785973319203,2,1597000,17,reconstructed
1785973319397,2,1598000,29,reconstructed
1785973321503,2,1601000,76,reconstructed
1785973322611,2,1602000,6,reconstructed
1785973322656,2,1602000,33,reconstructed
1785973322790,2,1603000,2,reconstructed
1785973322845,2,1601000,8,reconstructed
1785973322943,2,1603000,33,reconstructed
1785973324112,2,1602000,18,reconstructed
1785973324143,2,1605000,2,reconstructed
1785973324484,2,1605000,9,reconstructed
1785973325455,2,1605000,4,reconstructed
1785973325847,2,1605000,21,reconstructed
1785973326508,2,1606000,54,reconstructed
1785973327350,2,1602000,22,reconstructed
1785973328118,2,1599000,19,reconstructed
1785973328675,2,1594000,16,reconstructed
1785973329192,2,1595000,21,reconstructed
1785973329518,2,1597000,17,reconstructed
1785973329842,2,1599000,5,reconstructed
1785973330213,2,1604000,30,reconstructed
1785973330254,2,1607000,24,reconstructed
1785973331521,2,1609000,1,reconstructed
1785973331551,2,1608000,9,reconstructed
1785973332287,2,1606000,38,reconstructed
1785973332766,2,1605000,6,reconstructed
1785973333556,2,1604000,1,reconstructed
1785973338367,2,1604000,63,reconstructed
1785973339475,2,1605000,14,reconstructed
1785973340203,2,1607000,6,reconstructed
1785973341064,2,1606000,71,reconstructed
1785973342491,2,1603000,33,reconstructed
1785973343781,2,1603000,40,reconstructed
1785973344714,2,1603000,4,reconstructed
1785973345162,2,1603000,90,reconstructed
1785973345208,2,1601000,8,reconstructed
1785973345510,2,1603000,6,reconstructed
1785973345650,2,1603000,7,reconstructed
1785973345927,2,1604000,18,reconstructed
1785973346740,2,1603000,6,reconstructed
1785973347201,2,1602000,73,reconstructed
1785973348147,2,1603000,2,reconstructed
1785973348715,2,1606000,19,reconstructed
1785973348725,2,1605000,50,reconstructed
1785973349184,2,1604000,58,reconstructed
1785973350151,2,1602000,6,reconstructed
1785973350415,2,1599000,6,reconstructed
1785973351594,2,1599000,101,reconstructed
1785973351637,2,1595000,24,reconstructed
1785973351787,2,1597000,6,reconstructed
1785973351885,2,1596000,53,reconstructed
1785973352510,2,1594000,11,reconstructed
1785973354965,2,1597000,26,reconstructed
1785973355071,2,1596000,16,reconstructed
1785973355316,2,1596000,5,reconstructed
1785973355489,2,1595000,176,reconstructed
1785973356400,2,1598000,27,reconstructed
1785973356844,2,1597000,8,reconstructed
1785973356909,2,1599000,48,reconstructed
1785973357188,2,1599000,8,reconstructed
1785973357228,2,1605000,35,reconstructed
1785973358169,2,1598000,45,reconstructed
1785973358885,2,1599000,11,reconstructed
1785973359092,2,1599000,25,reconstructed
1785973360090,2,1599000,17,reconstructed
1785973360102,2,1602000,28,reconstructed
1785973361113,2,1600000,1,reconstructed
1785973361413,2,1599000,34,reconstructed
1785973361567,2,1600000,20,reconstructed
1785973361949,2,1604000,10,reconstructed
1785973363237,2,1603000,5,reconstructed
1785973364053,2,1604000,8,reconstructed
1785973364187,2,1603000,29,reconstructed
1785973364556,2,1602000,26,reconstructed
1785973364661,2,1605000,18,reconstructed
1785973365388,2,1607000,4,reconstructed
1785973366377,2,1605000,18,reconstructed
1785973366685,2,1604000,78,reconstructed
1785973366989,2,1602000,5,reconstructed
1785973367477,2,1604000,12,reconstructed
1785973368602,2,1604000,7,reconstructed
1785973368973,2,1606000,26,reconstructed
1785973369358,2,1606000,23,reconstructed
1785973369972,2,1606000,3,reconstructed
1785973370398,2,1606000,23,reconstructed
1785973371871,2,1612000,29,reconstructed
1785973372013,2,1610000,16,reconstructed
1785973373301,2,1612000,18,reconstructed
1785973375068,2,1612000,59,reconstructed
1785973375653,2,1615000,25,reconstructed
1785973375724,2,1614000,11,reconstructed
1785973375746,2,1612000,10,reconstructed
1785973375905,2,1610000,9,reconstructed
1785973376332,2,1613000,96,reconstructed
1785973376663,2,1613000,33,reconstructed
1785973376665,2,1614000,8,reconstructed
1785973376701,2,1616000,53,reconstructed
1785973376980,2,1611000,81,reconstructed
1785973377363,2,1611000,40,reconstructed
1785973377613,2,1608000,5,reconstructed
1785973377962,2,1606000,2,reconstructed
1785973379381,2,1605000,19,reconstructed
1785973379756,2,1603000,42,reconstructed
1785973381345,2,1606000,17,reconstructed
1785973381675,2,1607000,53,reconstructed
1785973382366,2,1606000,12,reconstructed
1785973383379,2,1605000,17,reconstructed
1785973383702,2,1604000,20,reconstructed
1785973383705,2,1606000,18,reconstructed
1785973383949,2,1605000,61,reconstructed
1785973384148,2,1605000,12,reconstructed
1785973385441,2,1608000,15,reconstructed
1785973385633,2,1606000,9,reconstructed
1785973385814,2,1606000,34,reconstructed
1785973386029,2,1606000,3,reconstructed
1785973386493,2,1605000,11,reconstructed
1785973387702,2,1603000,18,reconstructed
1785973388524,2,1602000,10,reconstructed
1785973389087,2,1601000,12,reconstructed
1785973390192,2,1601000,4,reconstructed
1785973390945,2,1602000,75,reconstructed
1785973391294,2,1603000,13,reconstructed
1785973391566,2,1602000,13,reconstructed
1785973391656,2,1607000,13,reconstructed
1785973391903,2,1608000,8,reconstructed
1785973392572,2,1604000,68,reconstructed
1785973392850,2,1603000,146,reconstructed
1785973392853,2,1603000,26,reconstructed
1785973392913,2,1603000,78,reconstructed
1785973394265,2,1603000,38,reconstructed
1785973394629,2,1605000,36,reconstructed
1785973395905,2,1603000,19,reconstructed
1785973396131,2,1604000,10,reconstructed
1785973396703,2,1605000,43,reconstructed
1785973397170,2,1607000,23,reconstructed
1785973400473,2,1605000,22,reconstructed
1785973400706,2,1606000,11,reconstructed
1785973401285,2,1607000,5,reconstructed
1785973402588,2,1606000,7,reconstructed
1785973403407,2,1608000,7,reconstructed
1785973403426,2,1606000,12,reconstructed
1785973403780,2,1604000,9,reconstructed
1785973403994,2,1602000,32,reconstructed
1785973404145,2,1602000,7,reconstructed
1785973404245,2,1601000,25,reconstructed
1785973404432,2,1601000,44,reconstructed
1785973405353,2,1602000,19,reconstructed
1785973405614,2,1604000,16,reconstructed
1785973406798,2,1602000,4,reconstructed
1785973407197,2,1602000,5,reconstructed
1785973407742,2,1601000,12,reconstructed
1785973407770,2,1601000,29,reconstructed
1785973408516,2,1600000,19,reconstructed
1785973408641,2,1599000,11,reconstructed
1785973409178,2,1599000,26,reconstructed
1785973410185,2,1602000,16,reconstructed
1785973411115,2,1599000,36,reconstructed
1785973411631,2,1600000,17,reconstructed
1785973411638,2,1601000,6,reconstructed
1785973411991,2,1601000,3,reconstructed
1785973413041,2,1605000,30,reconstructed
1785973413338,2,1604000,32,reconstructed
1785973413570,2,1602000,4,reconstructed
1785973414948,2,1604000,20,reconstructed
1785973416110,2,1608000,40,reconstructed
1785973417460,2,1606000,70,reconstructed
1785973417853,2,1604000,14,reconstructed
1785973418575,2,1604000,83,reconstructed
1785973418863,2,1603000,61,reconstructed
1785973420149,2,1604000,12,reconstructed
1785973421983,2,1605000,22,reconstructed
1785973422878,2,1605000,14,reconstructed
1785973423674,2,1604000,39,reconstructed
1785973425071,2,1605000,65,reconstructed
1785973425237,2,1605000,7,reconstructed
1785973425290,2,1604000,2,reconstructed
1785973425885,2,1604000,30,reconstructed
1785973426249,2,1603000,26,reconstructed
1785973426935,2,1598000,41,reconstructed
1785973429292,2,1600000,22,reconstructed
1785973429512,2,1605000,34,reconstructed
1785973430661,2,1605000,32,reconstructed
1785973430679,2,1603000,8,reconstructed
1785973434977,2,1602000,13,reconstructed
1785973435565,2,1600000,22,reconstructed
1785973435737,2,1602000,19,reconstructed
1785973436299,2,1599000,12,reconstructed
1785973436638,2,1599000,14,reconstructed
1785973437359,2,1597000,8,reconstructed
1785973437731,2,1599000,3,reconstructed
1785973438439,2,1596000,19,reconstructed
1785973439200,2,1598000,21,reconstructed
1785973439428,2,1596000,12,reconstructed
1785973440749,2,1595000,15,reconstructed
1785973440809,2,1599000,17,reconstructed
1785973440867,2,1600000,19,reconstructed
1785973441059,2,1602000,7,reconstructed
1785973441119,2,1603000,13,reconstructed
1785973441601,2,1604000,43,reconstructed
1785973442112,2,1604000,4,reconstructed
1785973442654,2,1602000,37,reconstructed
1785973443051,2,1604000,10,reconstructed
1785973444055,2,1604000,35,reconstructed
1785973444311,2,1605000,19,reconstructed
1785973445396,2,1605000,3,reconstructed
1785973446960,2,1603000,22,reconstructed
1785973447628,2,1604000,9,reconstructed
1785973447740,2,1605000,24,reconstructed
1785973448697,2,1605000,70,reconstructed
1785973448706,2,1605000,90,reconstructed
1785973448984,2,1605000,8,reconstructed
1785973450442,2,1600000,3,reconstructed
1785973450541,2,1599000,16,reconstructed
1785973451726,2,1598000,33,reconstructed
1785973452291,2,1597000,37,reconstructed
1785973452653,2,1600000,2,reconstructed
1785973452683,2,1603000,34,reconstructed
1785973452950,2,1604000,13,reconstructed
1785973454333,2,1606000,19,reconstructed
1785973454463,2,1601000,59,reconstructed
1785973454884,2,1605000,8,reconstructed
1785973456468,2,1605000,21,reconstructed
1785973456486,2,1604000,10,reconstructed
1785973456748,2,1602000,5,reconstructed
1785973457413,2,1600000,12,reconstructed
1785973457542,2,1598000,48,reconstructed
1785973459025,2,1598000,9,reconstructed
1785973459246,2,1598000,41,reconstructed
1785973460584,2,1598000,10,reconstructed
1785973462061,2,1598000,7,reconstructed
1785973463399,2,1598000,28,reconstructed
1785973463620,2,1598000,5,reconstructed
1785973463716,2,1601000,44,reconstructed
1785973464989,2,1602000,17,reconstructed
1785973465394,2,1601000,20,reconstructed
1785973466572,2,1601000,37,reconstructed
1785973467638,2,1600000,16,reconstructed
1785973467717,2,1601000,26,reconstructed
1785973469551,2,1602000,9,reconstructed
1785973471992,2,1603000,7,reconstructed
1785973473917,2,1606000,28,reconstructed
1785973475565,2,1607000,25,reconstructed
1785973476130,2,1609000,13,reconstructed
1785973478002,2,1611000,30,reconstructed
1785973478393,2,1611000,13,reconstructed
1785973478464,2,1611000,15,reconstructed
1785973478516,2,1610000,5,reconstructed
1785973479516,2,1609000,239,reconstructed
1785973480012,2,1609000,6,reconstructed
1785973480372,2,1607000,3,reconstructed
1785973480389,2,1608000,30,reconstructed
1785973481495,2,1608000,7,reconstructed
1785973483269,2,1609000,81,reconstructed
1785973483640,2,1612000,58,reconstructed
1785973484120,2,1613000,3,reconstructed
1785973484792,2,1608000,12,reconstructed
1785973488716,2,1608000,143,reconstructed
1785973489752,2,1609000,17,reconstructed
1785973490050,2,1611000,43,reconstructed
1785973490127,2,1611000,9,reconstructed
1785973490614,2,1611000,26,reconstructed
1785973490762,2,1604000,28,reconstructed
1785973491333,2,1606000,11,reconstructed
1785973491341,2,1606000,8,reconstructed
1785973491510,2,1605000,15,reconstructed
1785973492282,2,1605000,63,reconstructed
1785973492846,2,1606000,10,reconstructed
1785973493069,2,1607000,12,reconstructed
1785973493125,2,1605000,53,reconstructed
1785973494308,2,1604000,2,reconstructed
1785973494987,2,1601000,5,reconstructed
1785973496088,2,1602000,20,reconstructed
1785973496232,2,1601000,16,reconstructed
1785973496789,2,1601000,19,reconstructed
1785973497580,2,1604000,19,reconstructed
1785973497709,2,1604000,6,reconstructed
1785973498141,2,1603000,12,reconstructed
1785973498365,2,1603000,34,reconstructed
1785973498906,2,1604000,60,reconstructed
1785973499617,2,1603000,9,reconstructed
1785973500653,2,1604000,28,reconstructed
1785973501247,2,1602000,26,reconstructed
1785973501325,2,1599000,10,reconstructed
1785973502330,2,1598000,5,reconstructed
1785973503766,2,1599000,9,reconstructed
1785973504779,2,1597000,15,reconstructed
1785973505490,2,1603000,15,reconstructed
1785973507491,2,1604000,19,reconstructed
1785973507808,2,1606000,15,reconstructed
1785973508176,2,1608000,11,reconstructed
1785973508602,2,1606000,33,reconstructed
1785973508875,2,1604000,30,reconstructed
1785973509274,2,1603000,94,reconstructed
1785973509901,2,1604000,38,reconstructed
1785973510095,2,1604000,73,reconstructed
1785973510953,2,1604000,35,reconstructed
1785973513155,2,1602000,14,reconstructed
1785973514943,2,1606000,8,reconstructed
1785973515093,2,1610000,15,reconstructed
1785973516043,2,1609000,14,reconstructed
1785973518208,2,1608000,100,reconstructed
1785973518712,2,1605000,19,reconstructed
1785973520054,2,1602000,22,reconstructed
1785973520353,2,1603000,22,reconstructed
1785973520477,2,1601000,65,reconstructed
1785973520600,2,1599000,17,reconstructed
1785973521542,2,1599000,19,reconstructed
1785973523011,2,1597000,120,reconstructed
1785973523761,2,1598000,10,reconstructed
1785973523809,2,1599000,19,reconstructed
1785973523896,2,1600000,17,reconstructed
1785973524042,2,1598000,15,reconstructed
1785973524124,2,1597000,10,reconstructed
1785973524555,2,1597000,26,reconstructed
1785973524695,2,1598000,25,reconstructed
1785973525625,2,1597000,12,reconstructed
1785973526448,2,1596000,4,reconstructed
1785973527117,2,1596000,19,reconstructed
1785973527549,2,1599000,34,reconstructed
1785973527715,2,1599000,20,reconstructed
1785973527998,2,1604000,23,reconstructed
1785973528997,2,1603000,14,reconstructed
1785973531722,2,1602000,23,reconstructed
1785973532069,2,1601000,10,reconstructed
1785973532421,2,1601000,12,reconstructed
1785973532509,2,1600000,46,reconstructed
1785973532604,2,1601000,16,reconstructed
1785973533053,2,1599000,15,reconstructed
1785973533589,2,1597000,4,reconstructed
1785973533946,2,1597000,3,reconstructed
1785973534530,2,1596000,66,reconstructed
1785973536583,2,1594000,8,reconstructed
1785973537375,2,1595000,10,reconstructed
1785973537566,2,1594000,17,reconstructed
1785973538350,2,1594000,3,reconstructed
1785973539896,2,1593000,27,reconstructed
1785973541075,2,1590000,38,reconstructed
1785973541670,2,1593000,28,reconstructed
1785973542438,2,1596000,136,reconstructed
1785973544040,2,1596000,18,reconstructed
1785973544937,2,1595000,21,reconstructed
1785973548046,2,1596000,1,reconstructed
1785973548482,2,1596000,25,reconstructed
1785973548612,2,1598000,22,reconstructed
1785973548939,2,1599000,11,reconstructed
1785973549698,2,1601000,35,reconstructed
1785973549758,2,1605000,14,reconstructed
1785973554346,2,1606000,12,reconstructed
1785973554657,2,1605000,17,reconstructed
1785973554742,2,1604000,7,reconstructed
1785973555129,2,1605000,19,reconstructed
1785973555670,2,1606000,12,reconstructed
1785973556036,2,1606000,35,reconstructed
1785973556984,2,1606000,32,reconstructed
1785973557088,2,1602000,20,reconstructed
1785973560173,2,1600000,56,reconstructed
1785973560283,2,1602000,6,reconstructed
1785973560430,2,1601000,44,reconstructed
1785973560966,2,1600000,17,reconstructed
1785973561477,2,1603000,17,reconstructed
1785973562349,2,1603000,8,reconstructed
1785973562695,2,1605000,27,reconstructed
1785973562816,2,1610000,15,reconstructed
1785973563084,2,1609000,5,reconstructed
1785973563197,2,1609000,23,reconstructed
1785973563804,2,1608000,29,reconstructed
1785973563873,2,1607000,10,reconstructed
1785973566971,2,1606000,25,reconstructed
1785973568638,2,1603000,40,reconstructed
1785973568757,2,1603000,28,reconstructed
1785973569716,2,1606000,6,reconstructed
1785973569821,2,1607000,7,reconstructed
1785973571222,2,1609000,8,reconstructed
1785973571470,2,1606000,26,reconstructed
1785973571732,2,1606000,21,reconstructed
1785973571983,2,1605000,17,reconstructed
1785973572640,2,1607000,17,reconstructed
1785973573678,2,1607000,11,reconstructed
1785973573837,2,1606000,4,reconstructed
1785973574881,2,1606000,62,reconstructed
1785973575653,2,1607000,33,reconstructed
1785973575799,2,1606000,15,reconstructed
1785973575864,2,1603000,18,reconstructed
1785973575881,2,1603000,8,reconstructed
1785973576416,2,1603000,19,reconstructed
1785973576437,2,1599000,32,reconstructed
1785973576755,2,1600000,36,reconstructed
1785973578263,2,1599000,51,reconstructed
1785973578509,2,1596000,71,reconstructed
1785973578980,2,1595000,11,reconstructed
1785973579078,2,1601000,61,reconstructed
1785973579384,2,1601000,14,reconstructed
1785973583529,2,1604000,6,reconstructed
1785973584651,2,1600000,5,reconstructed
1785973585816,2,1603000,80,reconstructed
1785973587163,2,1603000,8,reconstructed
1785973587853,2,1603000,11,reconstructed
1785973589149,2,1600000,114,reconstructed
1785973590093,2,1601000,17,reconstructed
1785973592467,2,1602000,25,reconstructed
1785973592671,2,1601000,13,reconstructed
1785973592786,2,1602000,18,reconstructed
1785973595819,2,1603000,31,reconstructed
1785973595878,2,1606000,25,reconstructed
1785973596104,2,1606000,27,reconstructed
1785973596305,2,1606000,42,reconstructed
1785973596648,2,1606000,3,reconstructed
1785973596691,2,1605000,12,reconstructed
1785973598260,2,1606000,4,reconstructed
1785973598284,2,1604000,35,reconstructed
1785973599188,2,1605000,17,reconstructed
1785973599966,2,1603000,8,reconstructed
1785973600568,2,1600000,46,reconstructed
1785973600689,2,1601000,35,reconstructed
1785973601800,2,1603000,10,reconstructed
1785973601813,2,1603000,18,reconstructed
1785973601962,2,1603000,7,reconstructed
1785973602118,2,1601000,14,reconstructed
1785973602434,2,1599000,15,reconstructed
1785973602475,2,1599000,12,reconstructed
1785973602862,2,1597000,11,reconstructed
1785973603009,2,1600000,13,reconstructed
1785973603342,2,1601000,7,reconstructed
1785973604100,2,1598000,77,reconstructed
1785973607074,2,1599000,13,reconstructed
1785973608731,2,1598000,2,reconstructed
1785973608896,2,1602000,3,reconstructed
1785973609083,2,1603000,12,reconstructed
1785973609447,2,1605000,42,reconstructed
1785973610096,2,1602000,28,reconstructed
1785973611037,2,1604000,12,reconstructed
1785973611070,2,1601000,6,reconstructed
1785973611389,2,1601000,8,reconstructed
1785973611519,2,1599000,17,reconstructed
1785973611876,2,1600000,24,reconstructed
1785973612358,2,1600000,20,reconstructed
1785973612429,2,1603000,1,reconstructed
1785973612466,2,1599000,5,reconstructed
1785973613957,2,1597000,12,reconstructed
1785973613973,2,1599000,17,reconstructed
1785973617159,2,1597000,10,reconstructed
1785973618165,2,1600000,82,reconstructed
1785973620869,2,1598000,44,reconstructed
1785973622226,2,1598000,29,reconstructed
1785973622290,2,1596000,47,reconstructed
1785973622596,2,1597000,7,reconstructed
1785973622914,2,1597000,23,reconstructed
1785973623329,2,1596000,37,reconstructed
1785973623398,2,1596000,10,reconstructed
1785973623880,2,1598000,6,reconstructed
1785973623924,2,1598000,99,reconstructed
1785973624151,2,1599000,6,reconstructed
1785973625365,2,1597000,25,reconstructed
1785973626903,2,1598000,35,reconstructed
1785973627033,2,1601000,16,reconstructed
1785973627201,2,1600000,16,reconstructed
1785973627421,2,1601000,41,reconstructed
1785973627498,2,1601000,28,reconstructed
1785973627599,2,1602000,9,reconstructed
1785973628414,2,1601000,32,reconstructed
1785973628531,2,1602000,4,reconstructed
1785973630282,2,1600000,5,reconstructed
1785973630285,2,1601000,17,reconstructed
1785973630903,2,1599000,19,reconstructed
1785973631035,2,1598000,7,reconstructed
1785973631332,2,1600000,18,reconstructed
1785973631365,2,1601000,7,reconstructed
1785973631435,2,1600000,12,reconstructed
1785973631851,2,1598000,42,reconstructed
1785973633983,2,1596000,16,reconstructed
1785973634073,2,1596000,19,reconstructed
1785973634774,2,1596000,49,reconstructed
1785973635306,2,1597000,13,reconstructed
1785973635878,2,1597000,4,reconstructed
1785973636057,2,1599000,7,reconstructed
1785973636309,2,1601000,73,reconstructed
1785973636492,2,1602000,2,reconstructed
1785973637045,2,1600000,53,reconstructed
1785973637419,2,1602000,56,reconstructed
1785973639504,2,1597000,11,reconstructed
1785973640790,2,1596000,9,reconstructed
1785973641245,2,1600000,7,reconstructed
1785973642588,2,1600000,7,reconstructed
1785973643341,2,1601000,3,reconstructed
1785973643812,2,1602000,9,reconstructed
1785973644251,2,1605000,4,reconstructed
1785973644679,2,1604000,70,reconstructed
1785973644970,2,1599000,18,reconstructed
1785973645496,2,1600000,17,reconstructed
1785973646865,2,1599000,2,reconstructed
1785973647114,2,1596000,53,reconstructed
1785973647785,2,1597000,2,reconstructed
1785973650685,2,1602000,28,reconstructed
1785973650813,2,1603000,16,reconstructed
1785973650944,2,1601000,13,reconstructed
1785973651038,2,1601000,22,reconstructed
1785973651167,2,1601000,34,reconstructed
1785973651340,2,1603000,4,reconstructed
1785973652520,2,1605000,4,reconstructed
1785973652912,2,1604000,9,reconstructed
1785973652929,2,1604000,7,reconstructed
1785973653136,2,1604000,17,reconstructed
1785973653513,2,1606000,23,reconstructed
1785973653749,2,1603000,17,reconstructed
1785973654121,2,1606000,24,reconstructed
1785973654432,2,1606000,8,reconstructed
1785973655416,2,1606000,106,reconstructed
1785973658775,2,1603000,14,reconstructed
1785973659488,2,1604000,31,reconstructed
1785973659733,2,1606000,12,reconstructed
1785973662251,2,1607000,9,reconstructed
1785973662385,2,1603000,8,reconstructed
1785973665253,2,1604000,5,reconstructed
1785973665279,2,1605000,12,reconstructed
1785973665303,2,1605000,30,reconstructed
1785973665481,2,1604000,23,reconstructed
1785973665857,2,1602000,16,reconstructed
1785973665971,2,1603000,2,reconstructed
1785973667336,2,1604000,8,reconstructed
1785973667464,2,1601000,13,reconstructed
1785973667674,2,1601000,25,reconstructed
1785973668311,2,1599000,6,reconstructed
1785973669396,2,1599000,7,reconstructed
1785973672826,2,1599000,34,reconstructed
1785973673768,2,1604000,12,reconstructed
1785973673871,2,1606000,98,reconstructed
1785973674284,2,1608000,14,reconstructed
1785973674754,2,1608000,17,reconstructed
1785973675627,2,1606000,11,reconstructed
1785973677059,2,1610000,14,reconstructed
1785973677799,2,1607000,8,reconstructed
1785973678412,2,1604000,20,reconstructed
1785973678742,2,1605000,65,reconstructed
1785973678787,2,1605000,12,reconstructed
1785973684601,2,1602000,17,reconstructed
1785973684634,2,1603000,4,reconstructed
1785973685066,2,1601000,17,reconstructed
1785973685262,2,1601000,12,reconstructed
1785973685435,2,1602000,85,reconstructed
1785973685978,2,1601000,9,reconstructed
1785973686006,2,1601000,38,reconstructed
1785973686215,2,1603000,16,reconstructed
1785973686447,2,1607000,2,reconstructed
1785973687135,2,1605000,7,reconstructed
1785973687422,2,1605000,4,reconstructed
1785973687699,2,1603000,7,reconstructed
1785973688772,2,1602000,78,reconstructed
1785973689442,2,1603000,43,reconstructed
1785973690130,2,1601000,66,reconstructed
1785973690399,2,1603000,17,reconstructed
1785973693010,2,1604000,25,reconstructed
1785973693584,2,1604000,15,reconstructed
1785973694492,2,1605000,35,reconstructed
1785973695961,2,1605000,86,reconstructed
1785973696225,2,1607000,45,reconstructed
1785973698862,2,1607000,18,reconstructed
1785973700595,2,1605000,55,reconstructed
1785973700601,2,1606000,17,reconstructed
1785973700977,2,1607000,2,reconstructed
1785973701713,2,1606000,36,reconstructed
1785973702163,2,1605000,39,reconstructed
1785973703941,2,1608000,19,reconstructed
1785973704180,2,1609000,16,reconstructed
1785973704709,2,1608000,41,reconstructed
1785973705357,2,1603000,15,reconstructed
1785973705658,2,1604000,5,reconstructed
1785973705828,2,1603000,31,reconstructed
1785973706364,2,1606000,52,reconstructed
1785973706925,2,1603000,24,reconstructed
1785973707786,2,1604000,39,reconstructed
1785973707889,2,1603000,10,reconstructed
1785973710573,2,1603000,7,reconstructed
1785973711012,2,1600000,7,reconstructed
1785973711563,2,1599000,6,reconstructed
1785973712665,2,1600000,22,reconstructed
1785973712677,2,1599000,65,reconstructed
1785973712971,2,1597000,12,reconstructed
1785973713378,2,1595000,45,reconstructed
1785973714298,2,1598000,41,reconstructed
1785973714961,2,1596000,14,reconstructed
1785973716356,2,1593000,12,reconstructed
1785973716721,2,1595000,110,reconstructed
1785973717138,2,1597000,20,reconstructed
1785973717535,2,1596000,59,reconstructed
1785973721958,2,1596000,21,reconstructed
1785973722034,2,1593000,8,reconstructed
1785973723100,2,1597000,15,reconstructed
1785973723583,2,1597000,12,reconstructed
1785973728086,2,1599000,39,reconstructed
1785973728146,2,1598000,9,reconstructed
1785973728426,2,1599000,16,reconstructed
1785973730945,2,1599000,29,reconstructed
1785973731686,2,1598000,19,reconstructed
1785973731943,2,1595000,10,reconstructed
1785973733217,2,1594000,2,reconstructed
1785973733379,2,1597000,220,reconstructed
1785973733675,2,1595000,4,reconstructed
1785973733774,2,1593000,13,reconstructed
1785973734155,2,1591000,62,reconstructed
1785973734204,2,1592000,11,reconstructed
1785973734302,2,1592000,15,reconstructed
1785973735457,2,1592000,105,reconstructed
1785973735872,2,1594000,37,reconstructed
1785973736531,2,1596000,41,reconstructed
1785973736665,2,1598000,29,reconstructed
1785973737264,2,1597000,45,reconstructed
1785973737615,2,1598000,11,reconstructed
1785973738231,2,1598000,16,reconstructed
1785973739036,2,1600000,21,reconstructed
1785973739197,2,1599000,5,reconstructed
1785973739959,2,1603000,5,reconstructed
1785973739962,2,1603000,3,reconstructed
1785973740262,2,1602000,27,reconstructed
1785973741006,2,1602000,47,reconstructed
1785973741038,2,1603000,19,reconstructed
1785973741962,2,1602000,18,reconstructed
1785973742744,2,1601000,10,reconstructed
1785973742809,2,1600000,18,reconstructed
1785973744031,2,1598000,48,reconstructed
1785973744283,2,1602000,14,reconstructed
1785973745373,2,1602000,29,reconstructed
1785973745387,2,1601000,11,reconstructed
1785973747302,2,1602000,8,reconstructed
1785973748374,2,1602000,14,reconstructed
1785973749961,2,1599000,52,reconstructed
1785973750314,2,1601000,7,reconstructed
1785973750689,2,1599000,5,reconstructed
1785973750864,2,1599000,18,reconstructed
1785973751023,2,1601000,30,reconstructed
1785973751130,2,1604000,42,reconstructed
1785973752252,2,1607000,8,reconstructed
1785973754690,2,1605000,15,reconstructed
1785973754933,2,1606000,34,reconstructed
1785973755825,2,1606000,111,reconstructed
1785973756247,2,1608000,56,reconstructed
1785973757278,2,1607000,19,reconstructed
1785973758074,2,1604000,12,reconstructed
1785973758209,2,1602000,6,reconstructed
1785973759079,2,1599000,11,reconstructed
1785973759719,2,1601000,8,reconstructed
1785973761379,2,1599000,5,reconstructed
1785973762803,2,1600000,28,reconstructed
1785973763829,2,1601000,16,reconstructed
1785973764504,2,1602000,24,reconstructed
1785973766001,2,1602000,40,reconstructed
1785973766030,2,1603000,17,reconstructed
1785973766554,2,1603000,10,reconstructed
1785973767240,2,1602000,22,reconstructed
1785973767288,2,1603000,47,reconstructed
1785973768568,2,1601000,8,reconstructed
1785973769644,2,1602000,14,reconstructed
1785973770827,2,1602000,38,reconstructed
1785973772815,2,1601000,32,reconstructed
1785973773439,2,1599000,13,reconstructed
1785973773482,2,1597000,22,reconstructed
1785973773710,2,1596000,102,reconstructed
1785973773849,2,1597000,24,reconstructed
1785973774430,2,1596000,7,reconstructed
1785973774689,2,1595000,28,reconstructed
1785973774771,2,1594000,32,reconstructed
1785973774785,2,1595000,6,reconstructed
1785973775212,2,1596000,17,reconstructed
1785973776069,2,1599000,176,reconstructed
1785973776680,2,1596000,8,reconstructed
1785973776736,2,1595000,6,reconstructed
1785973776904,2,1592000,14,reconstructed
1785973777668,2,1594000,7,reconstructed
1785973777695,2,1598000,4,reconstructed
1785973777995,2,1596000,3,reconstructed
1785973778481,2,1597000,52,reconstructed
1785973779158,2,1593000,28,reconstructed
1785973780006,2,1594000,10,reconstructed
1785973781128,2,1600000,61,reconstructed
1785973781276,2,1603000,6,reconstructed
1785973781402,2,1600000,9,reconstructed
1785973782203,2,1602000,20,reconstructed
1785973782439,2,1600000,19,reconstructed
1785973782476,2,1600000,82,reconstructed
1785973783553,2,1598000,25,reconstructed
1785973784669,2,1600000,12,reconstructed
1785973785050,2,1598000,30,reconstructed
1785973785714,2,1600000,21,reconstructed
1785973785851,2,1603000,8,reconstructed
1785973787225,2,1600000,8,reconstructed
1785973787864,2,1600000,30,reconstructed
1785973787952,2,1604000,75,reconstructed
1785973788299,2,1605000,28,reconstructed
1785973788775,2,1605000,44,reconstructed
1785973789161,2,1606000,17,reconstructed
1785973789273,2,1606000,9,reconstructed
1785973790154,2,1602000,53,reconstructed
1785973790162,2,1602000,24,reconstructed
1785973791112,2,1599000,5,reconstructed
1785973791749,2,1598000,34,reconstructed
1785973792531,2,1601000,9,reconstructed
1785973792949,2,1600000,10,reconstructed
1785973792953,2,1601000,31,reconstructed
1785973794027,2,1604000,13,reconstructed
1785973794334,2,1606000,6,reconstructed
1785973794444,2,1610000,9,reconstructed
1785973795291,2,1606000,24,reconstructed
1785973796051,2,1605000,38,reconstructed
1785973796658,2,1605000,32,reconstructed
1785973797348,2,1605000,73,reconstructed
1785973798529,2,1601000,4,reconstructed
1785973799679,2,1599000,60,reconstructed
