ts_ms,venue,px,qty,src
1785193200050,2,1272000,1,reported
1785193201390,2,1702000,28,reconstructed
1785193201453,2,1704000,7,reconstructed
1785193201786,2,1706000,8,reconstructed
1785193201956,2,1707000,16,reconstructed
1785193202348,2,1706000,15,reconstructed
1785193202649,2,1705000,9,reconstructed
1785193202836,2,1704000,9,reconstructed
1785193202878,2,1707000,21,reconstructed
1785193203037,2,1706000,22,reconstructed
1785193203053,2,1704000,128,reconstructed
1785193203276,2,1701000,4,reconstructed
1785193203369,2,1699000,13,reconstructed
1785193203417,2,1697000,21,reconstructed
1785193204463,2,1699000,14,reconstructed
1785193204749,2,1697000,12,reconstructed
1785193204906,2,1701000,38,reconstructed
1785193204949,2,1700000,68,reconstructed
1785193205177,2,1702000,20,reconstructed
1785193205454,2,1705000,4,reconstructed
1785193205501,2,1703000,13,reconstructed
1785193205795,2,1701000,30,reconstructed
1785193205895,2,1702000,20,reconstructed
1785193206316,2,1702000,36,reconstructed
1785193206499,2,1704000,6,reconstructed
1785193206699,2,1703000,9,reconstructed
1785193206811,2,1700000,32,reconstructed
1785193207009,2,1702000,9,reconstructed
1785193207129,2,1702000,10,reconstructed
1785193207307,2,1702000,26,reconstructed
1785193207339,2,1701000,30,reconstructed
1785193207639,2,1701000,11,reconstructed
1785193207656,2,1702000,63,reconstructed
1785193207899,2,1699000,1,reconstructed
1785193208281,2,1698000,35,reconstructed
1785193208305,2,1701000,21,reconstructed
1785193208611,2,1702000,3,reconstructed
1785193208731,2,1702000,32,reconstructed
1785193208843,2,1703000,24,reconstructed
1785193209253,2,1703000,9,reconstructed
1785193209839,2,1700000,19,reconstructed
1785193209974,2,1700000,8,reconstructed
1785193210238,2,1701000,66,reconstructed
1785193210274,2,1699000,4,reconstructed
1785193210570,2,1701000,10,reconstructed
1785193210948,2,1701000,29,reconstructed
1785193210994,2,1700000,29,reconstructed
1785193211043,2,1702000,33,reconstructed
1785193211158,2,1696000,52,reconstructed
1785193211246,2,1697000,4,reconstructed
1785193211637,2,1698000,11,reconstructed
1785193211738,2,1699000,60,reconstructed
1785193211859,2,1699000,12,reconstructed
1785193212477,2,1700000,9,reconstructed
1785193212563,2,1700000,13,reconstructed
1785193212693,2,1701000,17,reconstructed
1785193212759,2,1698000,68,reconstructed
1785193212932,2,1697000,26,reconstructed
1785193213198,2,1702000,10,reconstructed
1785193213214,2,1702000,24,reconstructed
1785193213589,2,1700000,3,reconstructed
1785193213829,2,1701000,3,reconstructed
1785193213849,2,1701000,16,reconstructed
1785193213868,2,1702000,60,reconstructed
1785193213982,2,1703000,104,reconstructed
1785193214017,2,1706000,6,reconstructed
1785193214023,2,1704000,11,reconstructed
1785193214163,2,1708000,15,reconstructed
1785193214368,2,1710000,19,reconstructed
1785193214539,2,1709000,20,reconstructed
1785193215145,2,1706000,14,reconstructed
1785193215174,2,1707000,10,reconstructed
1785193215449,2,1710000,9,reconstructed
1785193215677,2,1710000,89,reconstructed
1785193215746,2,1711000,7,reconstructed
1785193215972,2,1710000,19,reconstructed
1785193216052,2,1705000,14,reconstructed
1785193216090,2,1702000,17,reconstructed
1785193216239,2,1703000,11,reconstructed
1785193216376,2,1702000,25,reconstructed
1785193217903,2,1705000,25,reconstructed
1785193218003,2,1705000,12,reconstructed
1785193218100,2,1703000,80,reconstructed
1785193218279,2,1704000,43,reconstructed
1785193218282,2,1703000,82,reconstructed
1785193218645,2,1701000,75,reconstructed
1785193218652,2,1703000,12,reconstructed
1785193218780,2,1702000,28,reconstructed
1785193218824,2,1700000,13,reconstructed
1785193218846,2,1700000,8,reconstructed
1785193219116,2,1703000,4,reconstructed
1785193219589,2,1703000,8,reconstructed
1785193219795,2,1706000,13,reconstructed
1785193219865,2,1708000,22,reconstructed
1785193219946,2,1711000,16,reconstructed
1785193219969,2,1711000,24,reconstructed
1785193220082,2,1710000,46,reconstructed
1785193220143,2,1703000,12,reconstructed
1785193220213,2,1701000,32,reconstructed
1785193220834,2,1701000,63,reconstructed
1785193220958,2,1705000,19,reconstructed
1785193221336,2,1703000,111,reconstructed
1785193221643,2,1704000,51,reconstructed
1785193221648,2,1705000,14,reconstructed
1785193221760,2,1707000,6,reconstructed
1785193221837,2,1704000,19,reconstructed
1785193222051,2,1704000,6,reconstructed
1785193222070,2,1706000,24,reconstructed
1785193222458,2,1708000,10,reconstructed
1785193222684,2,1706000,19,reconstructed
1785193222711,2,1708000,19,reconstructed
1785193222978,2,1711000,9,reconstructed
1785193223036,2,1713000,3,reconstructed
1785193223180,2,1711000,14,reconstructed
1785193223316,2,1712000,5,reconstructed
1785193223648,2,1710000,3,reconstructed
1785193223838,2,1706000,26,reconstructed
1785193224171,2,1707000,6,reconstructed
1785193224538,2,1708000,26,reconstructed
1785193224539,2,1707000,11,reconstructed
1785193224730,2,1706000,18,reconstructed
1785193224744,2,1707000,5,reconstructed
1785193224850,2,1706000,10,reconstructed
1785193224940,2,1707000,13,reconstructed
1785193224941,2,1708000,5,reconstructed
1785193224999,2,1706000,18,reconstructed
1785193225310,2,1706000,18,reconstructed
1785193225491,2,1704000,119,reconstructed
1785193226124,2,1703000,18,reconstructed
1785193226693,2,1700000,2,reconstructed
1785193226740,2,1701000,36,reconstructed
1785193226764,2,1703000,50,reconstructed
1785193226836,2,1703000,64,reconstructed
1785193227271,2,1704000,34,reconstructed
1785193227529,2,1703000,23,reconstructed
1785193227774,2,1706000,9,reconstructed
1785193227788,2,1704000,6,reconstructed
1785193228566,2,1708000,26,reconstructed
1785193228744,2,1701000,72,reconstructed
1785193229361,2,1699000,14,reconstructed
1785193229482,2,1698000,4,reconstructed
1785193229611,2,1698000,2,reconstructed
1785193229838,2,1698000,2,reconstructed
1785193230140,2,1696000,7,reconstructed
1785193230155,2,1699000,57,reconstructed
1785193230361,2,1701000,36,reconstructed
1785193230742,2,1699000,4,reconstructed
1785193230926,2,1694000,7,reconstructed
1785193231337,2,1694000,25,reconstructed
1785193231772,2,1695000,26,reconstructed
1785193231860,2,1695000,15,reconstructed
1785193232071,2,1699000,31,reconstructed
1785193232093,2,1699000,16,reconstructed
1785193232120,2,1700000,20,reconstructed
1785193232130,2,1702000,55,reconstructed
1785193232163,2,1699000,5,reconstructed
1785193232428,2,1699000,32,reconstructed
1785193232429,2,1698000,48,reconstructed
1785193232637,2,1698000,49,reconstructed
1785193232689,2,1703000,8,reconstructed
1785193233088,2,1703000,14,reconstructed
1785193233348,2,1705000,17,reconstructed
1785193233410,2,1703000,52,reconstructed
1785193233570,2,1707000,3,reconstructed
1785193233844,2,1706000,37,reconstructed
1785193233999,2,1704000,109,reconstructed
1785193234486,2,1704000,5,reconstructed
1785193234601,2,1705000,60,reconstructed
1785193234665,2,1702000,48,reconstructed
1785193234830,2,1700000,72,reconstructed
1785193234886,2,1701000,3,reconstructed
1785193235096,2,1699000,3,reconstructed
1785193235791,2,1702000,57,reconstructed
1785193235937,2,1703000,18,reconstructed
1785193236150,2,1704000,11,reconstructed
1785193236367,2,1706000,15,reconstructed
1785193236456,2,1705000,38,reconstructed
1785193237002,2,1707000,53,reconstructed
1785193237101,2,1707000,56,reconstructed
1785193237330,2,1711000,26,reconstructed
1785193237460,2,1716000,25,reconstructed
1785193237515,2,1714000,27,reconstructed
1785193237804,2,1711000,8,reconstructed
1785193237845,2,1712000,6,reconstructed
1785193237981,2,1711000,17,reconstructed
1785193238019,2,1710000,84,reconstructed
1785193238322,2,1711000,58,reconstructed
1785193238594,2,1711000,4,reconstructed
1785193238686,2,1710000,91,reconstructed
1785193238765,2,1709000,22,reconstructed
1785193239026,2,1704000,26,reconstructed
1785193239084,2,1701000,26,reconstructed
1785193239281,2,1703000,50,reconstructed
1785193239284,2,1704000,4,reconstructed
1785193239373,2,1706000,10,reconstructed
1785193239438,2,1707000,29,reconstructed
1785193239583,2,1703000,8,reconstructed
1785193239603,2,1701000,3,reconstructed
1785193239698,2,1702000,1,reconstructed
1785193240300,2,1702000,9,reconstructed
1785193240857,2,1709000,22,reconstructed
1785193241012,2,1709000,5,reconstructed
1785193241172,2,1708000,11,reconstructed
1785193241385,2,1706000,6,reconstructed
1785193241731,2,1706000,89,reconstructed
1785193241998,2,1705000,22,reconstructed
1785193242057,2,1706000,6,reconstructed
1785193242282,2,1704000,16,reconstructed
1785193242798,2,1703000,10,reconstructed
1785193242938,2,1701000,73,reconstructed
1785193243798,2,1703000,20,reconstructed
1785193244048,2,1705000,8,reconstructed
1785193244551,2,1705000,14,reconstructed
1785193244626,2,1706000,3,reconstructed
1785193244733,2,1707000,12,reconstructed
1785193245022,2,1704000,12,reconstructed
1785193246167,2,1709000,8,reconstructed
1785193246531,2,1706000,11,reconstructed
1785193246688,2,1707000,18,reconstructed
1785193247031,2,1710000,24,reconstructed
1785193247253,2,1709000,15,reconstructed
1785193247395,2,1707000,7,reconstructed
1785193247677,2,1708000,37,reconstructed
1785193247903,2,1709000,13,reconstructed
1785193248379,2,1708000,26,reconstructed
1785193248500,2,1708000,29,reconstructed
1785193248785,2,1712000,17,reconstructed
1785193249218,2,1709000,60,reconstructed
1785193249459,2,1710000,20,reconstructed
1785193249501,2,1706000,24,reconstructed
1785193249527,2,1706000,7,reconstructed
1785193249662,2,1704000,10,reconstructed
1785193250037,2,1704000,232,reconstructed
1785193250134,2,1706000,28,reconstructed
1785193250176,2,1706000,34,reconstructed
1785193250239,2,1704000,51,reconstructed
1785193250661,2,1706000,19,reconstructed
1785193250722,2,1704000,14,reconstructed
1785193250911,2,1702000,12,reconstructed
1785193251025,2,1705000,27,reconstructed
1785193251200,2,1699000,3,reconstructed
1785193251664,2,1702000,11,reconstructed
1785193252056,2,1699000,13,reconstructed
1785193252282,2,1702000,43,reconstructed
1785193252527,2,1702000,9,reconstructed
1785193252542,2,1701000,14,reconstructed
1785193252605,2,1703000,18,reconstructed
1785193253567,2,1706000,7,reconstructed
1785193253572,2,1710000,10,reconstructed
1785193253591,2,1706000,3,reconstructed
1785193253905,2,1708000,16,reconstructed
1785193254118,2,1707000,21,reconstructed
1785193254199,2,1708000,22,reconstructed
1785193254219,2,1707000,20,reconstructed
1785193254746,2,1710000,19,reconstructed
1785193254949,2,1710000,29,reconstructed
1785193254997,2,1708000,7,reconstructed
1785193255451,2,1709000,18,reconstructed
1785193255777,2,1706000,5,reconstructed
1785193256367,2,1706000,12,reconstructed
1785193256510,2,1704000,15,reconstructed
1785193256815,2,1705000,61,reconstructed
1785193256951,2,1704000,7,reconstructed
1785193257204,2,1704000,30,reconstructed
1785193257520,2,1708000,25,reconstructed
1785193257594,2,1710000,13,reconstructed
1785193257731,2,1709000,20,reconstructed
1785193258480,2,1712000,4,reconstructed
1785193259043,2,1710000,114,reconstructed
1785193259394,2,1711000,9,reconstructed
1785193259787,2,1713000,17,reconstructed
1785193260084,2,1710000,15,reconstructed
1785193260091,2,1711000,15,reconstructed
1785193260611,2,1706000,47,reconstructed
1785193260770,2,1706000,19,reconstructed
1785193260837,2,1711000,65,reconstructed
1785193260929,2,1709000,4,reconstructed
1785193261036,2,1708000,30,reconstructed
1785193261747,2,1706000,22,reconstructed
1785193261753,2,1705000,35,reconstructed
1785193262126,2,1706000,17,reconstructed
1785193262182,2,1709000,18,reconstructed
1785193262514,2,1710000,12,reconstructed
1785193262515,2,1705000,7,reconstructed
1785193262829,2,1705000,16,reconstructed
1785193263435,2,1704000,23,reconstructed
1785193263931,2,1702000,6,reconstructed
1785193264374,2,1702000,136,reconstructed
1785193264712,2,1704000,20,reconstructed
1785193265071,2,1706000,41,reconstructed
1785193265149,2,1706000,4,reconstructed
1785193265467,2,1704000,5,reconstructed
1785193265871,2,1703000,29,reconstructed
1785193266026,2,1698000,48,reconstructed
1785193266266,2,1697000,11,reconstructed
1785193266555,2,1695000,7,reconstructed
1785193266643,2,1697000,17,reconstructed
1785193266656,2,1693000,54,reconstructed
1785193267231,2,1693000,21,reconstructed
1785193267676,2,1697000,39,reconstructed
1785193268144,2,1696000,33,reconstructed
1785193268431,2,1695000,11,reconstructed
1785193268436,2,1701000,28,reconstructed
1785193268548,2,1700000,10,reconstructed
1785193268899,2,1701000,61,reconstructed
1785193270119,2,1697000,27,reconstructed
1785193270366,2,1697000,15,reconstructed
1785193270521,2,1698000,33,reconstructed
1785193271101,2,1701000,9,reconstructed
1785193271304,2,1699000,42,reconstructed
1785193272058,2,1699000,13,reconstructed
1785193272242,2,1701000,4,reconstructed
1785193272329,2,1701000,8,reconstructed
1785193272484,2,1705000,4,reconstructed
1785193273209,2,1701000,2,reconstructed
1785193273925,2,1701000,14,reconstructed
1785193273928,2,1701000,7,reconstructed
1785193274229,2,1699000,53,reconstructed
1785193274397,2,1703000,30,reconstructed
1785193274738,2,1704000,8,reconstructed
1785193274845,2,1705000,22,reconstructed
1785193274865,2,1706000,29,reconstructed
1785193275288,2,1707000,5,reconstructed
1785193275630,2,1708000,102,reconstructed
1785193275731,2,1706000,5,reconstructed
1785193275771,2,1705000,45,reconstructed
1785193276079,2,1703000,15,reconstructed
1785193276137,2,1706000,8,reconstructed
1785193277194,2,1704000,8,reconstructed
1785193277754,2,1701000,10,reconstructed
1785193278130,2,1703000,26,reconstructed
1785193278802,2,1699000,7,reconstructed
1785193278942,2,1702000,24,reconstructed
1785193278946,2,1704000,11,reconstructed
1785193278958,2,1699000,5,reconstructed
1785193279239,2,1700000,2,reconstructed
1785193279264,2,1700000,28,reconstructed
1785193279277,2,1700000,5,reconstructed
1785193279414,2,1700000,9,reconstructed
1785193279425,2,1701000,28,reconstructed
1785193279603,2,1702000,32,reconstructed
1785193279611,2,1701000,6,reconstructed
1785193279685,2,1697000,35,reconstructed
1785193279890,2,1698000,8,reconstructed
1785193279996,2,1696000,5,reconstructed
1785193280073,2,1698000,24,reconstructed
1785193280655,2,1703000,7,reconstructed
1785193281322,2,1701000,16,reconstructed
1785193281772,2,1702000,23,reconstructed
1785193282406,2,1702000,20,reconstructed
1785193283318,2,1703000,2,reconstructed
1785193283333,2,1704000,11,reconstructed
1785193283632,2,1705000,21,reconstructed
1785193283893,2,1707000,20,reconstructed
1785193283986,2,1705000,35,reconstructed
1785193284131,2,1704000,7,reconstructed
1785193284532,2,1707000,8,reconstructed
1785193284579,2,1706000,41,reconstructed
1785193284678,2,1701000,8,reconstructed
1785193285073,2,1702000,11,reconstructed
1785193285143,2,1702000,23,reconstructed
1785193285416,2,1702000,2,reconstructed
1785193285511,2,1704000,11,reconstructed
1785193285559,2,1706000,17,reconstructed
1785193285582,2,1703000,26,reconstructed
1785193286049,2,1705000,19,reconstructed
1785193286140,2,1706000,42,reconstructed
1785193288527,2,1702000,5,reconstructed
1785193288561,2,1703000,20,reconstructed
1785193288620,2,1701000,12,reconstructed
1785193288625,2,1699000,133,reconstructed
1785193289071,2,1699000,8,reconstructed
1785193289741,2,1698000,16,reconstructed
1785193289836,2,1700000,13,reconstructed
1785193290108,2,1699000,15,reconstructed
1785193290152,2,1701000,10,reconstructed
1785193290205,2,1704000,16,reconstructed
1785193290245,2,1705000,13,reconstructed
1785193290378,2,1707000,12,reconstructed
1785193290686,2,1707000,218,reconstructed
1785193290715,2,1709000,48,reconstructed
1785193291234,2,1710000,25,reconstructed
1785193292286,2,1707000,4,reconstructed
1785193293194,2,1707000,46,reconstructed
1785193293227,2,1710000,28,reconstructed
1785193293865,2,1712000,17,reconstructed
1785193294206,2,1708000,4,reconstructed
1785193294455,2,1710000,14,reconstructed
1785193294628,2,1709000,4,reconstructed
1785193294962,2,1708000,36,reconstructed
1785193295556,2,1706000,24,reconstructed
1785193295888,2,1703000,24,reconstructed
1785193296413,2,1703000,10,reconstructed
1785193297158,2,1705000,64,reconstructed
1785193297216,2,1703000,30,reconstructed
1785193297475,2,1705000,14,reconstructed
1785193297504,2,1706000,23,reconstructed
1785193297524,2,1708000,26,reconstructed
1785193297949,2,1708000,24,reconstructed
1785193297952,2,1707000,15,reconstructed
1785193298477,2,1706000,33,reconstructed
1785193298485,2,1703000,19,reconstructed
1785193298531,2,1706000,10,reconstructed
1785193298657,2,1706000,8,reconstructed
1785193298780,2,1705000,17,reconstructed
1785193299114,2,1703000,2,reconstructed
1785193299247,2,1700000,25,reconstructed
1785193299908,2,1702000,16,reconstructed
1785193299920,2,1702000,20,reconstructed
1785193299936,2,1699000,18,reconstructed
1785193301126,2,1700000,79,reconstructed
1785193301450,2,1700000,14,reconstructed
1785193301466,2,1700000,9,reconstructed
1785193301777,2,1703000,12,reconstructed
1785193301865,2,1704000,23,reconstructed
1785193302249,2,1705000,20,reconstructed
1785193302743,2,1708000,16,reconstructed
1785193302928,2,1707000,54,reconstructed
1785193302941,2,1706000,56,reconstructed
1785193303289,2,1705000,58,reconstructed
1785193303378,2,1705000,9,reconstructed
1785193303592,2,1706000,50,reconstructed
1785193303718,2,1706000,26,reconstructed
1785193303775,2,1705000,123,reconstructed
1785193303986,2,1704000,12,reconstructed
1785193304558,2,1700000,4,reconstructed
1785193304559,2,1703000,19,reconstructed
1785193304570,2,1703000,47,reconstructed
1785193304898,2,1698000,18,reconstructed
1785193305187,2,1700000,3,reconstructed
1785193305516,2,1702000,9,reconstructed
1785193306024,2,1705000,49,reconstructed
1785193306098,2,1702000,9,reconstructed
1785193306382,2,1701000,36,reconstructed
1785193306579,2,1699000,60,reconstructed
1785193307861,2,1696000,28,reconstructed
1785193307931,2,1695000,10,reconstructed
1785193308051,2,1699000,15,reconstructed
1785193308161,2,1699000,47,reconstructed
1785193308454,2,1700000,4,reconstructed
1785193308642,2,1702000,20,reconstructed
1785193308893,2,1704000,47,reconstructed
1785193309072,2,1704000,11,reconstructed
1785193309484,2,1704000,13,reconstructed
1785193309715,2,1702000,9,reconstructed
1785193310051,2,1699000,12,reconstructed
1785193310731,2,1702000,10,reconstructed
1785193310754,2,1702000,20,reconstructed
1785193310811,2,1700000,6,reconstructed
1785193312470,2,1702000,19,reconstructed
1785193312686,2,1702000,17,reconstructed
1785193312757,2,1704000,103,reconstructed
1785193313771,2,1702000,22,reconstructed
1785193313865,2,1701000,7,reconstructed
1785193313999,2,1701000,36,reconstructed
1785193314133,2,1700000,54,reconstructed
1785193314186,2,1700000,24,reconstructed
1785193314216,2,1701000,17,reconstructed
1785193314268,2,1701000,41,reconstructed
1785193314535,2,1704000,19,reconstructed
1785193315163,2,1702000,12,reconstructed
1785193315392,2,1702000,62,reconstructed
1785193315394,2,1704000,29,reconstructed
1785193315510,2,1706000,225,reconstructed
1785193315803,2,1705000,8,reconstructed
1785193315880,2,1704000,19,reconstructed
1785193315969,2,1701000,28,reconstructed
1785193316031,2,1699000,82,reconstructed
1785193316128,2,1698000,15,reconstructed
1785193316369,2,1701000,60,reconstructed
1785193316394,2,1701000,40,reconstructed
1785193316606,2,1700000,22,reconstructed
1785193316850,2,1701000,8,reconstructed
1785193317057,2,1703000,35,reconstructed
1785193317588,2,1702000,27,reconstructed
1785193317701,2,1705000,10,reconstructed
1785193317828,2,1701000,24,reconstructed
1785193318597,2,1701000,35,reconstructed
1785193318977,2,1699000,13,reconstructed
1785193319379,2,1699000,29,reconstructed
1785193319508,2,1698000,13,reconstructed
1785193320308,2,1699000,7,reconstructed
1785193320516,2,1700000,11,reconstructed
1785193321095,2,1699000,15,reconstructed
1785193321312,2,1698000,17,reconstructed
1785193322759,2,1701000,46,reconstructed
1785193323152,2,1702000,34,reconstructed
1785193323492,2,1699000,19,reconstructed
1785193323525,2,1703000,12,reconstructed
1785193325049,2,1702000,15,reconstructed
1785193325266,2,1702000,1,reconstructed
1785193325579,2,1702000,12,reconstructed
1785193325760,2,1698000,11,reconstructed
1785193326218,2,1698000,45,reconstructed
1785193326397,2,1699000,12,reconstructed
1785193326828,2,1697000,34,reconstructed
1785193326933,2,1696000,15,reconstructed
1785193327053,2,1699000,17,reconstructed
1785193327152,2,1696000,24,reconstructed
1785193327154,2,1697000,5,reconstructed
1785193327406,2,1697000,20,reconstructed
1785193327448,2,1697000,19,reconstructed
1785193327844,2,1698000,6,reconstructed
1785193328658,2,1702000,10,reconstructed
1785193328913,2,1699000,9,reconstructed
1785193329106,2,1699000,14,reconstructed
1785193329199,2,1701000,63,reconstructed
1785193329249,2,1700000,105,reconstructed
1785193330066,2,1700000,67,reconstructed
1785193330269,2,1705000,27,reconstructed
1785193330477,2,1705000,20,reconstructed
1785193330532,2,1704000,7,reconstructed
1785193330739,2,1707000,11,reconstructed
1785193331206,2,1701000,23,reconstructed
1785193331304,2,1704000,2,reconstructed
1785193331906,2,1705000,23,reconstructed
1785193331965,2,1704000,11,reconstructed
1785193332028,2,1702000,14,reconstructed
1785193332257,2,1702000,2,reconstructed
1785193332526,2,1701000,11,reconstructed
1785193333681,2,1700000,7,reconstructed
1785193334884,2,1701000,7,reconstructed
1785193334908,2,1700000,65,reconstructed
1785193335676,2,1700000,23,reconstructed
1785193335873,2,1703000,39,reconstructed
1785193335962,2,1702000,13,reconstructed
1785193336435,2,1706000,94,reconstructed
1785193336596,2,1706000,19,reconstructed
1785193338047,2,1705000,30,reconstructed
1785193338906,2,1705000,77,reconstructed
1785193338919,2,1703000,32,reconstructed
1785193339306,2,1704000,52,reconstructed
1785193340047,2,1703000,3,reconstructed
1785193340551,2,1702000,15,reconstructed
1785193341362,2,1705000,6,reconstructed
1785193341430,2,1704000,8,reconstructed
1785193341944,2,1701000,13,reconstructed
1785193342571,2,1700000,11,reconstructed
1785193342615,2,1700000,17,reconstructed
1785193342889,2,1702000,38,reconstructed
1785193342993,2,1698000,23,reconstructed
1785193343054,2,1700000,7,reconstructed
1785193343618,2,1702000,16,reconstructed
1785193343875,2,1698000,19,reconstructed
1785193343897,2,1700000,19,reconstructed
1785193344145,2,1703000,9,reconstructed
1785193344405,2,1707000,25,reconstructed
1785193344491,2,1703000,43,reconstructed
1785193344634,2,1703000,31,reconstructed
1785193344693,2,1706000,57,reconstructed
1785193345042,2,1709000,8,reconstructed
1785193345720,2,1709000,42,reconstructed
1785193345754,2,1707000,11,reconstructed
1785193347039,2,1708000,4,reconstructed
1785193347139,2,1707000,9,reconstructed
1785193347967,2,1705000,52,reconstructed
1785193348325,2,1707000,12,reconstructed
1785193348412,2,1706000,10,reconstructed
1785193348472,2,1705000,2,reconstructed
1785193348800,2,1706000,15,reconstructed
1785193349977,2,1704000,52,reconstructed
1785193350907,2,1705000,17,reconstructed
1785193351112,2,1704000,415,reconstructed
1785193351473,2,1704000,31,reconstructed
1785193351624,2,1703000,34,reconstructed
1785193351961,2,1707000,19,reconstructed
1785193351988,2,1707000,55,reconstructed
1785193352035,2,1707000,24,reconstructed
1785193352358,2,1708000,22,reconstructed
1785193352805,2,1707000,12,reconstructed
1785193352864,2,1708000,4,reconstructed
1785193353042,2,1706000,80,reconstructed
1785193353231,2,1702000,5,reconstructed
1785193353467,2,1702000,43,reconstructed
1785193354412,2,1700000,4,reconstructed
1785193354479,2,1699000,17,reconstructed
1785193354481,2,1696000,20,reconstructed
1785193354509,2,1697000,48,reconstructed
1785193354787,2,1698000,8,reconstructed
1785193355290,2,1699000,27,reconstructed
1785193355715,2,1699000,16,reconstructed
1785193355816,2,1700000,39,reconstructed
1785193355917,2,1705000,17,reconstructed
1785193356404,2,1702000,9,reconstructed
1785193356443,2,1705000,27,reconstructed
1785193357237,2,1706000,64,reconstructed
1785193357662,2,1708000,68,reconstructed
1785193359011,2,1708000,4,reconstructed
1785193359093,2,1704000,53,reconstructed
1785193359835,2,1706000,7,reconstructed
1785193360594,2,1707000,38,reconstructed
1785193360618,2,1707000,19,reconstructed
1785193360689,2,1708000,9,reconstructed
1785193361378,2,1710000,19,reconstructed
1785193362288,2,1708000,28,reconstructed
1785193362352,2,1705000,60,reconstructed
1785193362719,2,1706000,15,reconstructed
1785193362926,2,1705000,18,reconstructed
1785193363180,2,1708000,28,reconstructed
1785193363813,2,1708000,35,reconstructed
1785193363863,2,1706000,28,reconstructed
1785193364398,2,1705000,1,reconstructed
1785193364684,2,1703000,32,reconstructed
1785193365446,2,1705000,13,reconstructed
1785193366718,2,1705000,48,reconstructed
1785193367773,2,1703000,1,reconstructed
1785193367811,2,1707000,24,reconstructed
1785193367822,2,1701000,51,reconstructed
1785193367893,2,1703000,20,reconstructed
1785193367912,2,1705000,44,reconstructed
1785193369151,2,1706000,66,reconstructed
1785193369546,2,1703000,13,reconstructed
1785193370248,2,1700000,99,reconstructed
1785193371169,2,1702000,4,reconstructed
1785193371259,2,1702000,16,reconstructed
1785193372358,2,1702000,10,reconstructed
1785193372771,2,1702000,5,reconstructed
1785193372947,2,1704000,69,reconstructed
1785193373465,2,1704000,5,reconstructed
1785193373607,2,1702000,7,reconstructed
1785193374416,2,1704000,33,reconstructed
1785193374918,2,1703000,10,reconstructed
1785193375022,2,1703000,5,reconstructed
1785193375023,2,1703000,47,reconstructed
1785193375114,2,1703000,18,reconstructed
1785193375437,2,1699000,21,reconstructed
1785193375497,2,1701000,170,reconstructed
1785193376398,2,1700000,9,reconstructed
1785193376606,2,1700000,26,reconstructed
1785193377282,2,1702000,11,reconstructed
1785193377591,2,1700000,13,reconstructed
1785193377964,2,1701000,81,reconstructed
1785193377968,2,1703000,15,reconstructed
1785193378471,2,1701000,5,reconstructed
1785193378922,2,1700000,7,reconstructed
1785193379369,2,1704000,3,reconstructed
1785193379483,2,1700000,5,reconstructed
1785193379659,2,1702000,13,reconstructed
1785193379850,2,1705000,22,reconstructed
1785193379944,2,1701000,5,reconstructed
1785193380566,2,1704000,9,reconstructed
1785193381797,2,1703000,121,reconstructed
1785193381849,2,1704000,5,reconstructed
1785193382163,2,1707000,5,reconstructed
1785193383096,2,1707000,5,reconstructed
1785193384284,2,1706000,32,reconstructed
1785193385472,2,1709000,13,reconstructed
1785193385594,2,1709000,44,reconstructed
1785193385867,2,1709000,52,reconstructed
1785193385897,2,1705000,6,reconstructed
1785193386407,2,1706000,15,reconstructed
1785193387201,2,1705000,24,reconstructed
1785193387368,2,1704000,68,reconstructed
1785193387636,2,1704000,24,reconstructed
1785193388134,2,1706000,9,reconstructed
1785193388228,2,1706000,6,reconstructed
1785193388752,2,1706000,48,reconstructed
1785193388828,2,1708000,18,reconstructed
1785193389259,2,1708000,31,reconstructed
1785193389358,2,1708000,42,reconstructed
1785193389464,2,1703000,66,reconstructed
1785193389725,2,1702000,100,reconstructed
1785193390055,2,1701000,5,reconstructed
1785193390175,2,1699000,30,reconstructed
1785193390782,2,1699000,11,reconstructed
1785193391265,2,1700000,25,reconstructed
1785193392053,2,1704000,7,reconstructed
1785193392398,2,1704000,5,reconstructed
1785193394033,2,1704000,4,reconstructed
1785193394712,2,1703000,15,reconstructed
1785193395501,2,1700000,34,reconstructed
1785193395855,2,1698000,26,reconstructed
1785193395957,2,1694000,50,reconstructed
1785193396250,2,1695000,29,reconstructed
1785193397963,2,1699000,7,reconstructed
1785193397987,2,1702000,83,reconstructed
1785193398603,2,1708000,21,reconstructed
1785193398741,2,1709000,20,reconstructed
1785193399376,2,1711000,3,reconstructed
1785193400178,2,1711000,48,reconstructed
1785193400279,2,1710000,42,reconstructed
1785193400485,2,1709000,64,reconstructed
1785193400798,2,1709000,20,reconstructed
1785193400973,2,1708000,109,reconstructed
1785193401878,2,1712000,16,reconstructed
1785193402396,2,1705000,39,reconstructed
1785193402917,2,1708000,28,reconstructed
1785193403041,2,1708000,9,reconstructed
1785193403413,2,1705000,14,reconstructed
1785193404005,2,1705000,9,reconstructed
1785193404147,2,1704000,59,reconstructed
1785193404224,2,1703000,4,reconstructed
1785193405369,2,1702000,27,reconstructed
1785193405563,2,1701000,82,reconstructed
1785193407310,2,1702000,4,reconstructed
1785193407708,2,1701000,100,reconstructed
1785193409459,2,1703000,12,reconstructed
1785193409896,2,1706000,25,reconstructed
1785193410124,2,1705000,9,reconstructed
1785193411067,2,1705000,16,reconstructed
1785193412335,2,1707000,93,reconstructed
1785193412788,2,1706000,9,reconstructed
1785193412833,2,1707000,3,reconstructed
1785193413096,2,1709000,10,reconstructed
1785193413803,2,1707000,15,reconstructed
1785193414301,2,1706000,8,reconstructed
1785193414579,2,1704000,13,reconstructed
1785193415345,2,1707000,30,reconstructed
1785193415715,2,1703000,6,reconstructed
1785193415943,2,1704000,15,reconstructed
1785193416727,2,1702000,59,reconstructed
1785193417383,2,1704000,25,reconstructed
1785193417917,2,1703000,3,reconstructed
1785193419703,2,1704000,12,reconstructed
1785193419708,2,1704000,9,reconstructed
1785193419805,2,1708000,16,reconstructed
1785193420819,2,1705000,14,reconstructed
1785193421269,2,1702000,9,reconstructed
1785193421364,2,1699000,34,reconstructed
1785193421865,2,1698000,10,reconstructed
1785193422105,2,1700000,16,reconstructed
1785193423017,2,1699000,6,reconstructed
1785193423215,2,1702000,4,reconstructed
1785193423305,2,1699000,25,reconstructed
1785193423392,2,1700000,5,reconstructed
1785193423452,2,1701000,3,reconstructed
1785193424322,2,1702000,54,reconstructed
1785193424623,2,1701000,11,reconstructed
1785193425341,2,1696000,22,reconstructed
1785193425532,2,1696000,20,reconstructed
1785193426031,2,1695000,70,reconstructed
1785193426860,2,1698000,13,reconstructed
1785193426875,2,1700000,156,reconstructed
1785193427600,2,1698000,15,reconstructed
1785193427936,2,1700000,46,reconstructed
1785193428396,2,1700000,10,reconstructed
1785193428480,2,1700000,24,reconstructed
1785193429558,2,1699000,28,reconstructed
1785193430190,2,1700000,14,reconstructed
1785193430839,2,1701000,9,reconstructed
1785193430962,2,1702000,2,reconstructed
1785193431062,2,1704000,145,reconstructed
1785193431984,2,1703000,17,reconstructed
1785193432005,2,1700000,9,reconstructed
1785193432092,2,1700000,12,reconstructed
1785193432462,2,1699000,13,reconstructed
1785193432845,2,1699000,10,reconstructed
1785193432910,2,1697000,25,reconstructed
1785193433695,2,1702000,10,reconstructed
1785193434217,2,1704000,35,reconstructed
1785193435267,2,1701000,50,reconstructed
1785193436296,2,1701000,16,reconstructed
1785193437077,2,1701000,19,reconstructed
1785193437552,2,1702000,13,reconstructed
1785193437989,2,1699000,19,reconstructed
1785193438373,2,1702000,17,reconstructed
1785193439260,2,1702000,7,reconstructed
1785193440865,2,1699000,2,reconstructed
1785193441394,2,1699000,24,reconstructed
1785193441416,2,1696000,20,reconstructed
1785193441613,2,1699000,11,reconstructed
1785193441910,2,1699000,7,reconstructed
1785193443057,2,1695000,33,reconstructed
1785193443344,2,1697000,58,reconstructed
1785193443596,2,1697000,30,reconstructed
1785193443624,2,1699000,7,reconstructed
1785193443838,2,1699000,3,reconstructed
1785193443972,2,1701000,4,reconstructed
1785193444271,2,1700000,68,reconstructed
1785193444847,2,1705000,8,reconstructed
1785193445011,2,1702000,42,reconstructed
1785193445509,2,1700000,62,reconstructed
1785193445544,2,1698000,19,reconstructed
1785193446120,2,1696000,17,reconstructed
1785193448605,2,1696000,19,reconstructed
1785193449407,2,1699000,25,reconstructed
1785193450153,2,1697000,2,reconstructed
1785193450371,2,1699000,9,reconstructed
1785193451056,2,1701000,31,reconstructed
1785193451858,2,1700000,14,reconstructed
1785193452394,2,1698000,20,reconstructed
1785193453909,2,1701000,12,reconstructed
1785193454245,2,1702000,13,reconstructed
1785193454287,2,1702000,12,reconstructed
1785193455063,2,1706000,6,reconstructed
1785193455142,2,1706000,23,reconstructed
1785193455577,2,1704000,12,reconstructed
1785193456549,2,1704000,15,reconstructed
1785193457896,2,1706000,9,reconstructed
1785193459762,2,1707000,10,reconstructed
1785193460181,2,1705000,13,reconstructed
1785193460842,2,1703000,13,reconstructed
1785193461250,2,1701000,5,reconstructed
1785193461867,2,1698000,86,reconstructed
1785193463908,2,1701000,37,reconstructed
1785193463934,2,1699000,56,reconstructed
1785193463976,2,1702000,3,reconstructed
1785193464804,2,1705000,8,reconstructed
1785193465118,2,1704000,44,reconstructed
1785193465297,2,1701000,34,reconstructed
1785193466581,2,1698000,49,reconstructed
1785193466696,2,1696000,8,reconstructed
1785193466885,2,1693000,50,reconstructed
1785193467625,2,1692000,126,reconstructed
1785193467960,2,1693000,44,reconstructed
1785193468060,2,1695000,11,reconstructed
1785193468273,2,1699000,21,reconstructed
1785193468957,2,1700000,31,reconstructed
1785193469710,2,1703000,64,reconstructed
1785193471860,2,1702000,16,reconstructed
1785193471871,2,1699000,77,reconstructed
1785193472343,2,1697000,58,reconstructed
1785193472439,2,1698000,1,reconstructed
1785193472561,2,1696000,43,reconstructed
1785193472699,2,1696000,63,reconstructed
1785193473076,2,1699000,10,reconstructed
1785193473109,2,1700000,87,reconstructed
1785193473141,2,1703000,5,reconstructed
1785193474322,2,1706000,14,reconstructed
1785193475440,2,1706000,14,reconstructed
1785193476016,2,1707000,14,reconstructed
1785193476138,2,1706000,3,reconstructed
1785193476386,2,1707000,7,reconstructed
1785193477805,2,1708000,16,reconstructed
1785193478552,2,1708000,53,reconstructed
1785193480215,2,1704000,12,reconstructed
1785193480587,2,1704000,8,reconstructed
1785193480753,2,1706000,25,reconstructed
1785193481375,2,1706000,12,reconstructed
1785193481419,2,1702000,10,reconstructed
1785193481553,2,1707000,40,reconstructed
1785193482016,2,1705000,14,reconstructed
1785193482645,2,1704000,8,reconstructed
1785193484333,2,1704000,26,reconstructed
1785193484814,2,1701000,57,reconstructed
1785193485074,2,1700000,13,reconstructed
1785193485178,2,1700000,8,reconstructed
1785193486006,2,1701000,23,reconstructed
1785193486140,2,1701000,12,reconstructed
1785193486213,2,1700000,12,reconstructed
1785193487179,2,1703000,86,reconstructed
1785193487384,2,1700000,7,reconstructed
1785193488655,2,1699000,4,reconstructed
1785193489693,2,1699000,2,reconstructed
1785193490046,2,1700000,6,reconstructed
1785193490083,2,1698000,10,reconstructed
1785193491319,2,1700000,9,reconstructed
1785193492723,2,1694000,24,reconstructed
1785193492823,2,1697000,8,reconstructed
1785193493587,2,1697000,26,reconstructed
1785193493903,2,1698000,11,reconstructed
1785193495006,2,1702000,12,reconstructed
1785193495212,2,1704000,14,reconstructed
1785193495321,2,1703000,66,reconstructed
1785193495422,2,1700000,4,reconstructed
1785193495694,2,1702000,8,reconstructed
1785193495907,2,1702000,4,reconstructed
1785193496007,2,1701000,25,reconstructed
1785193497413,2,1701000,3,reconstructed
1785193497599,2,1701000,25,reconstructed
1785193498006,2,1702000,135,reconstructed
1785193498528,2,1704000,5,reconstructed
1785193498833,2,1703000,22,reconstructed
1785193499196,2,1700000,19,reconstructed
1785193499287,2,1702000,4,reconstructed
1785193499383,2,1699000,38,reconstructed
1785193500183,2,1700000,10,reconstructed
1785193500881,2,1702000,5,reconstructed
1785193501017,2,1702000,8,reconstructed
1785193501202,2,1699000,13,reconstructed
1785193501765,2,1698000,19,reconstructed
1785193502845,2,1700000,13,reconstructed
1785193503027,2,1704000,60,reconstructed
1785193504225,2,1703000,155,reconstructed
1785193504731,2,1702000,11,reconstructed
1785193504741,2,1702000,4,reconstructed
1785193504753,2,1702000,49,reconstructed
1785193505504,2,1704000,57,reconstructed
1785193505672,2,1705000,3,reconstructed
1785193505799,2,1708000,20,reconstructed
1785193506208,2,1708000,13,reconstructed
1785193506873,2,1711000,9,reconstructed
1785193506994,2,1708000,24,reconstructed
1785193507756,2,1706000,16,reconstructed
1785193508942,2,1702000,46,reconstructed
1785193508989,2,1700000,90,reconstructed
1785193509179,2,1700000,8,reconstructed
1785193509393,2,1701000,48,reconstructed
1785193510614,2,1702000,22,reconstructed
1785193510623,2,1698000,8,reconstructed
1785193511599,2,1698000,29,reconstructed
1785193511823,2,1700000,7,reconstructed
1785193512240,2,1702000,44,reconstructed
1785193513061,2,1701000,6,reconstructed
1785193513348,2,1702000,3,reconstructed
1785193513569,2,1703000,5,reconstructed
1785193513670,2,1699000,27,reconstructed
1785193514037,2,1698000,18,reconstructed
1785193514165,2,1697000,15,reconstructed
1785193514981,2,1699000,4,reconstructed
1785193516312,2,1701000,5,reconstructed
1785193517675,2,1704000,13,reconstructed
1785193518121,2,1702000,9,reconstructed
1785193518161,2,1700000,14,reconstructed
1785193518162,2,1702000,12,reconstructed
1785193518859,2,1700000,7,reconstructed
1785193519877,2,1701000,28,reconstructed
1785193520424,2,1703000,13,reconstructed
1785193520481,2,1700000,24,reconstructed
1785193520733,2,1698000,2,reconstructed
1785193521937,2,1697000,26,reconstructed
1785193522592,2,1696000,6,reconstructed
1785193522642,2,1696000,21,reconstructed
1785193524568,2,1702000,82,reconstructed
1785193524908,2,1702000,50,reconstructed
1785193524996,2,1705000,10,reconstructed
1785193525044,2,1707000,29,reconstructed
1785193525105,2,1703000,4,reconstructed
1785193525382,2,1702000,6,reconstructed
1785193525658,2,1700000,12,reconstructed
1785193526599,2,1701000,2,reconstructed
1785193526748,2,1702000,14,reconstructed
1785193527408,2,1706000,3,reconstructed
1785193529684,2,1707000,2,reconstructed
1785193529941,2,1704000,36,reconstructed
1785193530013,2,1704000,32,reconstructed
1785193531359,2,1703000,41,reconstructed
1785193532035,2,1704000,15,reconstructed
1785193532178,2,1702000,50,reconstructed
1785193532648,2,1701000,16,reconstructed
1785193533027,2,1702000,12,reconstructed
1785193533479,2,1704000,30,reconstructed
1785193533537,2,1706000,100,reconstructed
1785193533879,2,1704000,16,reconstructed
1785193534670,2,1698000,14,reconstructed
1785193535686,2,1699000,63,reconstructed
1785193536159,2,1700000,81,reconstructed
1785193536545,2,1697000,52,reconstructed
1785193536738,2,1699000,4,reconstructed
1785193537355,2,1704000,9,reconstructed
1785193537936,2,1703000,65,reconstructed
1785193540082,2,1703000,123,reconstructed
1785193540607,2,1703000,145,reconstructed
1785193540622,2,1700000,8,reconstructed
1785193541620,2,1704000,34,reconstructed
1785193541714,2,1700000,24,reconstructed
1785193541975,2,1701000,33,reconstructed
1785193542918,2,1702000,23,reconstructed
1785193543047,2,1702000,4,reconstructed
1785193544306,2,1699000,19,reconstructed
1785193544532,2,1697000,112,reconstructed
1785193547418,2,1699000,4,reconstructed
1785193548476,2,1701000,102,reconstructed
1785193548623,2,1704000,57,reconstructed
1785193549441,2,1702000,4,reconstructed
1785193549496,2,1701000,7,reconstructed
1785193550046,2,1703000,30,reconstructed
1785193550815,2,1704000,70,reconstructed
1785193551664,2,1703000,46,reconstructed
1785193552034,2,1701000,49,reconstructed
1785193552067,2,1700000,25,reconstructed
1785193552480,2,1703000,71,reconstructed
1785193552640,2,1704000,48,reconstructed
1785193552849,2,1702000,21,reconstructed
1785193553252,2,1700000,29,reconstructed
1785193553996,2,1701000,9,reconstructed
1785193554478,2,1699000,12,reconstructed
1785193554481,2,1700000,23,reconstructed
1785193555445,2,1705000,13,reconstructed
1785193555460,2,1706000,11,reconstructed
1785193555547,2,1707000,9,reconstructed
1785193556510,2,1706000,32,reconstructed
1785193556897,2,1706000,19,reconstructed
1785193557071,2,1707000,42,reconstructed
1785193558906,2,1707000,24,reconstructed
1785193560330,2,1709000,32,reconstructed
1785193561189,2,1709000,44,reconstructed
1785193561602,2,1706000,10,reconstructed
1785193562617,2,1705000,12,reconstructed
1785193564185,2,1707000,20,reconstructed
1785193564378,2,1707000,73,reconstructed
1785193564462,2,1707000,3,reconstructed
1785193565510,2,1710000,20,reconstructed
1785193565544,2,1705000,57,reconstructed
1785193565601,2,1703000,4,reconstructed
1785193565658,2,1703000,27,reconstructed
1785193566330,2,1704000,9,reconstructed
1785193567083,2,1702000,22,reconstructed
1785193568825,2,1700000,20,reconstructed
1785193568897,2,1705000,7,reconstructed
1785193568974,2,1706000,60,reconstructed
1785193569720,2,1703000,9,reconstructed
1785193569949,2,1701000,126,reconstructed
1785193569959,2,1704000,2,reconstructed
1785193570404,2,1705000,56,reconstructed
1785193570720,2,1709000,12,reconstructed
1785193570808,2,1710000,15,reconstructed
1785193571001,2,1707000,8,reconstructed
1785193572014,2,1712000,63,reconstructed
1785193572490,2,1712000,17,reconstructed
1785193572869,2,1713000,5,reconstructed
1785193573481,2,1708000,7,reconstructed
1785193575801,2,1707000,14,reconstructed
1785193576777,2,1705000,4,reconstructed
1785193577195,2,1704000,17,reconstructed
1785193578196,2,1705000,2,reconstructed
1785193579072,2,1704000,33,reconstructed
1785193579386,2,1704000,8,reconstructed
1785193580317,2,1703000,31,reconstructed
1785193580764,2,1700000,41,reconstructed
1785193580905,2,1698000,4,reconstructed
1785193583529,2,1693000,7,reconstructed
1785193583675,2,1694000,15,reconstructed
1785193584022,2,1697000,46,reconstructed
1785193584086,2,1699000,3,reconstructed
1785193584536,2,1698000,7,reconstructed
1785193585569,2,1699000,3,reconstructed
1785193586504,2,1699000,12,reconstructed
1785193587081,2,1700000,2,reconstructed
1785193587265,2,1699000,20,reconstructed
1785193587963,2,1698000,57,reconstructed
1785193588080,2,1698000,6,reconstructed
1785193588651,2,1700000,37,reconstructed
1785193589152,2,1700000,44,reconstructed
1785193589248,2,1701000,11,reconstructed
1785193590126,2,1700000,16,reconstructed
1785193591210,2,1702000,14,reconstructed
1785193592199,2,1699000,6,reconstructed
1785193592458,2,1699000,5,reconstructed
1785193592757,2,1699000,12,reconstructed
1785193593058,2,1700000,24,reconstructed
1785193594137,2,1700000,10,reconstructed
1785193595712,2,1700000,17,reconstructed
1785193596023,2,1705000,50,reconstructed
1785193596475,2,1704000,14,reconstructed
1785193596612,2,1703000,31,reconstructed
1785193596887,2,1702000,32,reconstructed
1785193597067,2,1701000,10,reconstructed
1785193598206,2,1701000,25,reconstructed
1785193598905,2,1702000,24,reconstructed
1785193599245,2,1704000,4,reconstructed
1785193600888,2,1700000,2,reconstructed
1785193601202,2,1700000,13,reconstructed
1785193601243,2,1702000,4,reconstructed
1785193601806,2,1704000,17,reconstructed
1785193602079,2,1701000,6,reconstructed
1785193602615,2,1700000,10,reconstructed
1785193602915,2,1703000,6,reconstructed
1785193603093,2,1702000,2,reconstructed
1785193603316,2,1700000,31,reconstructed
1785193604130,2,1699000,23,reconstructed
1785193604537,2,1702000,17,reconstructed
1785193605406,2,1702000,4,reconstructed
1785193606100,2,1702000,18,reconstructed
1785193606893,2,1703000,5,reconstructed
1785193608123,2,1702000,12,reconstructed
1785193608182,2,1700000,3,reconstructed
1785193609358,2,1701000,4,reconstructed
1785193609501,2,1698000,9,reconstructed
1785193609749,2,1698000,12,reconstructed
1785193611440,2,1701000,67,reconstructed
1785193611526,2,1701000,9,reconstructed
1785193612281,2,1701000,15,reconstructed
1785193612843,2,1702000,49,reconstructed
1785193613338,2,1701000,15,reconstructed
1785193613868,2,1700000,56,reconstructed
1785193614537,2,1696000,26,reconstructed
1785193615794,2,1697000,7,reconstructed
1785193615831,2,1695000,15,reconstructed
1785193616129,2,1699000,24,reconstructed
1785193616333,2,1701000,8,reconstructed
1785193616668,2,1701000,7,reconstructed
1785193616785,2,1702000,2,reconstructed
1785193617437,2,1701000,137,reconstructed
1785193619170,2,1700000,12,reconstructed
1785193619196,2,1698000,14,reconstructed
1785193620370,2,1698000,70,reconstructed
1785193620817,2,1700000,75,reconstructed
1785193621065,2,1697000,9,reconstructed
1785193621146,2,1697000,30,reconstructed
1785193622184,2,1696000,28,reconstructed
1785193624600,2,1696000,17,reconstructed
1785193624900,2,1698000,10,reconstructed
1785193625487,2,1696000,9,reconstructed
1785193626369,2,1694000,11,reconstructed
1785193626562,2,1693000,53,reconstructed
1785193626827,2,1697000,9,reconstructed
1785193627124,2,1699000,8,reconstructed
1785193627292,2,1702000,15,reconstructed
1785193628619,2,1703000,11,reconstructed
1785193628797,2,1707000,13,reconstructed
1785193630152,2,1706000,19,reconstructed
1785193630252,2,1706000,25,reconstructed
1785193630623,2,1706000,8,reconstructed
1785193630716,2,1705000,16,reconstructed
1785193630918,2,1700000,62,reconstructed
1785193631580,2,1699000,64,reconstructed
1785193631817,2,1702000,64,reconstructed
1785193632593,2,1702000,20,reconstructed
1785193633835,2,1703000,17,reconstructed
1785193635691,2,1699000,25,reconstructed
1785193636728,2,1698000,10,reconstructed
1785193636942,2,1699000,4,reconstructed
1785193637458,2,1700000,13,reconstructed
1785193639961,2,1701000,29,reconstructed
1785193640375,2,1700000,6,reconstructed
1785193640393,2,1697000,60,reconstructed
1785193640746,2,1701000,12,reconstructed
1785193640981,2,1704000,15,reconstructed
1785193641170,2,1703000,10,reconstructed
1785193641614,2,1702000,3,reconstructed
1785193641673,2,1704000,12,reconstructed
1785193641761,2,1705000,14,reconstructed
1785193642056,2,1702000,56,reconstructed
1785193642648,2,1699000,3,reconstructed
1785193643311,2,1700000,138,reconstructed
1785193643339,2,1705000,30,reconstructed
1785193643953,2,1703000,92,reconstructed
1785193645363,2,1704000,33,reconstructed
1785193646089,2,1701000,39,reconstructed
1785193646701,2,1700000,27,reconstructed
1785193646957,2,1696000,10,reconstructed
1785193647108,2,1696000,12,reconstructed
1785193647530,2,1695000,153,reconstructed
1785193647813,2,1696000,12,reconstructed
1785193647908,2,1696000,1,reconstructed
1785193648338,2,1698000,18,reconstructed
1785193648851,2,1698000,42,reconstructed
1785193649139,2,1700000,27,reconstructed
1785193649263,2,1703000,18,reconstructed
1785193650678,2,1702000,19,reconstructed
1785193650895,2,1699000,22,reconstructed
1785193651549,2,1698000,59,reconstructed
1785193651571,2,1699000,16,reconstructed
1785193656036,2,1697000,6,reconstructed
1785193656126,2,1699000,5,reconstructed
1785193656979,2,1698000,2,reconstructed
1785193659156,2,1698000,8,reconstructed
1785193659192,2,1697000,9,reconstructed
1785193659261,2,1696000,11,reconstructed
1785193659643,2,1703000,83,reconstructed
1785193660009,2,1700000,7,reconstructed
1785193660489,2,1699000,10,reconstructed
1785193662007,2,1699000,5,reconstructed
1785193663465,2,1698000,29,reconstructed
1785193663715,2,1696000,10,reconstructed
1785193664804,2,1697000,36,reconstructed
1785193665243,2,1695000,16,reconstructed
1785193665401,2,1696000,19,reconstructed
1785193665558,2,1693000,109,reconstructed
1785193666548,2,1694000,18,reconstructed
1785193668511,2,1694000,29,reconstructed
1785193669219,2,1696000,47,reconstructed
1785193669435,2,1697000,40,reconstructed
1785193669798,2,1699000,200,reconstructed
1785193670555,2,1701000,67,reconstructed
1785193671533,2,1705000,21,reconstructed
1785193672254,2,1703000,26,reconstructed
1785193674652,2,1704000,10,reconstructed
1785193674653,2,1696000,18,reconstructed
1785193675615,2,1692000,9,reconstructed
1785193676245,2,1692000,24,reconstructed
1785193676379,2,1693000,71,reconstructed
1785193676538,2,1694000,23,reconstructed
1785193676850,2,1698000,5,reconstructed
1785193677780,2,1695000,34,reconstructed
1785193679113,2,1695000,59,reconstructed
1785193679357,2,1696000,8,reconstructed
1785193682844,2,1696000,25,reconstructed
1785193683844,2,1695000,8,reconstructed
1785193685353,2,1697000,6,reconstructed
1785193686321,2,1697000,28,reconstructed
1785193686511,2,1696000,12,reconstructed
1785193687696,2,1697000,3,reconstructed
1785193687954,2,1694000,28,reconstructed
1785193688220,2,1698000,75,reconstructed
1785193690671,2,1700000,33,reconstructed
1785193693175,2,1695000,49,reconstructed
1785193693267,2,1697000,12,reconstructed
1785193693635,2,1698000,18,reconstructed
1785193694737,2,1700000,5,reconstructed
1785193695388,2,1698000,1,reconstructed
1785193696153,2,1697000,91,reconstructed
1785193696629,2,1697000,42,reconstructed
1785193696771,2,1696000,58,reconstructed
1785193697521,2,1697000,19,reconstructed
1785193697753,2,1698000,33,reconstructed
1785193698323,2,1697000,93,reconstructed
1785193698849,2,1693000,33,reconstructed
1785193699122,2,1694000,30,reconstructed
1785193699164,2,1695000,36,reconstructed
1785193699871,2,1694000,18,reconstructed
1785193700009,2,1692000,12,reconstructed
1785193701039,2,1690000,33,reconstructed
1785193701731,2,1692000,8,reconstructed
1785193701772,2,1689000,36,reconstructed
1785193702081,2,1693000,25,reconstructed
1785193702739,2,1695000,15,reconstructed
1785193703001,2,1696000,102,reconstructed
1785193703815,2,1697000,21,reconstructed
1785193704468,2,1699000,16,reconstructed
1785193704611,2,1696000,23,reconstructed
1785193706020,2,1694000,47,reconstructed
1785193706301,2,1698000,78,reconstructed
1785193709161,2,1700000,5,reconstructed
1785193710136,2,1701000,4,reconstructed
1785193710140,2,1699000,51,reconstructed
1785193710161,2,1698000,6,reconstructed
1785193710381,2,1699000,13,reconstructed
1785193710444,2,1701000,9,reconstructed
1785193711659,2,1705000,6,reconstructed
1785193712127,2,1702000,30,reconstructed
1785193712687,2,1704000,9,reconstructed
1785193712747,2,1704000,22,reconstructed
1785193713712,2,1698000,31,reconstructed
1785193714243,2,1697000,40,reconstructed
1785193715356,2,1703000,16,reconstructed
1785193715620,2,1704000,45,reconstructed
1785193715633,2,1704000,14,reconstructed
1785193715708,2,1705000,4,reconstructed
1785193716196,2,1702000,13,reconstructed
1785193716356,2,1701000,25,reconstructed
1785193716459,2,1700000,148,reconstructed
1785193716804,2,1701000,4,reconstructed
1785193717846,2,1701000,17,reconstructed
1785193717861,2,1697000,24,reconstructed
1785193718315,2,1698000,76,reconstructed
1785193718459,2,1700000,12,reconstructed
1785193718516,2,1699000,14,reconstructed
1785193718816,2,1702000,12,reconstructed
1785193719083,2,1701000,10,reconstructed
1785193719302,2,1702000,9,reconstructed
1785193720680,2,1698000,22,reconstructed
1785193720872,2,1696000,34,reconstructed
1785193723139,2,1701000,30,reconstructed
1785193725333,2,1702000,78,reconstructed
1785193725462,2,1701000,16,reconstructed
1785193726878,2,1702000,12,reconstructed
1785193726918,2,1702000,8,reconstructed
1785193727283,2,1700000,9,reconstructed
1785193727365,2,1699000,10,reconstructed
1785193728759,2,1701000,59,reconstructed
1785193729113,2,1698000,10,reconstructed
1785193729588,2,1697000,8,reconstructed
1785193731110,2,1695000,19,reconstructed
1785193731776,2,1694000,102,reconstructed
1785193731817,2,1695000,10,reconstructed
1785193731845,2,1693000,17,reconstructed
1785193732547,2,1696000,43,reconstructed
1785193733393,2,1697000,18,reconstructed
1785193734849,2,1697000,20,reconstructed
1785193735965,2,1696000,72,reconstructed
1785193736301,2,1696000,19,reconstructed
1785193736447,2,1695000,31,reconstructed
1785193736949,2,1694000,16,reconstructed
1785193737554,2,1694000,26,reconstructed
1785193737930,2,1696000,123,reconstructed
1785193738057,2,1699000,26,reconstructed
1785193738107,2,1699000,8,reconstructed
1785193738148,2,1698000,13,reconstructed
1785193739058,2,1701000,9,reconstructed
1785193739850,2,1698000,11,reconstructed
1785193739931,2,1696000,15,reconstructed
1785193740523,2,1697000,29,reconstructed
1785193740672,2,1698000,9,reconstructed
1785193740685,2,1699000,22,reconstructed
1785193741508,2,1699000,6,reconstructed
1785193741890,2,1699000,73,reconstructed
1785193742066,2,1702000,40,reconstructed
1785193744288,2,1704000,30,reconstructed
1785193745714,2,1707000,38,reconstructed
1785193747015,2,1703000,30,reconstructed
1785193748135,2,1704000,5,reconstructed
1785193748886,2,1703000,312,reconstructed
1785193751100,2,1699000,22,reconstructed
1785193752704,2,1699000,7,reconstructed
1785193754474,2,1699000,17,reconstructed
1785193755269,2,1704000,17,reconstructed
1785193757237,2,1704000,38,reconstructed
1785193757375,2,1700000,17,reconstructed
1785193757868,2,1698000,31,reconstructed
1785193758066,2,1701000,7,reconstructed
1785193758609,2,1699000,8,reconstructed
1785193759347,2,1695000,22,reconstructed
1785193760006,2,1695000,22,reconstructed
1785193760581,2,1696000,81,reconstructed
1785193760682,2,1694000,60,reconstructed
1785193760958,2,1694000,30,reconstructed
1785193761485,2,1694000,26,reconstructed
1785193761732,2,1692000,15,reconstructed
1785193762248,2,1688000,23,reconstructed
1785193763137,2,1689000,15,reconstructed
1785193763754,2,1693000,6,reconstructed
1785193766379,2,1695000,41,reconstructed
1785193766570,2,1695000,148,reconstructed
1785193767711,2,1696000,5,reconstructed
1785193768182,2,1699000,7,reconstructed
1785193768529,2,1699000,37,reconstructed
1785193768675,2,1700000,19,reconstructed
1785193768848,2,1702000,32,reconstructed
1785193769267,2,1704000,45,reconstructed
1785193769585,2,1707000,26,reconstructed
1785193771513,2,1705000,7,reconstructed
1785193775644,2,1707000,8,reconstructed
1785193775958,2,1706000,13,reconstructed
1785193776099,2,1703000,4,reconstructed
1785193776921,2,1700000,55,reconstructed
1785193777438,2,1699000,3,reconstructed
1785193777754,2,1701000,86,reconstructed
1785193778406,2,1698000,3,reconstructed
1785193779145,2,1698000,5,reconstructed
1785193779222,2,1701000,42,reconstructed
1785193781284,2,1697000,26,reconstructed
1785193781660,2,1692000,12,reconstructed
1785193782457,2,1694000,17,reconstructed
1785193782809,2,1697000,7,reconstructed
1785193784331,2,1697000,50,reconstructed
1785193786528,2,1696000,26,reconstructed
1785193786660,2,1694000,113,reconstructed
1785193786993,2,1695000,20,reconstructed
1785193787018,2,1692000,12,reconstructed
1785193787291,2,1692000,4,reconstructed
1785193787599,2,1693000,18,reconstructed
1785193788032,2,1696000,34,reconstructed
1785193788218,2,1696000,6,reconstructed
1785193789787,2,1695000,25,reconstructed
1785193791714,2,1696000,113,reconstructed
1785193791954,2,1696000,5,reconstructed
1785193792053,2,1701000,14,reconstructed
1785193793899,2,1705000,8,reconstructed
1785193794063,2,1705000,19,reconstructed
1785193794540,2,1701000,31,reconstructed
1785193794629,2,1705000,26,reconstructed
1785193795539,2,1703000,37,reconstructed
1785193797321,2,1702000,9,reconstructed
1785193797873,2,1701000,18,reconstructed
1785193798276,2,1701000,13,reconstructed
1785193798742,2,1702000,22,reconstructed
1785193798869,2,1702000,39,reconstructed
1785193799604,2,1703000,17,reconstructed
1785193800485,2,1705000,34,reconstructed
1785193800628,2,1705000,21,reconstructed
1785193801074,2,1706000,16,reconstructed
1785193802271,2,1708000,10,reconstructed
1785193802496,2,1704000,40,reconstructed
1785193803381,2,1705000,43,reconstructed
1785193804095,2,1706000,3,reconstructed
1785193804471,2,1704000,23,reconstructed
1785193805630,2,1699000,65,reconstructed
1785193806320,2,1702000,4,reconstructed
1785193807854,2,1695000,10,reconstructed
1785193808100,2,1692000,10,reconstructed
1785193808888,2,1696000,11,reconstructed
1785193809454,2,1696000,36,reconstructed
1785193809519,2,1693000,3,reconstructed
1785193811310,2,1692000,10,reconstructed
1785193812203,2,1696000,23,reconstructed
1785193812293,2,1697000,6,reconstructed
1785193815394,2,1700000,7,reconstructed
1785193816389,2,1701000,5,reconstructed
1785193816797,2,1698000,73,reconstructed
1785193816802,2,1702000,25,reconstructed
1785193817062,2,1703000,18,reconstructed
1785193818063,2,1697000,60,reconstructed
1785193818109,2,1694000,7,reconstructed
1785193819213,2,1695000,15,reconstructed
1785193819325,2,1697000,8,reconstructed
1785193820096,2,1696000,7,reconstructed
1785193820941,2,1694000,16,reconstructed
1785193821920,2,1691000,72,reconstructed
1785193822045,2,1692000,18,reconstructed
1785193822292,2,1691000,18,reconstructed
1785193823422,2,1695000,10,reconstructed
1785193823567,2,1695000,16,reconstructed
1785193824821,2,1699000,7,reconstructed
1785193825367,2,1697000,21,reconstructed
1785193825628,2,1697000,28,reconstructed
1785193830052,2,1693000,99,reconstructed
1785193830648,2,1694000,13,reconstructed
1785193831180,2,1695000,12,reconstructed
1785193831802,2,1697000,7,reconstructed
1785193831850,2,1695000,5,reconstructed
1785193832022,2,1698000,9,reconstructed
1785193832202,2,1696000,47,reconstructed
1785193833327,2,1698000,45,reconstructed
1785193833801,2,1701000,28,reconstructed
1785193834562,2,1703000,29,reconstructed
1785193835964,2,1704000,10,reconstructed
1785193836530,2,1704000,39,reconstructed
1785193839777,2,1701000,10,reconstructed
1785193840211,2,1699000,6,reconstructed
1785193841165,2,1703000,9,reconstructed
1785193842608,2,1704000,7,reconstructed
1785193843124,2,1705000,29,reconstructed
1785193844189,2,1704000,12,reconstructed
1785193844780,2,1702000,5,reconstructed
1785193844962,2,1700000,30,reconstructed
1785193845906,2,1704000,74,reconstructed
1785193846409,2,1704000,4,reconstructed
1785193846744,2,1702000,17,reconstructed
1785193847622,2,1701000,27,reconstructed
1785193848504,2,1701000,9,reconstructed
1785193849369,2,1697000,17,reconstructed
1785193849556,2,1703000,19,reconstructed
1785193849669,2,1700000,10,reconstructed
1785193849709,2,1698000,5,reconstructed
1785193849762,2,1694000,54,reconstructed
1785193850148,2,1691000,23,reconstructed
1785193850252,2,1694000,29,reconstructed
1785193850470,2,1693000,6,reconstructed
1785193850632,2,1691000,62,reconstructed
1785193851156,2,1694000,107,reconstructed
1785193851602,2,1694000,8,reconstructed
1785193852691,2,1692000,116,reconstructed
1785193852792,2,1694000,18,reconstructed
1785193852846,2,1693000,16,reconstructed
1785193853001,2,1693000,31,reconstructed
1785193853156,2,1695000,51,reconstructed
1785193854411,2,1697000,3,reconstructed
1785193854632,2,1697000,26,reconstructed
1785193855522,2,1696000,23,reconstructed
1785193855744,2,1698000,45,reconstructed
1785193856231,2,1696000,18,reconstructed
1785193856686,2,1694000,24,reconstructed
1785193857366,2,1694000,10,reconstructed
1785193857994,2,1694000,57,reconstructed
1785193858404,2,1696000,29,reconstructed
1785193858584,2,1695000,32,reconstructed
1785193859897,2,1695000,7,reconstructed
1785193859910,2,1694000,8,reconstructed
1785193860439,2,1691000,17,reconstructed
1785193860460,2,1690000,13,reconstructed
1785193861196,2,1690000,20,reconstructed
1785193861499,2,1691000,13,reconstructed
1785193863145,2,1695000,29,reconstructed
1785193863607,2,1698000,4,reconstructed
1785193865615,2,1695000,10,reconstructed
1785193865842,2,1697000,23,reconstructed
1785193867177,2,1697000,95,reconstructed
1785193867480,2,1699000,15,reconstructed
1785193868364,2,1697000,52,reconstructed
1785193868490,2,1699000,26,reconstructed
1785193868682,2,1696000,5,reconstructed
1785193868895,2,1698000,8,reconstructed
1785193869214,2,1698000,13,reconstructed
1785193869218,2,1697000,17,reconstructed
1785193869466,2,1695000,28,reconstructed
1785193871713,2,1692000,3,reconstructed
1785193872793,2,1694000,8,reconstructed
1785193872860,2,1695000,9,reconstructed
1785193873411,2,1693000,17,reconstructed
1785193873766,2,1692000,17,reconstructed
1785193873917,2,1692000,5,reconstructed
1785193876245,2,1696000,52,reconstructed
1785193876700,2,1697000,84,reconstructed
1785193877228,2,1698000,22,reconstructed
1785193878014,2,1695000,18,reconstructed
1785193878376,2,1695000,56,reconstructed
1785193878923,2,1694000,9,reconstructed
1785193879116,2,1697000,7,reconstructed
1785193880366,2,1697000,17,reconstructed
1785193880530,2,1699000,36,reconstructed
1785193881604,2,1700000,28,reconstructed
1785193881737,2,1700000,12,reconstructed
1785193881931,2,1699000,20,reconstructed
1785193883057,2,1700000,32,reconstructed
1785193883220,2,1700000,34,reconstructed
1785193886174,2,1699000,30,reconstructed
1785193887556,2,1695000,41,reconstructed
1785193887942,2,1696000,11,reconstructed
1785193888414,2,1696000,66,reconstructed
1785193889255,2,1695000,7,reconstructed
1785193889881,2,1699000,15,reconstructed
1785193890945,2,1698000,24,reconstructed
1785193891296,2,1702000,7,reconstructed
1785193891915,2,1699000,10,reconstructed
1785193891975,2,1698000,11,reconstructed
1785193892358,2,1697000,22,reconstructed
1785193892686,2,1700000,7,reconstructed
1785193894635,2,1700000,51,reconstructed
1785193895311,2,1701000,7,reconstructed
1785193895339,2,1698000,22,reconstructed
1785193896449,2,1698000,40,reconstructed
1785193896579,2,1699000,5,reconstructed
1785193896944,2,1705000,13,reconstructed
1785193896958,2,1703000,13,reconstructed
1785193897789,2,1708000,10,reconstructed
1785193898195,2,1701000,16,reconstructed
1785193900410,2,1701000,3,reconstructed
1785193900424,2,1700000,11,reconstructed
1785193901308,2,1698000,4,reconstructed
1785193901541,2,1698000,14,reconstructed
1785193901649,2,1696000,8,reconstructed
1785193901896,2,1695000,26,reconstructed
1785193903295,2,1696000,27,reconstructed
1785193904050,2,1698000,31,reconstructed
1785193904272,2,1699000,72,reconstructed
1785193904685,2,1697000,19,reconstructed
1785193906128,2,1699000,6,reconstructed
1785193906156,2,1699000,70,reconstructed
1785193906272,2,1702000,8,reconstructed
1785193906409,2,1700000,14,reconstructed
1785193906550,2,1700000,43,reconstructed
1785193907356,2,1700000,7,reconstructed
1785193907989,2,1700000,28,reconstructed
1785193908016,2,1701000,7,reconstructed
1785193908063,2,1702000,25,reconstructed
1785193908320,2,1700000,5,reconstructed
1785193908378,2,1703000,10,reconstructed
1785193908494,2,1703000,49,reconstructed
1785193909434,2,1705000,13,reconstructed
1785193909685,2,1704000,10,reconstructed
1785193909966,2,1703000,9,reconstructed
1785193910201,2,1701000,6,reconstructed
1785193910912,2,1704000,23,reconstructed
1785193911204,2,1700000,6,reconstructed
1785193911341,2,1700000,11,reconstructed
1785193911974,2,1700000,15,reconstructed
1785193912619,2,1699000,3,reconstructed
1785193914948,2,1699000,9,reconstructed
1785193915311,2,1697000,8,reconstructed
1785193915689,2,1697000,33,reconstructed
1785193916232,2,1698000,4,reconstructed
1785193916682,2,1697000,13,reconstructed
1785193916839,2,1698000,19,reconstructed
1785193918453,2,1698000,28,reconstructed
1785193919626,2,1699000,27,reconstructed
1785193919785,2,1697000,21,reconstructed
1785193921104,2,1696000,18,reconstructed
1785193921435,2,1696000,14,reconstructed
1785193922066,2,1696000,37,reconstructed
1785193923948,2,1700000,6,reconstructed
1785193924936,2,1697000,15,reconstructed
1785193925102,2,1694000,12,reconstructed
1785193925515,2,1694000,55,reconstructed
1785193926355,2,1692000,5,reconstructed
1785193926617,2,1692000,64,reconstructed
1785193926794,2,1694000,12,reconstructed
1785193927725,2,1696000,11,reconstructed
1785193928658,2,1698000,48,reconstructed
1785193929961,2,1696000,10,reconstructed
1785193930419,2,1699000,24,reconstructed
1785193930452,2,1698000,71,reconstructed
1785193930589,2,1699000,45,reconstructed
1785193932723,2,1696000,9,reconstructed
1785193934115,2,1700000,10,reconstructed
1785193934956,2,1701000,91,reconstructed
1785193935178,2,1699000,19,reconstructed
1785193935579,2,1695000,7,reconstructed
1785193935655,2,1694000,19,reconstructed
1785193936300,2,1695000,7,reconstructed
1785193939322,2,1695000,17,reconstructed
1785193940128,2,1695000,24,reconstructed
1785193940220,2,1691000,18,reconstructed
1785193942371,2,1694000,83,reconstructed
1785193942761,2,1694000,23,reconstructed
1785193942897,2,1692000,11,reconstructed
1785193943148,2,1693000,15,reconstructed
1785193943596,2,1691000,4,reconstructed
1785193944726,2,1692000,8,reconstructed
1785193944934,2,1693000,25,reconstructed
1785193946444,2,1693000,5,reconstructed
1785193948579,2,1696000,31,reconstructed
1785193949608,2,1698000,7,reconstructed
1785193949806,2,1700000,4,reconstructed
1785193949871,2,1699000,33,reconstructed
1785193950455,2,1698000,20,reconstructed
1785193950475,2,1700000,23,reconstructed
1785193950853,2,1699000,35,reconstructed
1785193952760,2,1697000,4,reconstructed
1785193953078,2,1700000,7,reconstructed
1785193954018,2,1698000,5,reconstructed
1785193955406,2,1697000,258,reconstructed
1785193955809,2,1696000,5,reconstructed
1785193955972,2,1693000,12,reconstructed
1785193956759,2,1693000,45,reconstructed
1785193958061,2,1694000,59,reconstructed
1785193958904,2,1695000,72,reconstructed
1785193959706,2,1690000,50,reconstructed
1785193960132,2,1689000,14,reconstructed
1785193960631,2,1687000,5,reconstructed
1785193961881,2,1688000,86,reconstructed
1785193963157,2,1692000,80,reconstructed
1785193963180,2,1693000,7,reconstructed
1785193964138,2,1693000,117,reconstructed
1785193964210,2,1696000,18,reconstructed
1785193964685,2,1699000,64,reconstructed
1785193964736,2,1695000,125,reconstructed
1785193965471,2,1694000,7,reconstructed
1785193965805,2,1693000,10,reconstructed
1785193965897,2,1692000,53,reconstructed
1785193968181,2,1695000,6,reconstructed
1785193968971,2,1691000,9,reconstructed
1785193969326,2,1692000,51,reconstructed
1785193969832,2,1692000,20,reconstructed
1785193970102,2,1692000,35,reconstructed
1785193970281,2,1695000,20,reconstructed
1785193973151,2,1693000,37,reconstructed
1785193973501,2,1694000,7,reconstructed
1785193975016,2,1695000,10,reconstructed
1785193975147,2,1693000,21,reconstructed
1785193975368,2,1693000,10,reconstructed
1785193976181,2,1692000,2,reconstructed
1785193976477,2,1691000,81,reconstructed
1785193976632,2,1693000,17,reconstructed
1785193976858,2,1697000,8,reconstructed
1785193978060,2,1696000,8,reconstructed
1785193978344,2,1696000,12,reconstructed
1785193981123,2,1699000,6,reconstructed
1785193981605,2,1695000,5,reconstructed
1785193982637,2,1696000,8,reconstructed
1785193983003,2,1693000,4,reconstructed
1785193983805,2,1694000,20,reconstructed
1785193983872,2,1692000,14,reconstructed
1785193984529,2,1694000,135,reconstructed
1785193986288,2,1696000,34,reconstructed
1785193986588,2,1695000,15,reconstructed
1785193986951,2,1696000,73,reconstructed
1785193987863,2,1696000,62,reconstructed
1785193988473,2,1696000,29,reconstructed
1785193988706,2,1698000,104,reconstructed
1785193988737,2,1697000,74,reconstructed
1785193988900,2,1696000,10,reconstructed
1785193988926,2,1694000,5,reconstructed
1785193989748,2,1694000,42,reconstructed
1785193990061,2,1696000,16,reconstructed
1785193990222,2,1696000,11,reconstructed
1785193990361,2,1695000,37,reconstructed
1785193992120,2,1693000,45,reconstructed
1785193993322,2,1688000,15,reconstructed
1785193993358,2,1689000,5,reconstructed
1785193994996,2,1693000,155,reconstructed
1785193995057,2,1690000,172,reconstructed
1785193995915,2,1691000,20,reconstructed
1785193998617,2,1693000,16,reconstructed
1785194001828,2,1695000,120,reconstructed
1785194002664,2,1697000,9,reconstructed
1785194002838,2,1696000,10,reconstructed
1785194003646,2,1698000,8,reconstructed
1785194004043,2,1696000,12,reconstructed
1785194004412,2,1698000,27,reconstructed
1785194004545,2,1698000,34,reconstructed
1785194005029,2,1694000,27,reconstructed
1785194005486,2,1693000,6,reconstructed
1785194006485,2,1693000,10,reconstructed
1785194006787,2,1696000,42,reconstructed
1785194006798,2,1696000,10,reconstructed
1785194006879,2,1698000,15,reconstructed
1785194006952,2,1700000,10,reconstructed
1785194007556,2,1700000,13,reconstructed
1785194009687,2,1700000,37,reconstructed
1785194010113,2,1699000,14,reconstructed
1785194011279,2,1698000,16,reconstructed
1785194012427,2,1698000,12,reconstructed
1785194012436,2,1698000,10,reconstructed
1785194012580,2,1700000,10,reconstructed
1785194014908,2,1701000,23,reconstructed
1785194017115,2,1699000,7,reconstructed
1785194017337,2,1701000,18,reconstructed
1785194018085,2,1701000,2,reconstructed
1785194019210,2,1704000,16,reconstructed
1785194020634,2,1702000,10,reconstructed
1785194020900,2,1703000,3,reconstructed
1785194021707,2,1697000,5,reconstructed
1785194022056,2,1695000,4,reconstructed
1785194023389,2,1695000,21,reconstructed
1785194024341,2,1695000,98,reconstructed
1785194024480,2,1690000,29,reconstructed
1785194024866,2,1689000,23,reconstructed
1785194025924,2,1690000,40,reconstructed
1785194026094,2,1692000,24,reconstructed
1785194026437,2,1692000,22,reconstructed
1785194026692,2,1694000,19,reconstructed
1785194026818,2,1691000,41,reconstructed
1785194026929,2,1693000,26,reconstructed
1785194028051,2,1693000,23,reconstructed
1785194028167,2,1690000,12,reconstructed
1785194028544,2,1692000,15,reconstructed
1785194030242,2,1691000,23,reconstructed
1785194030978,2,1694000,7,reconstructed
1785194031535,2,1694000,28,reconstructed
1785194031978,2,1692000,63,reconstructed
1785194032612,2,1691000,6,reconstructed
1785194032930,2,1690000,23,reconstructed
1785194033285,2,1689000,26,reconstructed
1785194034194,2,1685000,24,reconstructed
1785194034405,2,1683000,9,reconstructed
1785194034996,2,1685000,18,reconstructed
1785194037258,2,1685000,84,reconstructed
1785194038425,2,1687000,10,reconstructed
1785194039249,2,1688000,3,reconstructed
1785194039407,2,1690000,64,reconstructed
1785194040371,2,1691000,11,reconstructed
1785194040837,2,1689000,79,reconstructed
1785194041156,2,1693000,7,reconstructed
1785194041803,2,1692000,3,reconstructed
1785194041886,2,1695000,2,reconstructed
1785194042858,2,1698000,4,reconstructed
1785194044555,2,1696000,8,reconstructed
1785194045556,2,1691000,1,reconstructed
1785194045927,2,1694000,4,reconstructed
1785194046446,2,1696000,9,reconstructed
1785194046946,2,1692000,69,reconstructed
1785194047640,2,1694000,27,reconstructed
1785194048342,2,1693000,13,reconstructed
1785194049425,2,1693000,4,reconstructed
1785194050345,2,1695000,75,reconstructed
1785194050961,2,1699000,6,reconstructed
1785194051708,2,1695000,18,reconstructed
1785194051832,2,1694000,5,reconstructed
1785194052194,2,1692000,15,reconstructed
1785194052721,2,1688000,3,reconstructed
1785194052954,2,1689000,25,reconstructed
1785194053415,2,1690000,24,reconstructed
1785194054830,2,1690000,3,reconstructed
1785194055221,2,1696000,11,reconstructed
1785194055235,2,1699000,12,reconstructed
1785194055797,2,1698000,79,reconstructed
1785194056560,2,1699000,6,reconstructed
1785194057260,2,1699000,28,reconstructed
1785194058644,2,1698000,28,reconstructed
1785194059815,2,1700000,15,reconstructed
1785194060288,2,1698000,4,reconstructed
1785194062631,2,1699000,5,reconstructed
1785194063787,2,1700000,7,reconstructed
1785194064571,2,1699000,27,reconstructed
1785194066756,2,1697000,14,reconstructed
1785194067355,2,1699000,71,reconstructed
1785194067755,2,1699000,8,reconstructed
1785194068435,2,1695000,21,reconstructed
1785194068749,2,1698000,35,reconstructed
1785194068948,2,1698000,19,reconstructed
1785194069386,2,1696000,20,reconstructed
1785194069582,2,1693000,9,reconstructed
1785194069682,2,1696000,24,reconstructed
1785194071639,2,1696000,7,reconstructed
1785194071678,2,1696000,18,reconstructed
1785194071685,2,1698000,14,reconstructed
1785194072456,2,1693000,8,reconstructed
1785194073423,2,1700000,44,reconstructed
1785194076329,2,1697000,46,reconstructed
1785194076553,2,1694000,12,reconstructed
1785194077375,2,1693000,12,reconstructed
1785194077826,2,1693000,15,reconstructed
1785194078318,2,1692000,37,reconstructed
1785194078993,2,1693000,21,reconstructed
1785194080646,2,1692000,10,reconstructed
1785194082854,2,1692000,14,reconstructed
1785194083147,2,1693000,22,reconstructed
1785194083685,2,1693000,30,reconstructed
1785194083924,2,1690000,30,reconstructed
1785194084044,2,1692000,9,reconstructed
1785194086732,2,1692000,11,reconstructed
1785194087258,2,1689000,24,reconstructed
1785194087493,2,1692000,6,reconstructed
1785194088450,2,1692000,9,reconstructed
1785194089936,2,1691000,12,reconstructed
1785194090009,2,1689000,21,reconstructed
1785194090830,2,1692000,41,reconstructed
1785194094221,2,1689000,11,reconstructed
1785194094296,2,1691000,13,reconstructed
1785194094838,2,1692000,23,reconstructed
1785194094975,2,1696000,9,reconstructed
1785194095502,2,1696000,53,reconstructed
1785194096992,2,1695000,15,reconstructed
1785194097572,2,1692000,44,reconstructed
1785194098069,2,1694000,19,reconstructed
1785194099529,2,1694000,16,reconstructed
1785194099630,2,1695000,21,reconstructed
1785194099878,2,1696000,13,reconstructed
1785194100108,2,1696000,72,reconstructed
1785194100622,2,1698000,7,reconstructed
1785194101634,2,1700000,25,reconstructed
1785194101755,2,1694000,17,reconstructed
1785194102573,2,1696000,48,reconstructed
1785194102646,2,1697000,46,reconstructed
1785194103293,2,1694000,19,reconstructed
1785194104045,2,1693000,20,reconstructed
1785194104318,2,1694000,24,reconstructed
1785194104500,2,1690000,4,reconstructed
1785194105461,2,1689000,12,reconstructed
1785194106559,2,1688000,14,reconstructed
1785194108937,2,1691000,89,reconstructed
1785194109080,2,1690000,25,reconstructed
1785194110070,2,1689000,83,reconstructed
1785194110583,2,1691000,13,reconstructed
1785194111168,2,1693000,14,reconstructed
1785194111364,2,1693000,44,reconstructed
1785194111732,2,1695000,25,reconstructed
1785194111766,2,1696000,27,reconstructed
1785194111783,2,1694000,35,reconstructed
1785194112764,2,1694000,54,reconstructed
1785194113502,2,1693000,8,reconstructed
1785194113506,2,1695000,11,reconstructed
1785194113606,2,1695000,1,reconstructed
1785194114308,2,1694000,17,reconstructed
1785194114445,2,1692000,168,reconstructed
1785194114551,2,1695000,7,reconstructed
1785194117253,2,1693000,8,reconstructed
1785194117538,2,1691000,24,reconstructed
1785194118038,2,1692000,8,reconstructed
1785194119778,2,1690000,14,reconstructed
1785194119920,2,1692000,160,reconstructed
1785194120591,2,1694000,25,reconstructed
1785194121522,2,1693000,9,reconstructed
1785194122878,2,1693000,33,reconstructed
1785194123175,2,1696000,11,reconstructed
1785194124105,2,1695000,16,reconstructed
1785194124606,2,1694000,46,reconstructed
1785194124892,2,1696000,52,reconstructed
1785194125303,2,1697000,9,reconstructed
1785194125428,2,1698000,67,reconstructed
1785194127550,2,1699000,22,reconstructed
1785194127811,2,1699000,116,reconstructed
1785194127939,2,1698000,14,reconstructed
1785194128174,2,1698000,31,reconstructed
1785194129426,2,1700000,9,reconstructed
1785194129797,2,1701000,12,reconstructed
1785194130214,2,1698000,12,reconstructed
1785194132318,2,1694000,17,reconstructed
1785194132468,2,1694000,5,reconstructed
1785194133349,2,1696000,3,reconstructed
1785194134595,2,1694000,20,reconstructed
1785194135398,2,1694000,158,reconstructed
1785194135620,2,1696000,5,reconstructed
1785194137669,2,1692000,23,reconstructed
1785194137844,2,1693000,9,reconstructed
1785194138419,2,1696000,27,reconstructed
1785194138849,2,1693000,9,reconstructed
1785194138860,2,1692000,42,reconstructed
1785194139608,2,1691000,8,reconstructed
1785194140316,2,1694000,8,reconstructed
1785194140897,2,1695000,11,reconstructed
1785194143150,2,1694000,30,reconstructed
1785194144646,2,1690000,6,reconstructed
1785194144701,2,1694000,3,reconstructed
1785194144719,2,1693000,26,reconstructed
1785194145661,2,1691000,20,reconstructed
1785194145675,2,1690000,5,reconstructed
1785194146251,2,1692000,38,reconstructed
1785194146382,2,1693000,28,reconstructed
1785194146593,2,1696000,65,reconstructed
1785194148649,2,1694000,49,reconstructed
1785194148817,2,1693000,12,reconstructed
1785194149192,2,1695000,7,reconstructed
1785194149359,2,1695000,4,reconstructed
1785194149971,2,1695000,68,reconstructed
1785194149983,2,1695000,46,reconstructed
1785194150836,2,1697000,2,reconstructed
1785194152322,2,1697000,11,reconstructed
1785194152604,2,1696000,20,reconstructed
1785194153542,2,1695000,29,reconstructed
1785194154190,2,1695000,3,reconstructed
1785194155065,2,1696000,62,reconstructed
1785194155450,2,1696000,6,reconstructed
1785194156502,2,1693000,6,reconstructed
1785194156597,2,1694000,27,reconstructed
1785194156667,2,1697000,11,reconstructed
1785194156802,2,1692000,15,reconstructed
1785194158671,2,1695000,13,reconstructed
1785194158692,2,1693000,15,reconstructed
1785194159718,2,1690000,1,reconstructed
1785194160096,2,1691000,7,reconstructed
1785194161179,2,1691000,13,reconstructed
1785194161352,2,1689000,16,reconstructed
1785194161746,2,1689000,133,reconstructed
1785194162469,2,1690000,19,reconstructed
1785194164064,2,1689000,3,reconstructed
1785194164741,2,1689000,10,reconstructed
1785194165171,2,1692000,15,reconstructed
1785194165892,2,1693000,22,reconstructed
1785194165984,2,1693000,7,reconstructed
1785194165999,2,1692000,17,reconstructed
1785194166091,2,1693000,25,reconstructed
1785194166141,2,1694000,20,reconstructed
1785194166641,2,1696000,131,reconstructed
1785194167140,2,1695000,55,reconstructed
1785194167649,2,1695000,21,reconstructed
1785194168063,2,1696000,186,reconstructed
1785194168238,2,1696000,16,reconstructed
1785194168585,2,1695000,6,reconstructed
1785194169324,2,1696000,33,reconstructed
1785194169659,2,1695000,7,reconstructed
1785194170935,2,1696000,62,reconstructed
1785194171679,2,1698000,19,reconstructed
1785194172152,2,1698000,63,reconstructed
1785194172452,2,1696000,23,reconstructed
1785194174322,2,1697000,3,reconstructed
1785194174807,2,1697000,47,reconstructed
1785194175975,2,1694000,12,reconstructed
1785194177015,2,1694000,22,reconstructed
1785194177985,2,1696000,30,reconstructed
1785194178038,2,1701000,17,reconstructed
1785194178125,2,1695000,2,reconstructed
1785194178401,2,1698000,22,reconstructed
1785194179283,2,1696000,16,reconstructed
1785194179737,2,1699000,7,reconstructed
1785194179743,2,1702000,12,reconstructed
1785194179793,2,1701000,38,reconstructed
1785194180355,2,1699000,35,reconstructed
1785194181581,2,1699000,22,reconstructed
1785194182044,2,1700000,22,reconstructed
1785194182175,2,1698000,11,reconstructed
1785194184392,2,1696000,8,reconstructed
1785194184403,2,1698000,26,reconstructed
1785194184819,2,1696000,10,reconstructed
1785194185471,2,1693000,14,reconstructed
1785194186030,2,1695000,51,reconstructed
1785194186125,2,1697000,6,reconstructed
1785194187939,2,1699000,17,reconstructed
1785194188081,2,1700000,49,reconstructed
1785194189234,2,1696000,21,reconstructed
1785194189589,2,1698000,18,reconstructed
1785194192297,2,1695000,99,reconstructed
1785194193866,2,1694000,42,reconstructed
1785194195159,2,1693000,5,reconstructed
1785194195482,2,1691000,7,reconstructed
1785194196413,2,1694000,11,reconstructed
1785194196787,2,1691000,37,reconstructed
1785194197361,2,1690000,25,reconstructed
1785194197585,2,1691000,40,reconstructed
1785194198106,2,1689000,36,reconstructed
1785194198295,2,1689000,67,reconstructed
1785194198862,2,1689000,46,reconstructed
1785194199247,2,1688000,5,reconstructed
1785194199333,2,1690000,17,reconstructed
1785194200341,2,1689000,7,reconstructed
1785194200925,2,1688000,166,reconstructed
1785194201248,2,1686000,19,reconstructed
1785194201344,2,1687000,33,reconstructed
1785194201641,2,1688000,21,reconstructed
1785194202295,2,1689000,15,reconstructed
1785194202997,2,1689000,6,reconstructed
1785194203817,2,1687000,33,reconstructed
1785194204714,2,1686000,11,reconstructed
1785194205641,2,1685000,25,reconstructed
1785194206893,2,1688000,13,reconstructed
1785194207130,2,1690000,20,reconstructed
1785194207623,2,1691000,15,reconstructed
1785194207929,2,1689000,28,reconstructed
1785194208320,2,1690000,38,reconstructed
1785194208420,2,1687000,8,reconstructed
1785194209428,2,1685000,16,reconstructed
1785194209651,2,1683000,11,reconstructed
1785194209659,2,1683000,4,reconstructed
1785194209781,2,1683000,8,reconstructed
1785194210330,2,1682000,35,reconstructed
1785194210565,2,1683000,55,reconstructed
1785194214152,2,1687000,5,reconstructed
1785194214368,2,1690000,10,reconstructed
1785194214395,2,1691000,12,reconstructed
1785194214467,2,1689000,21,reconstructed
1785194214595,2,1688000,34,reconstructed
1785194216378,2,1688000,6,reconstructed
1785194216466,2,1687000,15,reconstructed
1785194218113,2,1688000,6,reconstructed
1785194218121,2,1686000,29,reconstructed
1785194218445,2,1684000,12,reconstructed
1785194219021,2,1688000,15,reconstructed
1785194219740,2,1691000,53,reconstructed
1785194220197,2,1691000,8,reconstructed
1785194220922,2,1693000,22,reconstructed
1785194221787,2,1694000,9,reconstructed
1785194223025,2,1690000,29,reconstructed
1785194223138,2,1689000,2,reconstructed
1785194223385,2,1690000,18,reconstructed
1785194223785,2,1687000,18,reconstructed
1785194224266,2,1689000,17,reconstructed
1785194225733,2,1691000,25,reconstructed
1785194227100,2,1692000,5,reconstructed
1785194227496,2,1694000,17,reconstructed
1785194228515,2,1694000,13,reconstructed
1785194229456,2,1690000,14,reconstructed
1785194229984,2,1689000,4,reconstructed
1785194231471,2,1690000,9,reconstructed
1785194233918,2,1684000,22,reconstructed
1785194234175,2,1684000,5,reconstructed
1785194234334,2,1687000,8,reconstructed
1785194234480,2,1691000,12,reconstructed
1785194234571,2,1691000,5,reconstructed
1785194234578,2,1693000,155,reconstructed
1785194234885,2,1694000,21,reconstructed
1785194236351,2,1694000,2,reconstructed
1785194236491,2,1692000,54,reconstructed
1785194236662,2,1688000,40,reconstructed
1785194236800,2,1689000,11,reconstructed
1785194237696,2,1690000,5,reconstructed
1785194238340,2,1693000,53,reconstructed
1785194238870,2,1694000,13,reconstructed
1785194239530,2,1694000,149,reconstructed
1785194240523,2,1691000,15,reconstructed
1785194241992,2,1690000,14,reconstructed
1785194242846,2,1690000,4,reconstructed
1785194243229,2,1690000,221,reconstructed
1785194243429,2,1689000,5,reconstructed
1785194243604,2,1692000,38,reconstructed
1785194244797,2,1691000,6,reconstructed
1785194244930,2,1686000,35,reconstructed
1785194245076,2,1686000,12,reconstructed
1785194245903,2,1683000,35,reconstructed
1785194246178,2,1685000,16,reconstructed
1785194246829,2,1684000,36,reconstructed
1785194246921,2,1682000,8,reconstructed
1785194247098,2,1686000,21,reconstructed
1785194247123,2,1687000,15,reconstructed
1785194247826,2,1684000,12,reconstructed
1785194247960,2,1688000,30,reconstructed
1785194249321,2,1687000,32,reconstructed
1785194250279,2,1688000,140,reconstructed
1785194250924,2,1691000,4,reconstructed
1785194250960,2,1690000,25,reconstructed
1785194251214,2,1691000,65,reconstructed
1785194253852,2,1689000,56,reconstructed
1785194254100,2,1690000,50,reconstructed
1785194254653,2,1689000,11,reconstructed
1785194255513,2,1690000,20,reconstructed
1785194255687,2,1690000,52,reconstructed
1785194256534,2,1689000,8,reconstructed
1785194259004,2,1687000,88,reconstructed
1785194260024,2,1692000,25,reconstructed
1785194260722,2,1691000,122,reconstructed
1785194262706,2,1689000,30,reconstructed
1785194264221,2,1693000,48,reconstructed
1785194264611,2,1694000,11,reconstructed
1785194264734,2,1691000,10,reconstructed
1785194264876,2,1692000,16,reconstructed
1785194264978,2,1689000,11,reconstructed
1785194265222,2,1686000,29,reconstructed
1785194265480,2,1690000,15,reconstructed
1785194265690,2,1687000,17,reconstructed
1785194268184,2,1686000,5,reconstructed
1785194268648,2,1690000,25,reconstructed
1785194268654,2,1691000,13,reconstructed
1785194269098,2,1690000,8,reconstructed
1785194269379,2,1690000,563,reconstructed
1785194269795,2,1688000,23,reconstructed
1785194270177,2,1689000,4,reconstructed
1785194272844,2,1691000,11,reconstructed
1785194272846,2,1690000,2,reconstructed
1785194273665,2,1688000,17,reconstructed
1785194273958,2,1689000,43,reconstructed
1785194274818,2,1690000,13,reconstructed
1785194278076,2,1688000,8,reconstructed
1785194278166,2,1685000,9,reconstructed
1785194278970,2,1685000,36,reconstructed
1785194279104,2,1686000,19,reconstructed
1785194279635,2,1684000,76,reconstructed
1785194280225,2,1685000,21,reconstructed
1785194280310,2,1688000,10,reconstructed
1785194280790,2,1689000,93,reconstructed
1785194280903,2,1688000,39,reconstructed
1785194281022,2,1689000,38,reconstructed
1785194281460,2,1686000,8,reconstructed
1785194282725,2,1688000,10,reconstructed
1785194283843,2,1687000,39,reconstructed
1785194284142,2,1688000,25,reconstructed
1785194284408,2,1690000,14,reconstructed
1785194284436,2,1693000,7,reconstructed
1785194285176,2,1694000,3,reconstructed
1785194286141,2,1694000,14,reconstructed
1785194286463,2,1694000,42,reconstructed
1785194288425,2,1693000,22,reconstructed
1785194288664,2,1691000,5,reconstructed
1785194290397,2,1690000,9,reconstructed
1785194291085,2,1689000,36,reconstructed
1785194291127,2,1688000,33,reconstructed
1785194291497,2,1687000,47,reconstructed
1785194291711,2,1687000,25,reconstructed
1785194292830,2,1684000,2,reconstructed
1785194292943,2,1684000,46,reconstructed
1785194293127,2,1687000,19,reconstructed
1785194294810,2,1686000,9,reconstructed
1785194296648,2,1689000,27,reconstructed
1785194296870,2,1687000,9,reconstructed
1785194297396,2,1690000,17,reconstructed
1785194297475,2,1690000,80,reconstructed
1785194297555,2,1691000,44,reconstructed
1785194297667,2,1687000,17,reconstructed
1785194298760,2,1686000,7,reconstructed
1785194298794,2,1690000,6,reconstructed
1785194300210,2,1691000,45,reconstructed
1785194300613,2,1694000,23,reconstructed
1785194302945,2,1694000,39,reconstructed
1785194303218,2,1698000,9,reconstructed
1785194304200,2,1697000,24,reconstructed
1785194305117,2,1694000,45,reconstructed
1785194305593,2,1695000,12,reconstructed
1785194306476,2,1696000,69,reconstructed
1785194306853,2,1697000,7,reconstructed
1785194306866,2,1698000,4,reconstructed
1785194307507,2,1698000,20,reconstructed
1785194308106,2,1698000,74,reconstructed
1785194309107,2,1699000,25,reconstructed
1785194309273,2,1698000,11,reconstructed
1785194309297,2,1701000,1,reconstructed
1785194309385,2,1698000,114,reconstructed
1785194309746,2,1698000,41,reconstructed
1785194310123,2,1695000,54,reconstructed
1785194311591,2,1694000,13,reconstructed
1785194311698,2,1695000,4,reconstructed
1785194312629,2,1693000,30,reconstructed
1785194312861,2,1694000,8,reconstructed
1785194314347,2,1695000,6,reconstructed
1785194314466,2,1695000,7,reconstructed
1785194315033,2,1694000,34,reconstructed
1785194315618,2,1694000,57,reconstructed
1785194316185,2,1693000,1,reconstructed
1785194317248,2,1697000,4,reconstructed
1785194317371,2,1693000,110,reconstructed
1785194319384,2,1693000,25,reconstructed
1785194321872,2,1693000,13,reconstructed
1785194322739,2,1692000,7,reconstructed
1785194323104,2,1693000,38,reconstructed
1785194323222,2,1693000,22,reconstructed
1785194323648,2,1692000,18,reconstructed
1785194323923,2,1694000,25,reconstructed
1785194324166,2,1693000,44,reconstructed
1785194324771,2,1695000,11,reconstructed
1785194325080,2,1694000,2,reconstructed
1785194326549,2,1696000,30,reconstructed
1785194327173,2,1696000,14,reconstructed
1785194328265,2,1696000,11,reconstructed
1785194328358,2,1697000,35,reconstructed
1785194328636,2,1695000,25,reconstructed
1785194328964,2,1696000,29,reconstructed
1785194329819,2,1695000,8,reconstructed
1785194331098,2,1696000,34,reconstructed
1785194332436,2,1695000,16,reconstructed
1785194332596,2,1696000,14,reconstructed
1785194333139,2,1694000,14,reconstructed
1785194333463,2,1696000,29,reconstructed
1785194333533,2,1693000,9,reconstructed
1785194333953,2,1692000,21,reconstructed
1785194334374,2,1692000,11,reconstructed
1785194335898,2,1693000,11,reconstructed
1785194336765,2,1693000,76,reconstructed
1785194337335,2,1694000,31,reconstructed
1785194337364,2,1695000,26,reconstructed
1785194337486,2,1695000,12,reconstructed
1785194337729,2,1691000,33,reconstructed
1785194338174,2,1692000,10,reconstructed
1785194338254,2,1690000,15,reconstructed
1785194338309,2,1688000,14,reconstructed
1785194339069,2,1689000,11,reconstructed
1785194340260,2,1692000,9,reconstructed
1785194340523,2,1690000,59,reconstructed
1785194341582,2,1692000,41,reconstructed
1785194341636,2,1691000,40,reconstructed
1785194341951,2,1692000,8,reconstructed
1785194342873,2,1692000,4,reconstructed
1785194343891,2,1692000,12,reconstructed
1785194344270,2,1689000,7,reconstructed
1785194344947,2,1689000,96,reconstructed
1785194345955,2,1692000,3,reconstructed
1785194346371,2,1694000,5,reconstructed
1785194346493,2,1695000,31,reconstructed
1785194347107,2,1693000,22,reconstructed
1785194347519,2,1692000,6,reconstructed
1785194347797,2,1693000,34,reconstructed
1785194348327,2,1690000,15,reconstructed
1785194348364,2,1695000,14,reconstructed
1785194348369,2,1697000,16,reconstructed
1785194350459,2,1696000,37,reconstructed
1785194350643,2,1694000,11,reconstructed
1785194351410,2,1691000,8,reconstructed
1785194352521,2,1689000,9,reconstructed
1785194352674,2,1690000,11,reconstructed
1785194352840,2,1690000,10,reconstructed
1785194354776,2,1687000,15,reconstructed
1785194355798,2,1684000,10,reconstructed
1785194356743,2,1680000,9,reconstructed
1785194357817,2,1680000,4,reconstructed
1785194358174,2,1681000,23,reconstructed
1785194359443,2,1682000,10,reconstructed
1785194361112,2,1681000,43,reconstructed
1785194363037,2,1683000,16,reconstructed
1785194364172,2,1686000,101,reconstructed
1785194364479,2,1686000,8,reconstructed
1785194364877,2,1684000,6,reconstructed
1785194365114,2,1687000,25,reconstructed
1785194365391,2,1685000,39,reconstructed
1785194366672,2,1690000,16,reconstructed
1785194367515,2,1687000,53,reconstructed
1785194367704,2,1688000,11,reconstructed
1785194370724,2,1685000,18,reconstructed
1785194370980,2,1685000,10,reconstructed
1785194371375,2,1686000,8,reconstructed
1785194371560,2,1691000,10,reconstructed
1785194371650,2,1690000,4,reconstructed
1785194372293,2,1693000,9,reconstructed
1785194373267,2,1690000,20,reconstructed
1785194373367,2,1688000,3,reconstructed
1785194373429,2,1691000,42,reconstructed
1785194374350,2,1691000,2,reconstructed
1785194374696,2,1692000,18,reconstructed
1785194375547,2,1691000,8,reconstructed
1785194376011,2,1693000,5,reconstructed
1785194376017,2,1694000,35,reconstructed
1785194376705,2,1694000,46,reconstructed
1785194377108,2,1692000,6,reconstructed
1785194377299,2,1690000,54,reconstructed
1785194377397,2,1689000,15,reconstructed
1785194377845,2,1688000,5,reconstructed
1785194378012,2,1692000,8,reconstructed
1785194378274,2,1692000,4,reconstructed
1785194378358,2,1693000,12,reconstructed
1785194378487,2,1689000,5,reconstructed
1785194379234,2,1688000,16,reconstructed
1785194379379,2,1685000,10,reconstructed
1785194379508,2,1685000,30,reconstructed
1785194380782,2,1686000,37,reconstructed
1785194381735,2,1689000,18,reconstructed
1785194382759,2,1694000,68,reconstructed
1785194382957,2,1693000,14,reconstructed
1785194383514,2,1693000,38,reconstructed
1785194383632,2,1694000,5,reconstructed
1785194383971,2,1692000,13,reconstructed
1785194384787,2,1691000,14,reconstructed
1785194386706,2,1687000,36,reconstructed
1785194386773,2,1689000,51,reconstructed
1785194386900,2,1687000,18,reconstructed
1785194387330,2,1686000,12,reconstructed
1785194388303,2,1686000,2,reconstructed
1785194388335,2,1686000,21,reconstructed
1785194389128,2,1687000,10,reconstructed
1785194390264,2,1690000,23,reconstructed
1785194390627,2,1691000,49,reconstructed
1785194391253,2,1692000,9,reconstructed
1785194391351,2,1692000,5,reconstructed
1785194391420,2,1694000,17,reconstructed
1785194391626,2,1696000,15,reconstructed
1785194393068,2,1697000,13,reconstructed
1785194393974,2,1692000,29,reconstructed
1785194394055,2,1695000,8,reconstructed
1785194395826,2,1696000,22,reconstructed
1785194395871,2,1695000,17,reconstructed
1785194395956,2,1693000,5,reconstructed
1785194397216,2,1696000,9,reconstructed
1785194397374,2,1695000,17,reconstructed
1785194398944,2,1697000,14,reconstructed
1785194399376,2,1697000,22,reconstructed
1785194399722,2,1693000,9,reconstructed
1785194399882,2,1692000,11,reconstructed
1785194403732,2,1689000,32,reconstructed
1785194403762,2,1688000,41,reconstructed
1785194404190,2,1684000,3,reconstructed
1785194404602,2,1682000,12,reconstructed
1785194405525,2,1683000,10,reconstructed
1785194405582,2,1684000,12,reconstructed
1785194405994,2,1688000,16,reconstructed
1785194406006,2,1689000,10,reconstructed
1785194407640,2,1692000,13,reconstructed
1785194407995,2,1691000,57,reconstructed
1785194408166,2,1690000,10,reconstructed
1785194408546,2,1694000,12,reconstructed
1785194410556,2,1694000,32,reconstructed
1785194410976,2,1694000,36,reconstructed
1785194411217,2,1693000,26,reconstructed
1785194411319,2,1692000,45,reconstructed
1785194411509,2,1694000,30,reconstructed
1785194412127,2,1695000,6,reconstructed
1785194412484,2,1690000,25,reconstructed
1785194412875,2,1688000,63,reconstructed
1785194413542,2,1691000,37,reconstructed
1785194414089,2,1691000,36,reconstructed
1785194414549,2,1690000,28,reconstructed
1785194414653,2,1685000,7,reconstructed
1785194415448,2,1686000,22,reconstructed
1785194415465,2,1684000,9,reconstructed
1785194416365,2,1688000,19,reconstructed
1785194416798,2,1685000,47,reconstructed
1785194417717,2,1685000,66,reconstructed
1785194418019,2,1688000,46,reconstructed
1785194418722,2,1687000,5,reconstructed
1785194420332,2,1688000,39,reconstructed
1785194420522,2,1689000,14,reconstructed
1785194420609,2,1687000,16,reconstructed
1785194421447,2,1684000,38,reconstructed
1785194423014,2,1681000,6,reconstructed
1785194423343,2,1680000,10,reconstructed
1785194423574,2,1679000,20,reconstructed
1785194423901,2,1682000,15,reconstructed
1785194424008,2,1681000,8,reconstructed
1785194424339,2,1683000,17,reconstructed
1785194424407,2,1683000,15,reconstructed
1785194425227,2,1683000,28,reconstructed
1785194425254,2,1682000,9,reconstructed
1785194429021,2,1682000,82,reconstructed
1785194429067,2,1682000,13,reconstructed
1785194429550,2,1685000,3,reconstructed
1785194429620,2,1686000,23,reconstructed
1785194429670,2,1686000,23,reconstructed
1785194429929,2,1689000,7,reconstructed
1785194430321,2,1690000,22,reconstructed
1785194430944,2,1691000,4,reconstructed
1785194432119,2,1686000,61,reconstructed
1785194433003,2,1690000,20,reconstructed
1785194433133,2,1690000,32,reconstructed
1785194433179,2,1691000,18,reconstructed
1785194433336,2,1691000,36,reconstructed
1785194433974,2,1691000,3,reconstructed
1785194435021,2,1691000,62,reconstructed
1785194436037,2,1690000,13,reconstructed
1785194436312,2,1690000,35,reconstructed
1785194437696,2,1689000,13,reconstructed
1785194437781,2,1689000,101,reconstructed
1785194438752,2,1687000,12,reconstructed
1785194439109,2,1687000,28,reconstructed
1785194440130,2,1689000,165,reconstructed
1785194440233,2,1690000,31,reconstructed
1785194441295,2,1691000,33,reconstructed
1785194441825,2,1691000,43,reconstructed
1785194442715,2,1689000,52,reconstructed
1785194442876,2,1691000,15,reconstructed
1785194443286,2,1693000,11,reconstructed
1785194444564,2,1692000,60,reconstructed
1785194445217,2,1692000,13,reconstructed
1785194445550,2,1692000,23,reconstructed
1785194446175,2,1696000,49,reconstructed
1785194446471,2,1696000,16,reconstructed
1785194446825,2,1692000,4,reconstructed
1785194447350,2,1692000,9,reconstructed
1785194448385,2,1693000,2,reconstructed
1785194448513,2,1695000,102,reconstructed
1785194448816,2,1693000,21,reconstructed
1785194450263,2,1694000,3,reconstructed
1785194451449,2,1696000,89,reconstructed
1785194453833,2,1694000,9,reconstructed
1785194454520,2,1695000,9,reconstructed
1785194454746,2,1696000,52,reconstructed
1785194457397,2,1696000,64,reconstructed
1785194457826,2,1694000,9,reconstructed
1785194458030,2,1697000,8,reconstructed
1785194458507,2,1697000,14,reconstructed
1785194461135,2,1696000,7,reconstructed
1785194461189,2,1694000,34,reconstructed
1785194462483,2,1695000,19,reconstructed
1785194464703,2,1696000,5,reconstructed
1785194464753,2,1694000,13,reconstructed
1785194465777,2,1694000,24,reconstructed
1785194466585,2,1693000,17,reconstructed
1785194466794,2,1693000,9,reconstructed
1785194467627,2,1694000,88,reconstructed
1785194468457,2,1691000,1,reconstructed
1785194468911,2,1690000,9,reconstructed
1785194469060,2,1690000,16,reconstructed
1785194471418,2,1691000,40,reconstructed
1785194472860,2,1693000,17,reconstructed
1785194473014,2,1694000,60,reconstructed
1785194473540,2,1694000,29,reconstructed
1785194474291,2,1698000,17,reconstructed
1785194475041,2,1695000,6,reconstructed
1785194475612,2,1697000,7,reconstructed
1785194476459,2,1696000,6,reconstructed
1785194476650,2,1691000,15,reconstructed
1785194477619,2,1691000,11,reconstructed
1785194479052,2,1693000,50,reconstructed
1785194480054,2,1691000,36,reconstructed
1785194480093,2,1688000,32,reconstructed
1785194481247,2,1689000,13,reconstructed
1785194481285,2,1689000,23,reconstructed
1785194482312,2,1687000,4,reconstructed
1785194482710,2,1690000,5,reconstructed
1785194482853,2,1692000,3,reconstructed
1785194483570,2,1694000,33,reconstructed
1785194483716,2,1695000,50,reconstructed
1785194484790,2,1693000,85,reconstructed
1785194485293,2,1692000,4,reconstructed
1785194485826,2,1693000,4,reconstructed
1785194487377,2,1692000,34,reconstructed
1785194489051,2,1691000,8,reconstructed
1785194489100,2,1689000,26,reconstructed
1785194489849,2,1688000,7,reconstructed
1785194489856,2,1687000,15,reconstructed
1785194489950,2,1685000,2,reconstructed
1785194490679,2,1684000,5,reconstructed
1785194491384,2,1684000,13,reconstructed
1785194492053,2,1681000,3,reconstructed
1785194492758,2,1681000,14,reconstructed
1785194493696,2,1682000,10,reconstructed
1785194494664,2,1683000,8,reconstructed
1785194495306,2,1684000,41,reconstructed
1785194495997,2,1683000,129,reconstructed
1785194496234,2,1689000,18,reconstructed
1785194496587,2,1687000,73,reconstructed
1785194496718,2,1690000,22,reconstructed
1785194498392,2,1690000,19,reconstructed
1785194498682,2,1687000,13,reconstructed
1785194499931,2,1686000,9,reconstructed
1785194501146,2,1692000,34,reconstructed
1785194502026,2,1693000,14,reconstructed
1785194502286,2,1692000,43,reconstructed
1785194502869,2,1696000,19,reconstructed
1785194503687,2,1696000,25,reconstructed
1785194503820,2,1693000,16,reconstructed
1785194504769,2,1694000,93,reconstructed
1785194505958,2,1693000,33,reconstructed
1785194507597,2,1695000,23,reconstructed
1785194507872,2,1695000,12,reconstructed
1785194507935,2,1692000,7,reconstructed
1785194508955,2,1688000,34,reconstructed
1785194509650,2,1689000,47,reconstructed
1785194510239,2,1690000,3,reconstructed
1785194510799,2,1694000,15,reconstructed
1785194511172,2,1692000,8,reconstructed
1785194514305,2,1693000,16,reconstructed
1785194514345,2,1690000,14,reconstructed
1785194514935,2,1690000,36,reconstructed
1785194514976,2,1692000,3,reconstructed
1785194516175,2,1692000,36,reconstructed
1785194519478,2,1691000,11,reconstructed
1785194519966,2,1691000,7,reconstructed
1785194520277,2,1692000,6,reconstructed
1785194520297,2,1689000,7,reconstructed
1785194522530,2,1686000,19,reconstructed
1785194522726,2,1687000,44,reconstructed
1785194522903,2,1690000,14,reconstructed
1785194524352,2,1689000,25,reconstructed
1785194525132,2,1688000,11,reconstructed
1785194525376,2,1690000,10,reconstructed
1785194525575,2,1685000,16,reconstructed
1785194526264,2,1687000,50,reconstructed
1785194527314,2,1687000,25,reconstructed
1785194527394,2,1688000,29,reconstructed
1785194529035,2,1684000,41,reconstructed
1785194529164,2,1683000,95,reconstructed
1785194529741,2,1681000,19,reconstructed
1785194529744,2,1683000,6,reconstructed
1785194530143,2,1686000,7,reconstructed
1785194531502,2,1685000,16,reconstructed
1785194531623,2,1687000,18,reconstructed
1785194532112,2,1690000,26,reconstructed
1785194532600,2,1688000,15,reconstructed
1785194532790,2,1689000,36,reconstructed
1785194533343,2,1688000,2,reconstructed
1785194533626,2,1691000,28,reconstructed
1785194533978,2,1687000,38,reconstructed
1785194535142,2,1690000,9,reconstructed
1785194535434,2,1689000,27,reconstructed
1785194536852,2,1686000,9,reconstructed
1785194537043,2,1687000,10,reconstructed
1785194538894,2,1685000,29,reconstructed
1785194539085,2,1689000,6,reconstructed
1785194540428,2,1688000,5,reconstructed
1785194541090,2,1685000,9,reconstructed
1785194546958,2,1685000,54,reconstructed
1785194547358,2,1687000,9,reconstructed
1785194548382,2,1689000,11,reconstructed
1785194549668,2,1688000,10,reconstructed
1785194550323,2,1685000,6,reconstructed
1785194551685,2,1685000,71,reconstructed
1785194552026,2,1683000,43,reconstructed
1785194552577,2,1685000,6,reconstructed
1785194553670,2,1686000,12,reconstructed
1785194553831,2,1683000,21,reconstructed
1785194554043,2,1683000,118,reconstructed
1785194554185,2,1683000,12,reconstructed
1785194555562,2,1684000,15,reconstructed
1785194556113,2,1685000,4,reconstructed
1785194556569,2,1686000,34,reconstructed
1785194558054,2,1685000,84,reconstructed
1785194558169,2,1687000,80,reconstructed
1785194558398,2,1687000,15,reconstructed
1785194559516,2,1686000,25,reconstructed
1785194559561,2,1687000,9,reconstructed
1785194559968,2,1685000,46,reconstructed
1785194560853,2,1687000,21,reconstructed
1785194561154,2,1692000,12,reconstructed
1785194561313,2,1691000,120,reconstructed
1785194561540,2,1693000,35,reconstructed
1785194562081,2,1690000,8,reconstructed
1785194563060,2,1691000,5,reconstructed
1785194564037,2,1693000,18,reconstructed
1785194564753,2,1696000,30,reconstructed
1785194565049,2,1694000,9,reconstructed
1785194565278,2,1690000,2,reconstructed
1785194565466,2,1690000,30,reconstructed
1785194565585,2,1696000,11,reconstructed
1785194566016,2,1694000,12,reconstructed
1785194566438,2,1696000,21,reconstructed
1785194566786,2,1696000,25,reconstructed
1785194567000,2,1695000,7,reconstructed
1785194567507,2,1692000,17,reconstructed
1785194568767,2,1691000,22,reconstructed
1785194568891,2,1694000,150,reconstructed
1785194568948,2,1695000,10,reconstructed
1785194568966,2,1696000,21,reconstructed
1785194569058,2,1692000,130,reconstructed
1785194569585,2,1691000,14,reconstructed
1785194570351,2,1694000,4,reconstructed
1785194571170,2,1694000,120,reconstructed
1785194571710,2,1693000,9,reconstructed
1785194572538,2,1689000,4,reconstructed
1785194572883,2,1690000,4,reconstructed
1785194573455,2,1692000,51,reconstructed
1785194573581,2,1692000,7,reconstructed
1785194573976,2,1691000,76,reconstructed
1785194574045,2,1687000,42,reconstructed
1785194574553,2,1690000,40,reconstructed
1785194574795,2,1689000,12,reconstructed
1785194576653,2,1691000,60,reconstructed
1785194577121,2,1690000,11,reconstructed
1785194577142,2,1688000,24,reconstructed
1785194577349,2,1691000,4,reconstructed
1785194578383,2,1694000,20,reconstructed
1785194578569,2,1692000,36,reconstructed
1785194578654,2,1692000,8,reconstructed
1785194578888,2,1691000,40,reconstructed
1785194580205,2,1691000,9,reconstructed
1785194580599,2,1693000,8,reconstructed
1785194580894,2,1690000,8,reconstructed
1785194581856,2,1688000,14,reconstructed
1785194582109,2,1688000,27,reconstructed
1785194582188,2,1686000,224,reconstructed
1785194582282,2,1686000,10,reconstructed
1785194582633,2,1688000,17,reconstructed
1785194582845,2,1686000,10,reconstructed
1785194583947,2,1685000,37,reconstructed
1785194585074,2,1686000,88,reconstructed
1785194585565,2,1687000,2,reconstructed
1785194588770,2,1690000,17,reconstructed
1785194588982,2,1690000,84,reconstructed
1785194589068,2,1688000,20,reconstructed
1785194589897,2,1687000,9,reconstructed
1785194589968,2,1683000,38,reconstructed
1785194590082,2,1683000,25,reconstructed
1785194590116,2,1685000,25,reconstructed
1785194592480,2,1687000,12,reconstructed
1785194593131,2,1690000,33,reconstructed
1785194594178,2,1689000,104,reconstructed
1785194596281,2,1688000,45,reconstructed
1785194596522,2,1688000,24,reconstructed
1785194597016,2,1690000,35,reconstructed
1785194599159,2,1688000,29,reconstructed
1785194599951,2,1685000,29,reconstructed
1785194600028,2,1687000,8,reconstructed
1785194600677,2,1692000,32,reconstructed
1785194601248,2,1695000,18,reconstructed
1785194601540,2,1697000,71,reconstructed
1785194601590,2,1695000,55,reconstructed
1785194602339,2,1694000,15,reconstructed
1785194603042,2,1691000,9,reconstructed
1785194603554,2,1688000,38,reconstructed
1785194603610,2,1690000,19,reconstructed
1785194604196,2,1688000,42,reconstructed
1785194604632,2,1686000,38,reconstructed
1785194604972,2,1690000,35,reconstructed
1785194605094,2,1691000,25,reconstructed
1785194608206,2,1694000,6,reconstructed
1785194609166,2,1694000,5,reconstructed
1785194609192,2,1691000,3,reconstructed
1785194609787,2,1694000,52,reconstructed
1785194610539,2,1694000,11,reconstructed
1785194610664,2,1689000,12,reconstructed
1785194610869,2,1691000,15,reconstructed
1785194611127,2,1695000,10,reconstructed
1785194611182,2,1696000,104,reconstructed
1785194611302,2,1695000,60,reconstructed
1785194611356,2,1695000,5,reconstructed
1785194611689,2,1694000,8,reconstructed
1785194611691,2,1694000,30,reconstructed
1785194612028,2,1692000,22,reconstructed
1785194612577,2,1689000,82,reconstructed
1785194613916,2,1688000,60,reconstructed
1785194614328,2,1687000,16,reconstructed
1785194614723,2,1687000,30,reconstructed
1785194614994,2,1688000,50,reconstructed
1785194615340,2,1690000,39,reconstructed
1785194617036,2,1686000,51,reconstructed
1785194617066,2,1687000,1,reconstructed
1785194619097,2,1682000,26,reconstructed
1785194619925,2,1676000,8,reconstructed
1785194620884,2,1677000,75,reconstructed
1785194621237,2,1680000,34,reconstructed
1785194621745,2,1684000,29,reconstructed
1785194622162,2,1684000,24,reconstructed
1785194622726,2,1682000,15,reconstructed
1785194624518,2,1683000,18,reconstructed
1785194624987,2,1684000,4,reconstructed
1785194625174,2,1685000,69,reconstructed
1785194630371,2,1684000,14,reconstructed
1785194630737,2,1683000,6,reconstructed
1785194632278,2,1684000,11,reconstructed
1785194632622,2,1683000,8,reconstructed
1785194634930,2,1684000,16,reconstructed
1785194635521,2,1684000,4,reconstructed
1785194635571,2,1684000,26,reconstructed
1785194636004,2,1687000,12,reconstructed
1785194636481,2,1687000,46,reconstructed
1785194637877,2,1685000,26,reconstructed
1785194637931,2,1686000,98,reconstructed
1785194638260,2,1685000,18,reconstructed
1785194638292,2,1686000,45,reconstructed
1785194638352,2,1685000,42,reconstructed
1785194638558,2,1687000,8,reconstructed
1785194639324,2,1687000,15,reconstructed
1785194639795,2,1686000,28,reconstructed
1785194640100,2,1689000,6,reconstructed
1785194640491,2,1689000,48,reconstructed
1785194640745,2,1690000,31,reconstructed
1785194641455,2,1692000,37,reconstructed
1785194641650,2,1691000,47,reconstructed
1785194643330,2,1692000,1,reconstructed
1785194643355,2,1693000,25,reconstructed
1785194644448,2,1693000,21,reconstructed
1785194644464,2,1691000,40,reconstructed
1785194645884,2,1692000,36,reconstructed
1785194646404,2,1693000,54,reconstructed
1785194646506,2,1693000,7,reconstructed
1785194646547,2,1695000,22,reconstructed
1785194647287,2,1695000,15,reconstructed
1785194648317,2,1697000,31,reconstructed
1785194649279,2,1694000,11,reconstructed
1785194651451,2,1694000,15,reconstructed
1785194651509,2,1695000,10,reconstructed
1785194652697,2,1696000,44,reconstructed
1785194653058,2,1695000,208,reconstructed
1785194654076,2,1695000,23,reconstructed
1785194654583,2,1696000,12,reconstructed
1785194656108,2,1696000,5,reconstructed
1785194656118,2,1695000,39,reconstructed
1785194656851,2,1694000,17,reconstructed
1785194657932,2,1694000,3,reconstructed
1785194657950,2,1695000,27,reconstructed
1785194658566,2,1691000,139,reconstructed
1785194658897,2,1688000,34,reconstructed
1785194659660,2,1691000,3,reconstructed
1785194659719,2,1694000,7,reconstructed
1785194659969,2,1696000,38,reconstructed
1785194660054,2,1694000,28,reconstructed
1785194660982,2,1696000,21,reconstructed
1785194661311,2,1694000,116,reconstructed
1785194662774,2,1695000,34,reconstructed
1785194664666,2,1694000,18,reconstructed
1785194664871,2,1693000,7,reconstructed
1785194665145,2,1697000,21,reconstructed
1785194665660,2,1698000,16,reconstructed
1785194666689,2,1696000,6,reconstructed
1785194666763,2,1697000,96,reconstructed
1785194666806,2,1694000,115,reconstructed
1785194667002,2,1695000,16,reconstructed
1785194668092,2,1695000,51,reconstructed
1785194668244,2,1689000,9,reconstructed
1785194668557,2,1689000,26,reconstructed
1785194668664,2,1693000,9,reconstructed
1785194669603,2,1690000,8,reconstructed
1785194669740,2,1692000,44,reconstructed
1785194669932,2,1690000,5,reconstructed
1785194670047,2,1692000,4,reconstructed
1785194670466,2,1689000,120,reconstructed
1785194671232,2,1688000,25,reconstructed
1785194671296,2,1690000,13,reconstructed
1785194672696,2,1693000,9,reconstructed
1785194675037,2,1690000,115,reconstructed
1785194675066,2,1693000,26,reconstructed
1785194676218,2,1694000,8,reconstructed
1785194678197,2,1694000,5,reconstructed
1785194678680,2,1694000,135,reconstructed
1785194678956,2,1692000,14,reconstructed
1785194679381,2,1691000,16,reconstructed
1785194679740,2,1693000,84,reconstructed
1785194680184,2,1688000,16,reconstructed
1785194680189,2,1691000,8,reconstructed
1785194681781,2,1689000,6,reconstructed
1785194681887,2,1691000,2,reconstructed
1785194683464,2,1692000,108,reconstructed
1785194683767,2,1688000,11,reconstructed
1785194684148,2,1685000,12,reconstructed
1785194684232,2,1683000,73,reconstructed
1785194684727,2,1683000,103,reconstructed
1785194685909,2,1684000,25,reconstructed
1785194686596,2,1686000,11,reconstructed
1785194688912,2,1685000,16,reconstructed
1785194689158,2,1684000,10,reconstructed
1785194690208,2,1685000,19,reconstructed
1785194690822,2,1686000,30,reconstructed
1785194690911,2,1684000,10,reconstructed
1785194693314,2,1685000,12,reconstructed
1785194693599,2,1686000,13,reconstructed
1785194694635,2,1691000,32,reconstructed
1785194694836,2,1690000,37,reconstructed
1785194696010,2,1690000,8,reconstructed
1785194696153,2,1690000,40,reconstructed
1785194696356,2,1690000,34,reconstructed
1785194696748,2,1687000,56,reconstructed
1785194697049,2,1689000,36,reconstructed
1785194697248,2,1688000,14,reconstructed
1785194697393,2,1688000,25,reconstructed
1785194698896,2,1685000,24,reconstructed
1785194698930,2,1685000,16,reconstructed
1785194704473,2,1684000,12,reconstructed
1785194704665,2,1685000,123,reconstructed
1785194705493,2,1687000,71,reconstructed
1785194706370,2,1687000,6,reconstructed
1785194706430,2,1685000,13,reconstructed
1785194708282,2,1684000,2,reconstructed
1785194712365,2,1685000,21,reconstructed
1785194713078,2,1685000,17,reconstructed
1785194713164,2,1683000,12,reconstructed
1785194713190,2,1683000,31,reconstructed
1785194713610,2,1682000,15,reconstructed
1785194714765,2,1685000,18,reconstructed
1785194715988,2,1686000,14,reconstructed
1785194716079,2,1689000,31,reconstructed
1785194716129,2,1689000,12,reconstructed
1785194716487,2,1689000,18,reconstructed
1785194717819,2,1692000,8,reconstructed
1785194718608,2,1690000,11,reconstructed
1785194718736,2,1691000,18,reconstructed
1785194719158,2,1692000,10,reconstructed
1785194719632,2,1690000,20,reconstructed
1785194720829,2,1692000,3,reconstructed
1785194722003,2,1693000,26,reconstructed
1785194722781,2,1689000,39,reconstructed
1785194722961,2,1686000,9,reconstructed
1785194723059,2,1687000,7,reconstructed
1785194723782,2,1688000,5,reconstructed
1785194723849,2,1690000,7,reconstructed
1785194724474,2,1692000,27,reconstructed
1785194725172,2,1690000,40,reconstructed
1785194725381,2,1691000,7,reconstructed
1785194725985,2,1695000,4,reconstructed
1785194726168,2,1690000,3,reconstructed
1785194727693,2,1693000,24,reconstructed
1785194728053,2,1693000,5,reconstructed
1785194728155,2,1692000,4,reconstructed
1785194729049,2,1688000,5,reconstructed
1785194730252,2,1688000,43,reconstructed
1785194732557,2,1688000,10,reconstructed
1785194732613,2,1688000,20,reconstructed
1785194733005,2,1688000,4,reconstructed
1785194733652,2,1691000,52,reconstructed
1785194733979,2,1694000,26,reconstructed
1785194734003,2,1694000,17,reconstructed
1785194734187,2,1691000,8,reconstructed
1785194734321,2,1690000,5,reconstructed
1785194734624,2,1690000,59,reconstructed
1785194735091,2,1697000,8,reconstructed
1785194735203,2,1696000,1,reconstructed
1785194735212,2,1692000,23,reconstructed
1785194735913,2,1692000,29,reconstructed
1785194736224,2,1691000,6,reconstructed
1785194736491,2,1690000,105,reconstructed
1785194736857,2,1686000,17,reconstructed
1785194737177,2,1688000,12,reconstructed
1785194737600,2,1688000,24,reconstructed
1785194738428,2,1686000,7,reconstructed
1785194738586,2,1685000,33,reconstructed
1785194738913,2,1683000,5,reconstructed
1785194739069,2,1681000,41,reconstructed
1785194740465,2,1682000,33,reconstructed
1785194740589,2,1683000,47,reconstructed
1785194741316,2,1686000,4,reconstructed
1785194742076,2,1688000,9,reconstructed
1785194742311,2,1689000,56,reconstructed
1785194743311,2,1690000,30,reconstructed
1785194743364,2,1685000,3,reconstructed
1785194744293,2,1686000,8,reconstructed
1785194745363,2,1686000,165,reconstructed
1785194746264,2,1688000,21,reconstructed
1785194750605,2,1688000,18,reconstructed
1785194750684,2,1690000,16,reconstructed
1785194751215,2,1689000,8,reconstructed
1785194751286,2,1690000,35,reconstructed
1785194752714,2,1688000,19,reconstructed
1785194753438,2,1688000,55,reconstructed
1785194753650,2,1689000,3,reconstructed
1785194753698,2,1687000,131,reconstructed
1785194754235,2,1686000,135,reconstructed
1785194755567,2,1686000,15,reconstructed
1785194757284,2,1681000,12,reconstructed
1785194757578,2,1680000,19,reconstructed
1785194757882,2,1680000,9,reconstructed
1785194759035,2,1680000,27,reconstructed
1785194759141,2,1683000,14,reconstructed
1785194759159,2,1683000,49,reconstructed
1785194759205,2,1685000,8,reconstructed
1785194759534,2,1682000,57,reconstructed
1785194760456,2,1683000,31,reconstructed
1785194761908,2,1685000,19,reconstructed
1785194762172,2,1685000,8,reconstructed
1785194763976,2,1688000,2,reconstructed
1785194764010,2,1685000,3,reconstructed
1785194764713,2,1685000,80,reconstructed
1785194766228,2,1686000,5,reconstructed
1785194766578,2,1688000,43,reconstructed
1785194766603,2,1686000,6,reconstructed
1785194766863,2,1685000,78,reconstructed
1785194767110,2,1684000,56,reconstructed
1785194767771,2,1684000,33,reconstructed
1785194768618,2,1683000,86,reconstructed
1785194769318,2,1686000,10,reconstructed
1785194769428,2,1683000,170,reconstructed
1785194771896,2,1684000,12,reconstructed
1785194772113,2,1686000,29,reconstructed
1785194773116,2,1686000,21,reconstructed
1785194773255,2,1685000,15,reconstructed
1785194773718,2,1685000,43,reconstructed
1785194773848,2,1684000,16,reconstructed
1785194774944,2,1684000,10,reconstructed
1785194775180,2,1685000,6,reconstructed
1785194775338,2,1684000,18,reconstructed
1785194775834,2,1685000,21,reconstructed
1785194776058,2,1688000,4,reconstructed
1785194776314,2,1686000,4,reconstructed
1785194776399,2,1685000,20,reconstructed
1785194777281,2,1687000,22,reconstructed
1785194777671,2,1689000,5,reconstructed
1785194777909,2,1694000,6,reconstructed
1785194778161,2,1692000,33,reconstructed
1785194779200,2,1693000,61,reconstructed
1785194782190,2,1691000,7,reconstructed
1785194782383,2,1688000,42,reconstructed
1785194782616,2,1689000,19,reconstructed
1785194782776,2,1690000,21,reconstructed
1785194784008,2,1690000,51,reconstructed
1785194784468,2,1689000,51,reconstructed
1785194785246,2,1687000,117,reconstructed
1785194785265,2,1684000,11,reconstructed
1785194785576,2,1683000,11,reconstructed
1785194786610,2,1681000,49,reconstructed
1785194786656,2,1680000,57,reconstructed
1785194787262,2,1682000,104,reconstructed
1785194788642,2,1682000,43,reconstructed
1785194788753,2,1684000,13,reconstructed
1785194788976,2,1689000,22,reconstructed
1785194789258,2,1688000,6,reconstructed
1785194789554,2,1690000,58,reconstructed
1785194789674,2,1690000,4,reconstructed
1785194790479,2,1687000,1,reconstructed
1785194791010,2,1687000,9,reconstructed
1785194791068,2,1688000,10,reconstructed
1785194792194,2,1689000,51,reconstructed
1785194792458,2,1685000,21,reconstructed
1785194793084,2,1684000,28,reconstructed
1785194793435,2,1684000,11,reconstructed
1785194794171,2,1683000,9,reconstructed
1785194794687,2,1681000,7,reconstructed
1785194796315,2,1686000,2,reconstructed
1785194796429,2,1685000,22,reconstructed
1785194797295,2,1687000,5,reconstructed
1785194797402,2,1685000,26,reconstructed
1785194797599,2,1686000,31,reconstructed
1785194798402,2,1684000,49,reconstructed
1785194800109,2,1686000,23,reconstructed
1785194800712,2,1685000,5,reconstructed
1785194802656,2,1682000,32,reconstructed
1785194802734,2,1688000,42,reconstructed
1785194803661,2,1688000,40,reconstructed
1785194804333,2,1687000,32,reconstructed
1785194805343,2,1684000,21,reconstructed
1785194805631,2,1686000,11,reconstructed
1785194806688,2,1688000,5,reconstructed
1785194807666,2,1688000,126,reconstructed
1785194809051,2,1689000,48,reconstructed
1785194809698,2,1686000,32,reconstructed
1785194809850,2,1688000,15,reconstructed
1785194810922,2,1688000,15,reconstructed
1785194811319,2,1686000,3,reconstructed
1785194811348,2,1687000,5,reconstructed
1785194812341,2,1687000,5,reconstructed
1785194813023,2,1686000,30,reconstructed
1785194813345,2,1683000,5,reconstructed
1785194813700,2,1683000,10,reconstructed
1785194813988,2,1687000,20,reconstructed
1785194814584,2,1684000,40,reconstructed
1785194815240,2,1686000,28,reconstructed
1785194815457,2,1686000,7,reconstructed
1785194815500,2,1686000,6,reconstructed
1785194815841,2,1684000,10,reconstructed
1785194816480,2,1685000,9,reconstructed
1785194817164,2,1684000,67,reconstructed
1785194818447,2,1688000,3,reconstructed
1785194818959,2,1690000,7,reconstructed
1785194819162,2,1690000,12,reconstructed
1785194819198,2,1692000,23,reconstructed
1785194819526,2,1690000,14,reconstructed
1785194819608,2,1689000,133,reconstructed
1785194819901,2,1689000,86,reconstructed
1785194820283,2,1688000,4,reconstructed
1785194820412,2,1689000,14,reconstructed
1785194821364,2,1688000,6,reconstructed
1785194821649,2,1689000,103,reconstructed
1785194821851,2,1688000,27,reconstructed
1785194822807,2,1685000,198,reconstructed
1785194822891,2,1686000,7,reconstructed
1785194823115,2,1686000,18,reconstructed
1785194825548,2,1688000,15,reconstructed
1785194826107,2,1689000,28,reconstructed
1785194826528,2,1684000,15,reconstructed
1785194826851,2,1683000,20,reconstructed
1785194830052,2,1683000,27,reconstructed
1785194831606,2,1683000,15,reconstructed
1785194832364,2,1684000,36,reconstructed
1785194832599,2,1683000,11,reconstructed
1785194833089,2,1686000,7,reconstructed
1785194833627,2,1684000,56,reconstructed
1785194834440,2,1683000,9,reconstructed
1785194834730,2,1686000,22,reconstructed
1785194835289,2,1683000,136,reconstructed
1785194835623,2,1685000,29,reconstructed
1785194835719,2,1687000,32,reconstructed
1785194835832,2,1683000,14,reconstructed
1785194836094,2,1684000,6,reconstructed
1785194838808,2,1684000,7,reconstructed
1785194838937,2,1688000,6,reconstructed
1785194839769,2,1688000,20,reconstructed
1785194839884,2,1688000,15,reconstructed
1785194840665,2,1687000,8,reconstructed
1785194841598,2,1686000,3,reconstructed
1785194843273,2,1687000,28,reconstructed
1785194844304,2,1689000,8,reconstructed
1785194844990,2,1691000,28,reconstructed
1785194845743,2,1687000,28,reconstructed
1785194845779,2,1684000,12,reconstructed
1785194845857,2,1686000,29,reconstructed
1785194846386,2,1685000,16,reconstructed
1785194847172,2,1684000,6,reconstructed
1785194847267,2,1685000,6,reconstructed
1785194847533,2,1686000,10,reconstructed
1785194848682,2,1688000,16,reconstructed
1785194850229,2,1688000,10,reconstructed
1785194850962,2,1690000,7,reconstructed
1785194852018,2,1689000,60,reconstructed
1785194852257,2,1686000,19,reconstructed
1785194852392,2,1687000,16,reconstructed
1785194853550,2,1686000,65,reconstructed
1785194853665,2,1684000,16,reconstructed
1785194853747,2,1684000,10,reconstructed
1785194854666,2,1686000,9,reconstructed
1785194854749,2,1686000,16,reconstructed
1785194855210,2,1685000,33,reconstructed
1785194856867,2,1684000,9,reconstructed
1785194857164,2,1685000,39,reconstructed
1785194857375,2,1686000,10,reconstructed
1785194857569,2,1687000,14,reconstructed
1785194859571,2,1689000,27,reconstructed
1785194859587,2,1685000,43,reconstructed
1785194863177,2,1685000,9,reconstructed
1785194863815,2,1681000,14,reconstructed
1785194864970,2,1681000,15,reconstructed
1785194865374,2,1683000,2,reconstructed
1785194866056,2,1683000,4,reconstructed
1785194866293,2,1686000,24,reconstructed
1785194866936,2,1684000,4,reconstructed
1785194867412,2,1685000,112,reconstructed
1785194868658,2,1684000,26,reconstructed
1785194868808,2,1683000,187,reconstructed
1785194869299,2,1680000,37,reconstructed
1785194870756,2,1679000,19,reconstructed
1785194870772,2,1681000,4,reconstructed
1785194870782,2,1682000,46,reconstructed
1785194871208,2,1683000,11,reconstructed
1785194871856,2,1683000,6,reconstructed
1785194871882,2,1681000,47,reconstructed
1785194872180,2,1681000,21,reconstructed
1785194872718,2,1680000,34,reconstructed
1785194874859,2,1678000,14,reconstructed
1785194875399,2,1678000,16,reconstructed
1785194875701,2,1679000,40,reconstructed
1785194876551,2,1680000,7,reconstructed
1785194876658,2,1680000,19,reconstructed
1785194879568,2,1679000,33,reconstructed
1785194880204,2,1681000,51,reconstructed
1785194881363,2,1682000,9,reconstructed
1785194883583,2,1682000,9,reconstructed
1785194883834,2,1678000,2,reconstructed
1785194883875,2,1678000,5,reconstructed
1785194884132,2,1679000,9,reconstructed
1785194885050,2,1679000,11,reconstructed
1785194886420,2,1678000,11,reconstructed
1785194886660,2,1677000,14,reconstructed
1785194886992,2,1678000,17,reconstructed
1785194888070,2,1678000,8,reconstructed
1785194888560,2,1682000,39,reconstructed
1785194889217,2,1684000,78,reconstructed
1785194890012,2,1683000,6,reconstructed
1785194891858,2,1682000,11,reconstructed
1785194891988,2,1683000,13,reconstructed
1785194892990,2,1682000,5,reconstructed
1785194893280,2,1681000,12,reconstructed
1785194894871,2,1679000,3,reconstructed
1785194895855,2,1679000,45,reconstructed
1785194897246,2,1678000,8,reconstructed
1785194898040,2,1678000,86,reconstructed
1785194898204,2,1675000,15,reconstructed
1785194900827,2,1677000,1,reconstructed
1785194901181,2,1674000,15,reconstructed
1785194904825,2,1678000,12,reconstructed
1785194905476,2,1676000,13,reconstructed
1785194907304,2,1676000,35,reconstructed
1785194908770,2,1676000,29,reconstructed
1785194908869,2,1678000,11,reconstructed
1785194909565,2,1677000,50,reconstructed
1785194909815,2,1681000,20,reconstructed
1785194911009,2,1679000,7,reconstructed
1785194911460,2,1678000,12,reconstructed
1785194911712,2,1681000,9,reconstructed
1785194911868,2,1683000,10,reconstructed
1785194912105,2,1680000,20,reconstructed
1785194912367,2,1682000,6,reconstructed
1785194914052,2,1682000,47,reconstructed
1785194915013,2,1680000,5,reconstructed
1785194915045,2,1684000,25,reconstructed
1785194917896,2,1689000,7,reconstructed
1785194918458,2,1689000,11,reconstructed
1785194918836,2,1690000,41,reconstructed
1785194919783,2,1688000,110,reconstructed
1785194920451,2,1687000,22,reconstructed
1785194921068,2,1686000,14,reconstructed
1785194921127,2,1684000,28,reconstructed
1785194921825,2,1683000,20,reconstructed
1785194921928,2,1685000,39,reconstructed
1785194924290,2,1685000,20,reconstructed
1785194925424,2,1687000,14,reconstructed
1785194926772,2,1685000,9,reconstructed
1785194927895,2,1686000,5,reconstructed
1785194927974,2,1686000,14,reconstructed
1785194928389,2,1686000,26,reconstructed
1785194929151,2,1686000,5,reconstructed
1785194929317,2,1685000,14,reconstructed
1785194929858,2,1685000,12,reconstructed
1785194931058,2,1682000,28,reconstructed
1785194931274,2,1683000,30,reconstructed
1785194932122,2,1684000,6,reconstructed
1785194932204,2,1682000,88,reconstructed
1785194932229,2,1684000,18,reconstructed
1785194932520,2,1679000,17,reconstructed
1785194932544,2,1678000,40,reconstructed
1785194932697,2,1681000,43,reconstructed
1785194933226,2,1679000,39,reconstructed
1785194933786,2,1678000,13,reconstructed
1785194933787,2,1681000,29,reconstructed
1785194935026,2,1681000,13,reconstructed
1785194935118,2,1679000,35,reconstructed
1785194936630,2,1679000,11,reconstructed
1785194936806,2,1680000,23,reconstructed
1785194937048,2,1681000,34,reconstructed
1785194937708,2,1679000,6,reconstructed
1785194937714,2,1682000,58,reconstructed
1785194938980,2,1681000,53,reconstructed
1785194939198,2,1680000,44,reconstructed
1785194940144,2,1684000,8,reconstructed
1785194942503,2,1682000,9,reconstructed
1785194942586,2,1684000,3,reconstructed
1785194942936,2,1684000,27,reconstructed
1785194943751,2,1685000,6,reconstructed
1785194945627,2,1688000,50,reconstructed
1785194945738,2,1690000,5,reconstructed
1785194946085,2,1687000,7,reconstructed
1785194946711,2,1685000,8,reconstructed
1785194947474,2,1684000,14,reconstructed
1785194948152,2,1683000,22,reconstructed
1785194948214,2,1682000,9,reconstructed
1785194948949,2,1683000,9,reconstructed
1785194949838,2,1685000,62,reconstructed
1785194951079,2,1680000,11,reconstructed
1785194951612,2,1680000,4,reconstructed
1785194951848,2,1679000,50,reconstructed
1785194953307,2,1683000,31,reconstructed
1785194953949,2,1684000,27,reconstructed
1785194954020,2,1685000,19,reconstructed
1785194956139,2,1687000,23,reconstructed
1785194956796,2,1688000,4,reconstructed
1785194957561,2,1689000,58,reconstructed
1785194957600,2,1688000,94,reconstructed
1785194957756,2,1683000,16,reconstructed
1785194958012,2,1682000,17,reconstructed
1785194959139,2,1681000,56,reconstructed
1785194959167,2,1681000,1,reconstructed
1785194959197,2,1682000,14,reconstructed
1785194960460,2,1682000,18,reconstructed
1785194961102,2,1681000,24,reconstructed
1785194962728,2,1678000,47,reconstructed
1785194962824,2,1677000,6,reconstructed
1785194963776,2,1676000,19,reconstructed
1785194964280,2,1677000,83,reconstructed
1785194964397,2,1675000,10,reconstructed
1785194964513,2,1677000,7,reconstructed
1785194964779,2,1678000,8,reconstructed
1785194965777,2,1679000,12,reconstructed
1785194965906,2,1680000,6,reconstructed
1785194966107,2,1678000,8,reconstructed
1785194966455,2,1680000,22,reconstructed
1785194966957,2,1682000,27,reconstructed
1785194967193,2,1683000,22,reconstructed
1785194967247,2,1686000,7,reconstructed
1785194968097,2,1688000,68,reconstructed
1785194968509,2,1689000,40,reconstructed
1785194969374,2,1686000,60,reconstructed
1785194969939,2,1686000,36,reconstructed
1785194970986,2,1685000,15,reconstructed
1785194971479,2,1683000,36,reconstructed
1785194971991,2,1687000,8,reconstructed
1785194972799,2,1688000,5,reconstructed
1785194972973,2,1687000,13,reconstructed
1785194973121,2,1690000,8,reconstructed
1785194973918,2,1690000,18,reconstructed
1785194974734,2,1690000,269,reconstructed
1785194975120,2,1690000,16,reconstructed
1785194975361,2,1686000,18,reconstructed
1785194976636,2,1690000,55,reconstructed
1785194976678,2,1696000,58,reconstructed
1785194976687,2,1693000,8,reconstructed
1785194977367,2,1690000,15,reconstructed
1785194979082,2,1688000,54,reconstructed
1785194979415,2,1686000,12,reconstructed
1785194979659,2,1684000,40,reconstructed
1785194979863,2,1683000,9,reconstructed
1785194980090,2,1682000,38,reconstructed
1785194980834,2,1680000,18,reconstructed
1785194980857,2,1681000,37,reconstructed
1785194980889,2,1680000,8,reconstructed
1785194982144,2,1680000,81,reconstructed
1785194982702,2,1683000,28,reconstructed
1785194982931,2,1687000,42,reconstructed
1785194983684,2,1686000,30,reconstructed
1785194984211,2,1684000,38,reconstructed
1785194984759,2,1685000,7,reconstructed
1785194985328,2,1682000,21,reconstructed
1785194985707,2,1680000,17,reconstructed
1785194986310,2,1680000,22,reconstructed
1785194987688,2,1681000,11,reconstructed
1785194988209,2,1680000,26,reconstructed
1785194988796,2,1679000,7,reconstructed
1785194989739,2,1680000,50,reconstructed
1785194990298,2,1681000,7,reconstructed
1785194991027,2,1682000,18,reconstructed
1785194991495,2,1682000,5,reconstructed
1785194991626,2,1682000,5,reconstructed
1785194992479,2,1683000,26,reconstructed
1785194992514,2,1684000,23,reconstructed
1785194992576,2,1684000,10,reconstructed
1785194993122,2,1683000,20,reconstructed
1785194993149,2,1683000,19,reconstructed
1785194993442,2,1685000,29,reconstructed
1785194994233,2,1684000,4,reconstructed
1785194994237,2,1681000,4,reconstructed
1785194995704,2,1683000,155,reconstructed
1785194995949,2,1681000,16,reconstructed
1785194996669,2,1682000,25,reconstructed
1785194997889,2,1684000,17,reconstructed
1785194998203,2,1683000,29,reconstructed
1785194998403,2,1685000,19,reconstructed
1785195000670,2,1686000,37,reconstructed
1785195001429,2,1687000,11,reconstructed
1785195001827,2,1690000,8,reconstructed
1785195002576,2,1687000,20,reconstructed
1785195003359,2,1682000,6,reconstructed
1785195003433,2,1684000,16,reconstructed
1785195004042,2,1680000,31,reconstructed
1785195004703,2,1680000,74,reconstructed
1785195004753,2,1682000,10,reconstructed
1785195005957,2,1682000,4,reconstructed
1785195006228,2,1682000,28,reconstructed
1785195007261,2,1685000,13,reconstructed
1785195008190,2,1686000,13,reconstructed
1785195008448,2,1683000,17,reconstructed
1785195009402,2,1686000,6,reconstructed
1785195011238,2,1688000,46,reconstructed
1785195011829,2,1686000,17,reconstructed
1785195012194,2,1686000,10,reconstructed
1785195012245,2,1687000,30,reconstructed
1785195013428,2,1685000,30,reconstructed
1785195014042,2,1683000,5,reconstructed
1785195014273,2,1680000,9,reconstructed
1785195014520,2,1680000,38,reconstructed
1785195014576,2,1679000,15,reconstructed
1785195015283,2,1682000,20,reconstructed
1785195015381,2,1684000,16,reconstructed
1785195015860,2,1680000,8,reconstructed
1785195016299,2,1681000,8,reconstructed
1785195017394,2,1682000,78,reconstructed
1785195017581,2,1680000,11,reconstructed
1785195018316,2,1683000,23,reconstructed
1785195018471,2,1684000,25,reconstructed
1785195019649,2,1682000,8,reconstructed
1785195020158,2,1685000,4,reconstructed
1785195021229,2,1682000,32,reconstructed
1785195021429,2,1685000,10,reconstructed
1785195022713,2,1686000,55,reconstructed
1785195023492,2,1685000,24,reconstructed
1785195026102,2,1681000,19,reconstructed
1785195027086,2,1679000,45,reconstructed
1785195027464,2,1683000,10,reconstructed
1785195029801,2,1682000,20,reconstructed
1785195030688,2,1683000,68,reconstructed
1785195031762,2,1682000,95,reconstructed
1785195031824,2,1680000,3,reconstructed
1785195032502,2,1678000,8,reconstructed
1785195032840,2,1674000,7,reconstructed
1785195032894,2,1675000,6,reconstructed
1785195033242,2,1674000,32,reconstructed
1785195033665,2,1674000,38,reconstructed
1785195033819,2,1676000,26,reconstructed
1785195034337,2,1674000,14,reconstructed
1785195035280,2,1672000,3,reconstructed
1785195036238,2,1675000,24,reconstructed
1785195036508,2,1675000,6,reconstructed
1785195037298,2,1675000,8,reconstructed
1785195039526,2,1676000,11,reconstructed
1785195039693,2,1676000,9,reconstructed
1785195040517,2,1677000,5,reconstructed
1785195040854,2,1679000,28,reconstructed
1785195042363,2,1683000,20,reconstructed
1785195042932,2,1683000,10,reconstructed
1785195043059,2,1682000,7,reconstructed
1785195043235,2,1680000,23,reconstructed
1785195043379,2,1683000,36,reconstructed
1785195043413,2,1683000,20,reconstructed
1785195044193,2,1684000,5,reconstructed
1785195045223,2,1682000,4,reconstructed
1785195045313,2,1681000,45,reconstructed
1785195045661,2,1679000,17,reconstructed
1785195045825,2,1678000,7,reconstructed
1785195045860,2,1682000,13,reconstructed
1785195046272,2,1682000,6,reconstructed
1785195046782,2,1680000,13,reconstructed
1785195046873,2,1681000,5,reconstructed
1785195046992,2,1682000,39,reconstructed
1785195047475,2,1681000,46,reconstructed
1785195047907,2,1680000,4,reconstructed
1785195048332,2,1681000,17,reconstructed
1785195048983,2,1681000,23,reconstructed
1785195051004,2,1683000,19,reconstructed
1785195051170,2,1685000,3,reconstructed
1785195052735,2,1684000,35,reconstructed
1785195052900,2,1683000,8,reconstructed
1785195053651,2,1682000,28,reconstructed
1785195054153,2,1683000,4,reconstructed
1785195054181,2,1679000,6,reconstructed
1785195054249,2,1681000,91,reconstructed
1785195055423,2,1677000,88,reconstructed
1785195055493,2,1678000,31,reconstructed
1785195055932,2,1682000,55,reconstructed
1785195056161,2,1680000,11,reconstructed
1785195056309,2,1680000,8,reconstructed
1785195056816,2,1679000,14,reconstructed
1785195056868,2,1681000,44,reconstructed
1785195057955,2,1681000,19,reconstructed
1785195058184,2,1683000,25,reconstructed
1785195058837,2,1686000,21,reconstructed
1785195060756,2,1683000,8,reconstructed
1785195062592,2,1682000,17,reconstructed
1785195062913,2,1681000,18,reconstructed
1785195063012,2,1680000,39,reconstructed
1785195063280,2,1681000,26,reconstructed
1785195063945,2,1683000,25,reconstructed
1785195064007,2,1680000,13,reconstructed
1785195064689,2,1678000,32,reconstructed
1785195065840,2,1683000,17,reconstructed
1785195066601,2,1681000,35,reconstructed
1785195066793,2,1679000,7,reconstructed
1785195068033,2,1678000,43,reconstructed
1785195068291,2,1677000,37,reconstructed
1785195069098,2,1682000,40,reconstructed
1785195069520,2,1681000,19,reconstructed
1785195070014,2,1683000,12,reconstructed
1785195070129,2,1677000,17,reconstructed
1785195070407,2,1679000,38,reconstructed
1785195070729,2,1680000,3,reconstructed
1785195070975,2,1684000,5,reconstructed
1785195071811,2,1685000,44,reconstructed
1785195072277,2,1682000,17,reconstructed
1785195072992,2,1681000,13,reconstructed
1785195073286,2,1684000,6,reconstructed
1785195073382,2,1686000,9,reconstructed
1785195073911,2,1685000,30,reconstructed
1785195074191,2,1682000,6,reconstructed
1785195074822,2,1685000,16,reconstructed
1785195075515,2,1681000,24,reconstructed
1785195075772,2,1679000,9,reconstructed
1785195075774,2,1678000,24,reconstructed
1785195075833,2,1680000,5,reconstructed
1785195075989,2,1683000,11,reconstructed
1785195076448,2,1684000,29,reconstructed
1785195076576,2,1685000,45,reconstructed
1785195076832,2,1685000,35,reconstructed
1785195078109,2,1687000,86,reconstructed
1785195078186,2,1686000,7,reconstructed
1785195078228,2,1686000,12,reconstructed
1785195078534,2,1684000,26,reconstructed
1785195078740,2,1683000,25,reconstructed
1785195080193,2,1683000,7,reconstructed
1785195080566,2,1683000,12,reconstructed
1785195080691,2,1684000,3,reconstructed
1785195081850,2,1682000,1,reconstructed
1785195082470,2,1678000,29,reconstructed
1785195082999,2,1678000,9,reconstructed
1785195083714,2,1681000,37,reconstructed
1785195084013,2,1681000,7,reconstructed
1785195084510,2,1681000,112,reconstructed
1785195084981,2,1680000,1,reconstructed
1785195085106,2,1680000,14,reconstructed
1785195087488,2,1682000,114,reconstructed
1785195088384,2,1683000,60,reconstructed
1785195088545,2,1686000,11,reconstructed
1785195089326,2,1686000,34,reconstructed
1785195090581,2,1682000,69,reconstructed
1785195090592,2,1681000,14,reconstructed
1785195090951,2,1679000,68,reconstructed
1785195092106,2,1675000,17,reconstructed
1785195092627,2,1674000,31,reconstructed
1785195092769,2,1673000,32,reconstructed
1785195093130,2,1674000,10,reconstructed
1785195093926,2,1672000,23,reconstructed
1785195094651,2,1670000,19,reconstructed
1785195095783,2,1671000,11,reconstructed
1785195096324,2,1669000,15,reconstructed
1785195096904,2,1673000,45,reconstructed
1785195097789,2,1676000,26,reconstructed
1785195098202,2,1675000,2,reconstructed
1785195098301,2,1675000,19,reconstructed
1785195099573,2,1678000,7,reconstructed
1785195100085,2,1678000,28,reconstructed
1785195100680,2,1680000,3,reconstructed
1785195100730,2,1682000,16,reconstructed
1785195101065,2,1678000,15,reconstructed
1785195103294,2,1677000,45,reconstructed
1785195103903,2,1678000,9,reconstructed
1785195104417,2,1683000,5,reconstructed
1785195105116,2,1680000,6,reconstructed
1785195105123,2,1682000,25,reconstructed
1785195105245,2,1682000,45,reconstructed
1785195105649,2,1682000,28,reconstructed
1785195105714,2,1681000,14,reconstructed
1785195106388,2,1682000,11,reconstructed
1785195106523,2,1683000,9,reconstructed
1785195106635,2,1682000,10,reconstructed
1785195108807,2,1683000,9,reconstructed
1785195109516,2,1680000,27,reconstructed
1785195110182,2,1682000,4,reconstructed
1785195110388,2,1680000,5,reconstructed
1785195111222,2,1678000,20,reconstructed
1785195114589,2,1678000,5,reconstructed
1785195117225,2,1676000,11,reconstructed
1785195117326,2,1674000,28,reconstructed
1785195118148,2,1675000,16,reconstructed
1785195119031,2,1677000,8,reconstructed
1785195119307,2,1675000,12,reconstructed
1785195119315,2,1677000,28,reconstructed
1785195119627,2,1678000,91,reconstructed
1785195119727,2,1677000,27,reconstructed
1785195119751,2,1679000,5,reconstructed
1785195120055,2,1680000,20,reconstructed
1785195121600,2,1678000,6,reconstructed
1785195126749,2,1680000,70,reconstructed
1785195126837,2,1678000,26,reconstructed
1785195127145,2,1679000,7,reconstructed
1785195127699,2,1679000,12,reconstructed
1785195129639,2,1677000,7,reconstructed
1785195130001,2,1676000,13,reconstructed
1785195130094,2,1678000,58,reconstructed
1785195130103,2,1676000,44,reconstructed
1785195131322,2,1674000,20,reconstructed
1785195131354,2,1675000,45,reconstructed
1785195131359,2,1677000,14,reconstructed
1785195132854,2,1679000,13,reconstructed
1785195133792,2,1681000,8,reconstructed
1785195134137,2,1685000,18,reconstructed
1785195134663,2,1684000,16,reconstructed
1785195134893,2,1684000,14,reconstructed
1785195135090,2,1683000,26,reconstructed
1785195135730,2,1684000,154,reconstructed
1785195136647,2,1686000,6,reconstructed
1785195137155,2,1687000,45,reconstructed
1785195138041,2,1685000,3,reconstructed
1785195138312,2,1685000,30,reconstructed
1785195138425,2,1683000,21,reconstructed
1785195138560,2,1683000,64,reconstructed
1785195139016,2,1680000,3,reconstructed
1785195139831,2,1684000,79,reconstructed
1785195142204,2,1684000,59,reconstructed
1785195143303,2,1685000,19,reconstructed
1785195143441,2,1683000,40,reconstructed
1785195143604,2,1682000,16,reconstructed
1785195145323,2,1679000,7,reconstructed
1785195146198,2,1683000,104,reconstructed
1785195146694,2,1682000,9,reconstructed
1785195146868,2,1684000,10,reconstructed
1785195147650,2,1681000,25,reconstructed
1785195147651,2,1681000,9,reconstructed
1785195148312,2,1684000,22,reconstructed
1785195148902,2,1683000,28,reconstructed
1785195149195,2,1676000,22,reconstructed
1785195149529,2,1677000,5,reconstructed
1785195149883,2,1683000,9,reconstructed
1785195150271,2,1683000,41,reconstructed
1785195150524,2,1686000,99,reconstructed
1785195150635,2,1686000,45,reconstructed
1785195150855,2,1681000,20,reconstructed
1785195152182,2,1679000,15,reconstructed
1785195153122,2,1677000,21,reconstructed
1785195153484,2,1678000,15,reconstructed
1785195153785,2,1679000,73,reconstructed
1785195154271,2,1677000,5,reconstructed
1785195154278,2,1680000,5,reconstructed
1785195156336,2,1678000,39,reconstructed
1785195156917,2,1682000,5,reconstructed
1785195157506,2,1683000,6,reconstructed
1785195157950,2,1681000,6,reconstructed
1785195158411,2,1680000,64,reconstructed
1785195158689,2,1681000,24,reconstructed
1785195159153,2,1679000,28,reconstructed
1785195160139,2,1683000,22,reconstructed
1785195161570,2,1685000,14,reconstructed
1785195162249,2,1688000,22,reconstructed
1785195162386,2,1685000,52,reconstructed
1785195163136,2,1682000,2,reconstructed
1785195163840,2,1681000,8,reconstructed
1785195165733,2,1680000,3,reconstructed
1785195166539,2,1679000,12,reconstructed
1785195166861,2,1679000,32,reconstructed
1785195166904,2,1678000,22,reconstructed
1785195167602,2,1676000,84,reconstructed
1785195167641,2,1673000,40,reconstructed
1785195167870,2,1673000,32,reconstructed
1785195168641,2,1673000,9,reconstructed
1785195168746,2,1671000,16,reconstructed
1785195169168,2,1672000,6,reconstructed
1785195169579,2,1676000,4,reconstructed
1785195169675,2,1680000,22,reconstructed
1785195169894,2,1684000,90,reconstructed
1785195170210,2,1685000,5,reconstructed
1785195170791,2,1687000,16,reconstructed
1785195171510,2,1690000,58,reconstructed
1785195172538,2,1687000,15,reconstructed
1785195172750,2,1684000,87,reconstructed
1785195173401,2,1685000,26,reconstructed
1785195173470,2,1684000,15,reconstructed
1785195173988,2,1686000,13,reconstructed
1785195174259,2,1687000,34,reconstructed
1785195175289,2,1685000,18,reconstructed
1785195175667,2,1686000,14,reconstructed
1785195175824,2,1685000,154,reconstructed
1785195176010,2,1682000,38,reconstructed
1785195177976,2,1681000,13,reconstructed
1785195178192,2,1677000,18,reconstructed
1785195178416,2,1675000,11,reconstructed
1785195179365,2,1676000,8,reconstructed
1785195180591,2,1673000,28,reconstructed
1785195180835,2,1676000,2,reconstructed
1785195183977,2,1679000,11,reconstructed
1785195185787,2,1677000,2,reconstructed
1785195186128,2,1674000,6,reconstructed
1785195187625,2,1672000,58,reconstructed
1785195188382,2,1674000,12,reconstructed
1785195189441,2,1677000,29,reconstructed
1785195189495,2,1681000,9,reconstructed
1785195191284,2,1681000,203,reconstructed
1785195191476,2,1681000,4,reconstructed
1785195191611,2,1679000,41,reconstructed
1785195191778,2,1678000,5,reconstructed
1785195192637,2,1675000,14,reconstructed
1785195193251,2,1675000,10,reconstructed
1785195193266,2,1676000,8,reconstructed
1785195193295,2,1674000,21,reconstructed
1785195193442,2,1675000,40,reconstructed
1785195193611,2,1672000,24,reconstructed
1785195193907,2,1673000,7,reconstructed
1785195194334,2,1675000,46,reconstructed
1785195195199,2,1677000,18,reconstructed
1785195195560,2,1677000,32,reconstructed
1785195197262,2,1678000,38,reconstructed
1785195197324,2,1678000,15,reconstructed
1785195197479,2,1677000,7,reconstructed
1785195197504,2,1677000,5,reconstructed
1785195197847,2,1682000,52,reconstructed
1785195199055,2,1686000,4,reconstructed
1785195199363,2,1686000,35,reconstructed
1785195199783,2,1686000,8,reconstructed
1785195200120,2,1685000,33,reconstructed
1785195200149,2,1688000,19,reconstructed
1785195200290,2,1688000,34,reconstructed
1785195201453,2,1684000,20,reconstructed
1785195201835,2,1687000,30,reconstructed
1785195202086,2,1686000,21,reconstructed
1785195202374,2,1685000,24,reconstructed
1785195202984,2,1684000,5,reconstructed
1785195203795,2,1684000,14,reconstructed
1785195203867,2,1682000,23,reconstructed
1785195204942,2,1682000,98,reconstructed
1785195205132,2,1683000,29,reconstructed
1785195206372,2,1684000,14,reconstructed
1785195206441,2,1682000,39,reconstructed
1785195206932,2,1684000,5,reconstructed
1785195207440,2,1685000,8,reconstructed
1785195207973,2,1684000,21,reconstructed
1785195208259,2,1683000,8,reconstructed
1785195208413,2,1683000,9,reconstructed
1785195208532,2,1683000,20,reconstructed
1785195208890,2,1681000,56,reconstructed
1785195209380,2,1680000,21,reconstructed
1785195211011,2,1678000,24,reconstructed
1785195211496,2,1678000,97,reconstructed
1785195211837,2,1677000,11,reconstructed
1785195213316,2,1679000,18,reconstructed
1785195214399,2,1682000,11,reconstructed
1785195215111,2,1680000,66,reconstructed
1785195215215,2,1679000,7,reconstructed
1785195216196,2,1682000,3,reconstructed
1785195216425,2,1683000,7,reconstructed
1785195216854,2,1680000,4,reconstructed
1785195218952,2,1682000,15,reconstructed
1785195219356,2,1679000,13,reconstructed
1785195219391,2,1682000,33,reconstructed
1785195219713,2,1685000,4,reconstructed
1785195221430,2,1682000,16,reconstructed
1785195221474,2,1682000,51,reconstructed
1785195222205,2,1680000,4,reconstructed
1785195223608,2,1680000,3,reconstructed
1785195224667,2,1677000,13,reconstructed
1785195224744,2,1674000,14,reconstructed
1785195226839,2,1676000,4,reconstructed
1785195227016,2,1680000,24,reconstructed
1785195231647,2,1681000,9,reconstructed
1785195231762,2,1680000,8,reconstructed
1785195232106,2,1679000,3,reconstructed
1785195232533,2,1678000,21,reconstructed
1785195232561,2,1678000,16,reconstructed
1785195233901,2,1678000,12,reconstructed
1785195234526,2,1676000,10,reconstructed
1785195234798,2,1678000,13,reconstructed
1785195235382,2,1677000,37,reconstructed
1785195235424,2,1674000,56,reconstructed
1785195235796,2,1674000,13,reconstructed
1785195236042,2,1676000,66,reconstructed
1785195236210,2,1675000,24,reconstructed
1785195236286,2,1676000,190,reconstructed
1785195238152,2,1675000,24,reconstructed
1785195238196,2,1673000,26,reconstructed
1785195238484,2,1674000,40,reconstructed
1785195239274,2,1672000,61,reconstructed
1785195239602,2,1674000,52,reconstructed
1785195239647,2,1678000,4,reconstructed
1785195240080,2,1680000,24,reconstructed
1785195240817,2,1681000,13,reconstructed
1785195241073,2,1680000,12,reconstructed
1785195242092,2,1679000,16,reconstructed
1785195245164,2,1679000,6,reconstructed
1785195245520,2,1681000,18,reconstructed
1785195246303,2,1681000,27,reconstructed
1785195247573,2,1679000,14,reconstructed
1785195248664,2,1677000,1,reconstructed
1785195249249,2,1677000,3,reconstructed
1785195249260,2,1675000,34,reconstructed
1785195249919,2,1677000,7,reconstructed
1785195250122,2,1674000,7,reconstructed
1785195251201,2,1676000,13,reconstructed
1785195251922,2,1675000,7,reconstructed
1785195253084,2,1672000,55,reconstructed
1785195253604,2,1673000,30,reconstructed
1785195253639,2,1675000,17,reconstructed
1785195253698,2,1675000,58,reconstructed
1785195253976,2,1677000,24,reconstructed
1785195253982,2,1679000,144,reconstructed
1785195254464,2,1678000,32,reconstructed
1785195254744,2,1678000,5,reconstructed
1785195256681,2,1677000,37,reconstructed
1785195256919,2,1676000,1,reconstructed
1785195257180,2,1676000,59,reconstructed
1785195257642,2,1677000,27,reconstructed
1785195257655,2,1677000,13,reconstructed
1785195258846,2,1680000,6,reconstructed
1785195259117,2,1680000,21,reconstructed
1785195263639,2,1679000,12,reconstructed
1785195263843,2,1679000,67,reconstructed
1785195263861,2,1677000,6,reconstructed
1785195264036,2,1676000,62,reconstructed
1785195264315,2,1677000,8,reconstructed
1785195265066,2,1676000,14,reconstructed
1785195265088,2,1679000,10,reconstructed
1785195265661,2,1680000,9,reconstructed
1785195266073,2,1680000,14,reconstructed
1785195266077,2,1679000,9,reconstructed
1785195267095,2,1680000,14,reconstructed
1785195268556,2,1678000,30,reconstructed
1785195269319,2,1675000,26,reconstructed
1785195270820,2,1677000,14,reconstructed
1785195271496,2,1678000,28,reconstructed
1785195271668,2,1680000,9,reconstructed
1785195272258,2,1680000,15,reconstructed
1785195272457,2,1681000,39,reconstructed
1785195272666,2,1681000,13,reconstructed
1785195273372,2,1680000,49,reconstructed
1785195273576,2,1679000,23,reconstructed
1785195273664,2,1679000,24,reconstructed
1785195273871,2,1678000,36,reconstructed
1785195273992,2,1676000,13,reconstructed
1785195274107,2,1678000,41,reconstructed
1785195275745,2,1676000,13,reconstructed
1785195275809,2,1676000,170,reconstructed
1785195275813,2,1676000,12,reconstructed
1785195276195,2,1676000,7,reconstructed
1785195276877,2,1676000,8,reconstructed
1785195277826,2,1681000,50,reconstructed
1785195277899,2,1681000,17,reconstructed
1785195278891,2,1681000,13,reconstructed
1785195281010,2,1682000,3,reconstructed
1785195281364,2,1682000,7,reconstructed
1785195281892,2,1679000,6,reconstructed
1785195282028,2,1681000,9,reconstructed
1785195283158,2,1681000,16,reconstructed
1785195283439,2,1681000,6,reconstructed
1785195285338,2,1681000,13,reconstructed
1785195285731,2,1682000,10,reconstructed
1785195286684,2,1681000,5,reconstructed
1785195286732,2,1681000,9,reconstructed
1785195287087,2,1682000,12,reconstructed
1785195287340,2,1682000,5,reconstructed
1785195290081,2,1680000,51,reconstructed
1785195290138,2,1683000,53,reconstructed
1785195290840,2,1682000,27,reconstructed
1785195290986,2,1684000,23,reconstructed
1785195292263,2,1685000,2,reconstructed
1785195292535,2,1686000,13,reconstructed
1785195293204,2,1682000,15,reconstructed
1785195295358,2,1683000,44,reconstructed
1785195295626,2,1683000,75,reconstructed
1785195295966,2,1683000,27,reconstructed
1785195296544,2,1683000,19,reconstructed
1785195297078,2,1681000,22,reconstructed
1785195297506,2,1684000,12,reconstructed
1785195298118,2,1682000,6,reconstructed
1785195298727,2,1686000,8,reconstructed
1785195299116,2,1683000,24,reconstructed
1785195300060,2,1681000,14,reconstructed
1785195303035,2,1681000,7,reconstructed
1785195304364,2,1682000,9,reconstructed
1785195304390,2,1682000,14,reconstructed
1785195304530,2,1677000,28,reconstructed
1785195304785,2,1679000,71,reconstructed
1785195305817,2,1678000,45,reconstructed
1785195305918,2,1678000,55,reconstructed
1785195306854,2,1677000,31,reconstructed
1785195309933,2,1681000,39,reconstructed
1785195309948,2,1680000,8,reconstructed
1785195310481,2,1681000,6,reconstructed
1785195310804,2,1681000,55,reconstructed
1785195312056,2,1680000,6,reconstructed
1785195313172,2,1679000,14,reconstructed
1785195315422,2,1681000,13,reconstructed
1785195315704,2,1679000,21,reconstructed
1785195315944,2,1676000,6,reconstructed
1785195316186,2,1674000,89,reconstructed
1785195316221,2,1676000,19,reconstructed
1785195317336,2,1674000,17,reconstructed
1785195318484,2,1675000,8,reconstructed
1785195319379,2,1676000,38,reconstructed
1785195319641,2,1677000,4,reconstructed
1785195320332,2,1672000,9,reconstructed
1785195320464,2,1674000,113,reconstructed
1785195320878,2,1674000,1,reconstructed
1785195321386,2,1676000,63,reconstructed
1785195321751,2,1679000,22,reconstructed
1785195321794,2,1678000,13,reconstructed
1785195323495,2,1678000,90,reconstructed
1785195324326,2,1685000,31,reconstructed
1785195324625,2,1684000,42,reconstructed
1785195325233,2,1680000,15,reconstructed
1785195326733,2,1683000,26,reconstructed
1785195327521,2,1680000,9,reconstructed
1785195327676,2,1681000,6,reconstructed
1785195328146,2,1683000,9,reconstructed
1785195329511,2,1679000,47,reconstructed
1785195329512,2,1678000,37,reconstructed
1785195329952,2,1680000,6,reconstructed
1785195330204,2,1681000,59,reconstructed
1785195330251,2,1680000,21,reconstructed
1785195330259,2,1678000,10,reconstructed
1785195330726,2,1675000,46,reconstructed
1785195331265,2,1677000,8,reconstructed
1785195331355,2,1680000,27,reconstructed
1785195331462,2,1681000,11,reconstructed
1785195332249,2,1679000,30,reconstructed
1785195332834,2,1679000,2,reconstructed
1785195333233,2,1677000,15,reconstructed
1785195335170,2,1677000,15,reconstructed
1785195335479,2,1677000,51,reconstructed
1785195335488,2,1675000,25,reconstructed
1785195336495,2,1676000,10,reconstructed
1785195337196,2,1677000,29,reconstructed
1785195337450,2,1677000,8,reconstructed
1785195337652,2,1678000,14,reconstructed
1785195338388,2,1681000,10,reconstructed
1785195339161,2,1685000,36,reconstructed
1785195339615,2,1685000,33,reconstructed
1785195340062,2,1688000,30,reconstructed
1785195340838,2,1686000,16,reconstructed
1785195341672,2,1683000,2,reconstructed
1785195342505,2,1686000,40,reconstructed
1785195343132,2,1687000,15,reconstructed
1785195343261,2,1685000,22,reconstructed
1785195343612,2,1682000,3,reconstructed
1785195344462,2,1681000,7,reconstructed
1785195346018,2,1679000,26,reconstructed
1785195346519,2,1679000,2,reconstructed
1785195346647,2,1678000,14,reconstructed
1785195347495,2,1682000,25,reconstructed
1785195348477,2,1680000,12,reconstructed
1785195348766,2,1682000,22,reconstructed
1785195349295,2,1681000,70,reconstructed
1785195349366,2,1680000,9,reconstructed
1785195349947,2,1679000,12,reconstructed
1785195350008,2,1680000,99,reconstructed
1785195350258,2,1681000,21,reconstructed
1785195350682,2,1682000,10,reconstructed
1785195351592,2,1682000,72,reconstructed
1785195351710,2,1684000,7,reconstructed
1785195352178,2,1682000,3,reconstructed
1785195352602,2,1678000,12,reconstructed
1785195352905,2,1678000,45,reconstructed
1785195353548,2,1675000,2,reconstructed
1785195353864,2,1678000,4,reconstructed
1785195354474,2,1678000,9,reconstructed
1785195354624,2,1678000,14,reconstructed
1785195354934,2,1678000,35,reconstructed
1785195355757,2,1681000,3,reconstructed
1785195357036,2,1679000,6,reconstructed
1785195357475,2,1681000,13,reconstructed
1785195358895,2,1683000,18,reconstructed
1785195359213,2,1681000,9,reconstructed
1785195360267,2,1680000,9,reconstructed
1785195361955,2,1678000,28,reconstructed
1785195362040,2,1679000,58,reconstructed
1785195362515,2,1677000,63,reconstructed
1785195362635,2,1679000,11,reconstructed
1785195362867,2,1677000,36,reconstructed
1785195362961,2,1681000,16,reconstructed
1785195365476,2,1684000,18,reconstructed
1785195366778,2,1683000,9,reconstructed
1785195366831,2,1686000,7,reconstructed
1785195368700,2,1685000,15,reconstructed
1785195369346,2,1682000,30,reconstructed
1785195369422,2,1681000,15,reconstructed
1785195371565,2,1684000,44,reconstructed
1785195371687,2,1683000,35,reconstructed
1785195373274,2,1682000,33,reconstructed
1785195373596,2,1682000,22,reconstructed
1785195373626,2,1680000,7,reconstructed
1785195373683,2,1678000,16,reconstructed
1785195373912,2,1677000,12,reconstructed
1785195374258,2,1676000,17,reconstructed
1785195374689,2,1678000,24,reconstructed
1785195374734,2,1676000,11,reconstructed
1785195376481,2,1681000,9,reconstructed
1785195376587,2,1679000,34,reconstructed
1785195378314,2,1679000,26,reconstructed
1785195379358,2,1680000,10,reconstructed
1785195379551,2,1680000,7,reconstructed
1785195379769,2,1681000,16,reconstructed
1785195382335,2,1686000,13,reconstructed
1785195383297,2,1683000,63,reconstructed
1785195384692,2,1685000,27,reconstructed
1785195385045,2,1684000,40,reconstructed
1785195386353,2,1682000,16,reconstructed
1785195387460,2,1673000,9,reconstructed
1785195387912,2,1675000,28,reconstructed
1785195388051,2,1678000,5,reconstructed
1785195388419,2,1677000,29,reconstructed
1785195388545,2,1675000,20,reconstructed
1785195388599,2,1674000,7,reconstructed
1785195390429,2,1676000,30,reconstructed
1785195390706,2,1678000,57,reconstructed
1785195391487,2,1677000,18,reconstructed
1785195391779,2,1682000,3,reconstructed
1785195391935,2,1682000,19,reconstructed
1785195392026,2,1680000,28,reconstructed
1785195393146,2,1680000,84,reconstructed
1785195394031,2,1682000,25,reconstructed
1785195394309,2,1681000,85,reconstructed
1785195394604,2,1678000,39,reconstructed
1785195395006,2,1679000,28,reconstructed
1785195395955,2,1683000,6,reconstructed
1785195396138,2,1684000,18,reconstructed
1785195396816,2,1682000,3,reconstructed
1785195397181,2,1688000,3,reconstructed
1785195398131,2,1685000,7,reconstructed
1785195398291,2,1682000,7,reconstructed
1785195398497,2,1681000,8,reconstructed
1785195399264,2,1680000,9,reconstructed
1785195400329,2,1679000,32,reconstructed
1785195400929,2,1678000,9,reconstructed
1785195402503,2,1679000,43,reconstructed
1785195403189,2,1683000,35,reconstructed
1785195403712,2,1684000,22,reconstructed
1785195403799,2,1683000,17,reconstructed
1785195404817,2,1684000,24,reconstructed
1785195405053,2,1685000,10,reconstructed
1785195405648,2,1686000,14,reconstructed
1785195405871,2,1682000,4,reconstructed
1785195406277,2,1681000,5,reconstructed
1785195406311,2,1681000,23,reconstructed
1785195406899,2,1678000,12,reconstructed
1785195408574,2,1677000,2,reconstructed
1785195408766,2,1678000,19,reconstructed
1785195408860,2,1676000,12,reconstructed
1785195409335,2,1676000,18,reconstructed
1785195409555,2,1677000,2,reconstructed
1785195410454,2,1676000,7,reconstructed
1785195410611,2,1674000,35,reconstructed
1785195411926,2,1671000,7,reconstructed
1785195412955,2,1674000,32,reconstructed
1785195413057,2,1675000,6,reconstructed
1785195413383,2,1674000,5,reconstructed
1785195414335,2,1675000,5,reconstructed
1785195414900,2,1675000,4,reconstructed
1785195415304,2,1673000,7,reconstructed
1785195416496,2,1668000,5,reconstructed
1785195417456,2,1671000,7,reconstructed
1785195418522,2,1674000,14,reconstructed
1785195420352,2,1673000,20,reconstructed
1785195420481,2,1674000,7,reconstructed
1785195420711,2,1677000,14,reconstructed
1785195420840,2,1677000,5,reconstructed
1785195421243,2,1678000,10,reconstructed
1785195422498,2,1679000,15,reconstructed
1785195423000,2,1677000,23,reconstructed
1785195424350,2,1680000,24,reconstructed
1785195425722,2,1682000,11,reconstructed
1785195427155,2,1681000,14,reconstructed
1785195427390,2,1679000,36,reconstructed
1785195427437,2,1679000,6,reconstructed
1785195427883,2,1677000,16,reconstructed
1785195428274,2,1680000,80,reconstructed
1785195428652,2,1681000,57,reconstructed
1785195428778,2,1681000,10,reconstructed
1785195429911,2,1678000,9,reconstructed
1785195430049,2,1677000,7,reconstructed
1785195430838,2,1677000,34,reconstructed
1785195432740,2,1678000,23,reconstructed
1785195433351,2,1676000,12,reconstructed
1785195434042,2,1676000,6,reconstructed
1785195434141,2,1677000,2,reconstructed
1785195435083,2,1677000,36,reconstructed
1785195436856,2,1679000,28,reconstructed
1785195437549,2,1680000,40,reconstructed
1785195437567,2,1679000,70,reconstructed
1785195437664,2,1679000,23,reconstructed
1785195438846,2,1676000,30,reconstructed
1785195440249,2,1679000,7,reconstructed
1785195440574,2,1680000,5,reconstructed
1785195441321,2,1678000,12,reconstructed
1785195441766,2,1677000,11,reconstructed
1785195441836,2,1678000,18,reconstructed
1785195442051,2,1674000,238,reconstructed
1785195442187,2,1674000,16,reconstructed
1785195442302,2,1674000,24,reconstructed
1785195443369,2,1674000,20,reconstructed
1785195443785,2,1673000,16,reconstructed
1785195444089,2,1672000,22,reconstructed
1785195444725,2,1673000,21,reconstructed
1785195444854,2,1673000,26,reconstructed
1785195445313,2,1673000,23,reconstructed
1785195445628,2,1671000,54,reconstructed
1785195445829,2,1674000,58,reconstructed
1785195447231,2,1676000,10,reconstructed
1785195447803,2,1677000,11,reconstructed
1785195448421,2,1679000,35,reconstructed
1785195448445,2,1681000,60,reconstructed
1785195449554,2,1679000,66,reconstructed
1785195451967,2,1678000,13,reconstructed
1785195452028,2,1676000,90,reconstructed
1785195452117,2,1678000,7,reconstructed
1785195452306,2,1680000,6,reconstructed
1785195453160,2,1682000,6,reconstructed
1785195453421,2,1684000,4,reconstructed
1785195454215,2,1680000,11,reconstructed
1785195454367,2,1680000,21,reconstructed
1785195455536,2,1678000,21,reconstructed
1785195456048,2,1680000,5,reconstructed
1785195456980,2,1682000,8,reconstructed
1785195459033,2,1683000,62,reconstructed
1785195459227,2,1680000,22,reconstructed
1785195459605,2,1676000,12,reconstructed
1785195459970,2,1677000,16,reconstructed
1785195460469,2,1676000,22,reconstructed
1785195460661,2,1673000,10,reconstructed
1785195460753,2,1672000,14,reconstructed
1785195461167,2,1673000,24,reconstructed
1785195461790,2,1673000,8,reconstructed
1785195461895,2,1673000,8,reconstructed
1785195464438,2,1672000,44,reconstructed
1785195464481,2,1673000,43,reconstructed
1785195465424,2,1667000,43,reconstructed
1785195465826,2,1668000,43,reconstructed
1785195465998,2,1669000,14,reconstructed
1785195469778,2,1672000,6,reconstructed
1785195470038,2,1672000,42,reconstructed
1785195470803,2,1672000,5,reconstructed
1785195471395,2,1675000,140,reconstructed
1785195473730,2,1676000,21,reconstructed
1785195474540,2,1678000,12,reconstructed
1785195475539,2,1684000,7,reconstructed
1785195477319,2,1679000,16,reconstructed
1785195478061,2,1678000,4,reconstructed
1785195478162,2,1676000,26,reconstructed
1785195478481,2,1680000,40,reconstructed
1785195478821,2,1676000,12,reconstructed
1785195479324,2,1677000,170,reconstructed
1785195479967,2,1674000,8,reconstructed
1785195480310,2,1677000,28,reconstructed
1785195480561,2,1680000,9,reconstructed
1785195481456,2,1681000,1,reconstructed
1785195481608,2,1678000,5,reconstructed
1785195481932,2,1680000,5,reconstructed
1785195482523,2,1681000,94,reconstructed
1785195482890,2,1680000,117,reconstructed
1785195483174,2,1680000,128,reconstructed
1785195484883,2,1683000,32,reconstructed
1785195485731,2,1684000,1,reconstructed
1785195485909,2,1684000,12,reconstructed
1785195486647,2,1684000,21,reconstructed
1785195487332,2,1682000,28,reconstructed
1785195488439,2,1681000,7,reconstructed
1785195489476,2,1678000,74,reconstructed
1785195489750,2,1675000,16,reconstructed
1785195489868,2,1674000,81,reconstructed
1785195490061,2,1677000,7,reconstructed
1785195497040,2,1678000,5,reconstructed
1785195497470,2,1682000,10,reconstructed
1785195498343,2,1680000,60,reconstructed
1785195498808,2,1681000,80,reconstructed
1785195498900,2,1686000,16,reconstructed
1785195499089,2,1682000,27,reconstructed
1785195499138,2,1682000,6,reconstructed
1785195499835,2,1679000,5,reconstructed
1785195500486,2,1677000,23,reconstructed
1785195501193,2,1675000,14,reconstructed
1785195502464,2,1678000,27,reconstructed
1785195503030,2,1683000,19,reconstructed
1785195503934,2,1683000,19,reconstructed
1785195504121,2,1684000,21,reconstructed
1785195504496,2,1684000,26,reconstructed
1785195505048,2,1684000,24,reconstructed
1785195506629,2,1684000,27,reconstructed
1785195506915,2,1683000,13,reconstructed
1785195507133,2,1681000,13,reconstructed
1785195508027,2,1678000,7,reconstructed
1785195510911,2,1675000,46,reconstructed
1785195511998,2,1675000,7,reconstructed
1785195512556,2,1675000,10,reconstructed
1785195512581,2,1677000,64,reconstructed
1785195513054,2,1678000,61,reconstructed
1785195513209,2,1676000,12,reconstructed
1785195513764,2,1678000,5,reconstructed
1785195514278,2,1679000,9,reconstructed
1785195516976,2,1680000,13,reconstructed
1785195517813,2,1682000,29,reconstructed
1785195517842,2,1686000,13,reconstructed
1785195518341,2,1686000,2,reconstructed
1785195518441,2,1687000,48,reconstructed
1785195518583,2,1688000,25,reconstructed
1785195519448,2,1689000,5,reconstructed
1785195519481,2,1689000,13,reconstructed
1785195520517,2,1687000,5,reconstructed
1785195521425,2,1684000,6,reconstructed
1785195521793,2,1686000,14,reconstructed
1785195521934,2,1683000,7,reconstructed
1785195522154,2,1677000,5,reconstructed
1785195522232,2,1679000,104,reconstructed
1785195523454,2,1677000,7,reconstructed
1785195523978,2,1681000,15,reconstructed
1785195524114,2,1684000,46,reconstructed
1785195524651,2,1682000,37,reconstructed
1785195525414,2,1681000,7,reconstructed
1785195526175,2,1677000,4,reconstructed
1785195526627,2,1675000,13,reconstructed
1785195526864,2,1676000,50,reconstructed
1785195526986,2,1676000,9,reconstructed
1785195528422,2,1678000,3,reconstructed
1785195529008,2,1680000,16,reconstructed
1785195529749,2,1682000,4,reconstructed
1785195530824,2,1684000,44,reconstructed
1785195531385,2,1682000,17,reconstructed
1785195531690,2,1681000,30,reconstructed
1785195532028,2,1680000,36,reconstructed
1785195533320,2,1681000,11,reconstructed
1785195534119,2,1683000,12,reconstructed
1785195534699,2,1680000,13,reconstructed
1785195535318,2,1680000,18,reconstructed
1785195535339,2,1679000,16,reconstructed
1785195535401,2,1677000,12,reconstructed
1785195535546,2,1676000,67,reconstructed
1785195536147,2,1680000,60,reconstructed
1785195536283,2,1680000,4,reconstructed
1785195537466,2,1680000,20,reconstructed
1785195537548,2,1680000,69,reconstructed
1785195537919,2,1678000,4,reconstructed
1785195538177,2,1677000,18,reconstructed
1785195538194,2,1677000,86,reconstructed
1785195541039,2,1679000,72,reconstructed
1785195541993,2,1677000,27,reconstructed
1785195542366,2,1675000,9,reconstructed
1785195543024,2,1673000,24,reconstructed
1785195543484,2,1671000,22,reconstructed
1785195544628,2,1671000,39,reconstructed
1785195545534,2,1670000,23,reconstructed
1785195546746,2,1668000,41,reconstructed
1785195547348,2,1669000,14,reconstructed
1785195548002,2,1674000,38,reconstructed
1785195548320,2,1679000,16,reconstructed
1785195548988,2,1681000,10,reconstructed
1785195549489,2,1678000,16,reconstructed
1785195549528,2,1681000,11,reconstructed
1785195550037,2,1679000,33,reconstructed
1785195551280,2,1675000,64,reconstructed
1785195551377,2,1676000,8,reconstructed
1785195551378,2,1675000,55,reconstructed
1785195552469,2,1676000,8,reconstructed
1785195552885,2,1680000,27,reconstructed
1785195553295,2,1677000,27,reconstructed
1785195553549,2,1673000,61,reconstructed
1785195553970,2,1675000,11,reconstructed
1785195554383,2,1676000,8,reconstructed
1785195554607,2,1679000,18,reconstructed
1785195554623,2,1678000,7,reconstructed
1785195554771,2,1677000,23,reconstructed
1785195555240,2,1674000,4,reconstructed
1785195556774,2,1672000,17,reconstructed
1785195557791,2,1670000,20,reconstructed
1785195560654,2,1674000,5,reconstructed
1785195561294,2,1673000,6,reconstructed
1785195562008,2,1677000,41,reconstructed
1785195563898,2,1677000,14,reconstructed
1785195564436,2,1679000,8,reconstructed
1785195564449,2,1679000,55,reconstructed
1785195565093,2,1679000,6,reconstructed
1785195565809,2,1681000,58,reconstructed
1785195566409,2,1683000,1,reconstructed
1785195567176,2,1680000,48,reconstructed
1785195567675,2,1683000,26,reconstructed
1785195567757,2,1684000,9,reconstructed
1785195567935,2,1681000,61,reconstructed
1785195568908,2,1682000,14,reconstructed
1785195569149,2,1681000,10,reconstructed
1785195569825,2,1685000,168,reconstructed
1785195570822,2,1681000,10,reconstructed
1785195570901,2,1683000,5,reconstructed
1785195571184,2,1684000,11,reconstructed
1785195573877,2,1681000,30,reconstructed
1785195574658,2,1677000,36,reconstructed
1785195574709,2,1678000,33,reconstructed
1785195574847,2,1675000,166,reconstructed
1785195575254,2,1671000,26,reconstructed
1785195576477,2,1671000,13,reconstructed
1785195578302,2,1673000,2,reconstructed
1785195579472,2,1673000,30,reconstructed
1785195579854,2,1671000,30,reconstructed
1785195580067,2,1671000,8,reconstructed
1785195582191,2,1674000,15,reconstructed
1785195582279,2,1671000,7,reconstructed
1785195582756,2,1670000,18,reconstructed
1785195583285,2,1670000,68,reconstructed
1785195583647,2,1671000,16,reconstructed
1785195583822,2,1671000,140,reconstructed
1785195585209,2,1674000,5,reconstructed
1785195586068,2,1675000,17,reconstructed
1785195586367,2,1672000,74,reconstructed
1785195586452,2,1673000,23,reconstructed
1785195586599,2,1671000,25,reconstructed
1785195587074,2,1671000,15,reconstructed
1785195587297,2,1671000,4,reconstructed
1785195588277,2,1673000,41,reconstructed
1785195588436,2,1676000,37,reconstructed
1785195588928,2,1677000,84,reconstructed
1785195589755,2,1680000,10,reconstructed
1785195591905,2,1679000,16,reconstructed
1785195592025,2,1683000,8,reconstructed
1785195593587,2,1684000,10,reconstructed
1785195594100,2,1684000,12,reconstructed
1785195594233,2,1681000,24,reconstructed
1785195595469,2,1680000,48,reconstructed
1785195595473,2,1678000,4,reconstructed
1785195595559,2,1679000,21,reconstructed
1785195598057,2,1680000,14,reconstructed
1785195598433,2,1677000,13,reconstructed
1785195598891,2,1677000,14,reconstructed
1785195598906,2,1675000,4,reconstructed
1785195599201,2,1676000,9,reconstructed
1785195599634,2,1675000,12,reconstructed
1785195600868,2,1672000,35,reconstructed
1785195601603,2,1672000,34,reconstructed
1785195602154,2,1671000,2,reconstructed
1785195602854,2,1673000,11,reconstructed
1785195603189,2,1675000,60,reconstructed
1785195603356,2,1677000,70,reconstructed
1785195604115,2,1679000,66,reconstructed
1785195604502,2,1677000,19,reconstructed
1785195604850,2,1679000,9,reconstructed
1785195604935,2,1676000,34,reconstructed
1785195605926,2,1677000,7,reconstructed
1785195605972,2,1675000,20,reconstructed
1785195606622,2,1673000,7,reconstructed
1785195607986,2,1673000,22,reconstructed
1785195608223,2,1672000,6,reconstructed
1785195609482,2,1674000,9,reconstructed
1785195609589,2,1675000,4,reconstructed
1785195610547,2,1676000,23,reconstructed
1785195611062,2,1674000,24,reconstructed
1785195611354,2,1673000,65,reconstructed
1785195611944,2,1674000,13,reconstructed
1785195612141,2,1677000,4,reconstructed
1785195612621,2,1678000,12,reconstructed
1785195613737,2,1678000,17,reconstructed
1785195614863,2,1678000,21,reconstructed
1785195615029,2,1676000,6,reconstructed
1785195615138,2,1673000,7,reconstructed
1785195617240,2,1673000,34,reconstructed
1785195617246,2,1672000,16,reconstructed
1785195617752,2,1672000,7,reconstructed
1785195617833,2,1675000,11,reconstructed
1785195618098,2,1676000,45,reconstructed
1785195619751,2,1672000,1,reconstructed
1785195619855,2,1677000,6,reconstructed
1785195620364,2,1674000,18,reconstructed
1785195620785,2,1671000,17,reconstructed
1785195620916,2,1667000,5,reconstructed
1785195621095,2,1670000,18,reconstructed
1785195621268,2,1672000,7,reconstructed
1785195621652,2,1672000,42,reconstructed
1785195623064,2,1673000,11,reconstructed
1785195623868,2,1674000,36,reconstructed
1785195624093,2,1676000,40,reconstructed
1785195624756,2,1675000,30,reconstructed
1785195626392,2,1673000,14,reconstructed
1785195627524,2,1674000,17,reconstructed
1785195629150,2,1673000,35,reconstructed
1785195629905,2,1672000,37,reconstructed
1785195630503,2,1673000,17,reconstructed
1785195630756,2,1673000,34,reconstructed
1785195631404,2,1674000,63,reconstructed
1785195631780,2,1674000,2,reconstructed
1785195632377,2,1675000,2,reconstructed
1785195632672,2,1677000,84,reconstructed
1785195633861,2,1674000,33,reconstructed
1785195634640,2,1672000,13,reconstructed
1785195636479,2,1666000,4,reconstructed
1785195637161,2,1667000,52,reconstructed
1785195637330,2,1671000,29,reconstructed
1785195638905,2,1672000,9,reconstructed
1785195640758,2,1673000,42,reconstructed
1785195641222,2,1677000,13,reconstructed
1785195641507,2,1678000,17,reconstructed
1785195642809,2,1679000,22,reconstructed
1785195643045,2,1677000,28,reconstructed
1785195646488,2,1679000,21,reconstructed
1785195646848,2,1677000,23,reconstructed
1785195647600,2,1675000,2,reconstructed
1785195649908,2,1678000,37,reconstructed
1785195653888,2,1677000,6,reconstructed
1785195653991,2,1678000,8,reconstructed
1785195654178,2,1679000,6,reconstructed
1785195654775,2,1677000,10,reconstructed
1785195657753,2,1676000,42,reconstructed
1785195657939,2,1676000,23,reconstructed
1785195659112,2,1671000,48,reconstructed
1785195659569,2,1669000,71,reconstructed
1785195659900,2,1670000,22,reconstructed
1785195661552,2,1675000,8,reconstructed
1785195661724,2,1675000,18,reconstructed
1785195661849,2,1674000,10,reconstructed
1785195661942,2,1678000,16,reconstructed
1785195662010,2,1674000,23,reconstructed
1785195662321,2,1674000,6,reconstructed
1785195662325,2,1673000,5,reconstructed
1785195662555,2,1675000,8,reconstructed
1785195662584,2,1678000,9,reconstructed
1785195662748,2,1678000,3,reconstructed
1785195663230,2,1680000,10,reconstructed
1785195664253,2,1677000,30,reconstructed
1785195664519,2,1675000,17,reconstructed
1785195664632,2,1674000,26,reconstructed
1785195666154,2,1672000,15,reconstructed
1785195667052,2,1671000,18,reconstructed
1785195667701,2,1670000,78,reconstructed
1785195667862,2,1669000,14,reconstructed
1785195669146,2,1668000,20,reconstructed
1785195669350,2,1669000,7,reconstructed
1785195669826,2,1669000,9,reconstructed
1785195673136,2,1666000,10,reconstructed
1785195673233,2,1670000,74,reconstructed
1785195674267,2,1672000,10,reconstructed
1785195674350,2,1669000,7,reconstructed
1785195675295,2,1669000,5,reconstructed
1785195675696,2,1670000,13,reconstructed
1785195676123,2,1671000,13,reconstructed
1785195676596,2,1672000,26,reconstructed
1785195676689,2,1675000,20,reconstructed
1785195680356,2,1674000,55,reconstructed
1785195681496,2,1674000,19,reconstructed
1785195683164,2,1674000,10,reconstructed
1785195683268,2,1675000,1,reconstructed
1785195684201,2,1677000,81,reconstructed
1785195684341,2,1676000,24,reconstructed
1785195685715,2,1676000,8,reconstructed
1785195686035,2,1674000,1,reconstructed
1785195688349,2,1675000,5,reconstructed
1785195688873,2,1675000,61,reconstructed
1785195689227,2,1672000,54,reconstructed
1785195690649,2,1670000,43,reconstructed
1785195690865,2,1670000,55,reconstructed
1785195691876,2,1664000,79,reconstructed
1785195692359,2,1663000,80,reconstructed
1785195693236,2,1667000,25,reconstructed
1785195693304,2,1667000,109,reconstructed
1785195693789,2,1671000,7,reconstructed
1785195694024,2,1669000,14,reconstructed
1785195696950,2,1666000,20,reconstructed
1785195697275,2,1672000,21,reconstructed
1785195697563,2,1670000,5,reconstructed
1785195700979,2,1670000,45,reconstructed
1785195702192,2,1671000,201,reconstructed
1785195702213,2,1676000,37,reconstructed
1785195702441,2,1677000,40,reconstructed
1785195703098,2,1676000,8,reconstructed
1785195704371,2,1678000,10,reconstructed
1785195704667,2,1679000,8,reconstructed
1785195705157,2,1677000,64,reconstructed
1785195705661,2,1676000,30,reconstructed
1785195706574,2,1673000,3,reconstructed
1785195706847,2,1670000,38,reconstructed
1785195707423,2,1671000,15,reconstructed
1785195709466,2,1673000,2,reconstructed
1785195710027,2,1671000,23,reconstructed
1785195711115,2,1669000,4,reconstructed
1785195711190,2,1670000,124,reconstructed
1785195712909,2,1672000,6,reconstructed
1785195713484,2,1673000,119,reconstructed
1785195713742,2,1672000,16,reconstructed
1785195713808,2,1673000,12,reconstructed
1785195715455,2,1674000,11,reconstructed
1785195715707,2,1674000,13,reconstructed
1785195716155,2,1671000,15,reconstructed
1785195716431,2,1674000,25,reconstructed
1785195717734,2,1678000,35,reconstructed
1785195719034,2,1675000,43,reconstructed
1785195719394,2,1672000,42,reconstructed
1785195720281,2,1672000,14,reconstructed
1785195720404,2,1671000,42,reconstructed
1785195720440,2,1671000,11,reconstructed
1785195720513,2,1671000,10,reconstructed
1785195721225,2,1672000,35,reconstructed
1785195722343,2,1675000,10,reconstructed
1785195722354,2,1674000,48,reconstructed
1785195722364,2,1671000,30,reconstructed
1785195722806,2,1673000,9,reconstructed
1785195723488,2,1674000,16,reconstructed
1785195723984,2,1673000,47,reconstructed
1785195724362,2,1674000,16,reconstructed
1785195724494,2,1672000,11,reconstructed
1785195724533,2,1668000,171,reconstructed
1785195724881,2,1670000,14,reconstructed
1785195725904,2,1671000,2,reconstructed
1785195726024,2,1668000,12,reconstructed
1785195726235,2,1664000,3,reconstructed
1785195727409,2,1669000,117,reconstructed
1785195727965,2,1671000,37,reconstructed
1785195729089,2,1669000,13,reconstructed
1785195729528,2,1671000,36,reconstructed
1785195730305,2,1673000,37,reconstructed
1785195730680,2,1673000,77,reconstructed
1785195730784,2,1672000,18,reconstructed
1785195731160,2,1674000,16,reconstructed
1785195733160,2,1672000,10,reconstructed
1785195733423,2,1671000,33,reconstructed
1785195735864,2,1672000,14,reconstructed
1785195737544,2,1671000,2,reconstructed
1785195737952,2,1671000,35,reconstructed
1785195739181,2,1672000,9,reconstructed
1785195739421,2,1674000,11,reconstructed
1785195739628,2,1673000,13,reconstructed
1785195739811,2,1675000,42,reconstructed
1785195739850,2,1674000,26,reconstructed
1785195740413,2,1672000,11,reconstructed
1785195741002,2,1670000,24,reconstructed
1785195742880,2,1670000,11,reconstructed
1785195743285,2,1675000,35,reconstructed
1785195744467,2,1678000,18,reconstructed
1785195744713,2,1677000,10,reconstructed
1785195745290,2,1674000,23,reconstructed
1785195745752,2,1672000,10,reconstructed
1785195745876,2,1672000,20,reconstructed
1785195746781,2,1670000,4,reconstructed
1785195747007,2,1668000,29,reconstructed
1785195747419,2,1670000,5,reconstructed
1785195749256,2,1671000,37,reconstructed
1785195750580,2,1674000,14,reconstructed
1785195751165,2,1670000,37,reconstructed
1785195751443,2,1669000,7,reconstructed
1785195751820,2,1671000,10,reconstructed
1785195752484,2,1671000,85,reconstructed
1785195752551,2,1672000,35,reconstructed
1785195752681,2,1671000,18,reconstructed
1785195752968,2,1673000,8,reconstructed
1785195753273,2,1671000,22,reconstructed
1785195753284,2,1671000,30,reconstructed
1785195753450,2,1669000,2,reconstructed
1785195753777,2,1671000,26,reconstructed
1785195753862,2,1672000,43,reconstructed
1785195754067,2,1670000,10,reconstructed
1785195754192,2,1672000,37,reconstructed
1785195755259,2,1672000,24,reconstructed
1785195757958,2,1672000,108,reconstructed
1785195758655,2,1677000,22,reconstructed
1785195759727,2,1674000,45,reconstructed
1785195759796,2,1675000,53,reconstructed
1785195760166,2,1677000,23,reconstructed
1785195760486,2,1675000,50,reconstructed
1785195760549,2,1676000,83,reconstructed
1785195762286,2,1681000,50,reconstructed
1785195762733,2,1681000,18,reconstructed
1785195763218,2,1679000,25,reconstructed
1785195763346,2,1676000,10,reconstructed
1785195763494,2,1679000,4,reconstructed
1785195764399,2,1679000,84,reconstructed
1785195764479,2,1677000,10,reconstructed
1785195765139,2,1675000,5,reconstructed
1785195765584,2,1673000,30,reconstructed
1785195765909,2,1672000,19,reconstructed
1785195766907,2,1674000,32,reconstructed
1785195767677,2,1673000,9,reconstructed
1785195768368,2,1675000,41,reconstructed
1785195768452,2,1675000,26,reconstructed
1785195769478,2,1674000,16,reconstructed
1785195769704,2,1671000,46,reconstructed
1785195769838,2,1671000,10,reconstructed
1785195770170,2,1673000,19,reconstructed
1785195770199,2,1675000,13,reconstructed
1785195770625,2,1673000,26,reconstructed
1785195770731,2,1675000,20,reconstructed
1785195771884,2,1676000,6,reconstructed
1785195772176,2,1677000,82,reconstructed
1785195773162,2,1676000,22,reconstructed
1785195773314,2,1677000,5,reconstructed
1785195773415,2,1676000,29,reconstructed
1785195774749,2,1674000,19,reconstructed
1785195775177,2,1677000,15,reconstructed
1785195775211,2,1676000,8,reconstructed
1785195775657,2,1676000,8,reconstructed
1785195776450,2,1677000,5,reconstructed
1785195777634,2,1678000,21,reconstructed
1785195778580,2,1676000,27,reconstructed
1785195778620,2,1675000,10,reconstructed
1785195780519,2,1674000,9,reconstructed
1785195780833,2,1678000,3,reconstructed
1785195781161,2,1678000,22,reconstructed
1785195781523,2,1677000,9,reconstructed
1785195782712,2,1678000,12,reconstructed
1785195782924,2,1673000,20,reconstructed
1785195783798,2,1672000,9,reconstructed
1785195784597,2,1677000,28,reconstructed
1785195784717,2,1677000,16,reconstructed
1785195784719,2,1676000,6,reconstructed
1785195785043,2,1675000,7,reconstructed
1785195785570,2,1674000,33,reconstructed
1785195787082,2,1673000,34,reconstructed
1785195787259,2,1675000,39,reconstructed
1785195788561,2,1672000,43,reconstructed
1785195788586,2,1670000,37,reconstructed
1785195789465,2,1669000,37,reconstructed
1785195789603,2,1669000,55,reconstructed
1785195789679,2,1668000,6,reconstructed
1785195789701,2,1670000,7,reconstructed
1785195789734,2,1670000,11,reconstructed
1785195789856,2,1672000,4,reconstructed
1785195791139,2,1670000,41,reconstructed
1785195792339,2,1668000,44,reconstructed
1785195794329,2,1669000,49,reconstructed
1785195795709,2,1670000,4,reconstructed
1785195796566,2,1675000,3,reconstructed
1785195798054,2,1675000,27,reconstructed
1785195801205,2,1669000,9,reconstructed
1785195801284,2,1669000,34,reconstructed
1785195801529,2,1668000,13,reconstructed
1785195801851,2,1671000,4,reconstructed
1785195802035,2,1672000,26,reconstructed
1785195802316,2,1674000,6,reconstructed
1785195803572,2,1673000,139,reconstructed
1785195803824,2,1671000,3,reconstructed
1785195804088,2,1668000,10,reconstructed
1785195804643,2,1672000,90,reconstructed
1785195805456,2,1676000,23,reconstructed
1785195806113,2,1677000,10,reconstructed
1785195806859,2,1674000,225,reconstructed
1785195806908,2,1673000,60,reconstructed
1785195807146,2,1672000,8,reconstructed
1785195807277,2,1672000,25,reconstructed
1785195808426,2,1676000,10,reconstructed
1785195808976,2,1675000,19,reconstructed
1785195809195,2,1674000,16,reconstructed
1785195809345,2,1674000,44,reconstructed
1785195809520,2,1673000,24,reconstructed
1785195810029,2,1674000,9,reconstructed
1785195810154,2,1675000,11,reconstructed
1785195810524,2,1674000,49,reconstructed
1785195810846,2,1677000,61,reconstructed
1785195810880,2,1674000,18,reconstructed
1785195812718,2,1671000,14,reconstructed
1785195813001,2,1672000,18,reconstructed
1785195813845,2,1670000,91,reconstructed
1785195814517,2,1671000,27,reconstructed
1785195816327,2,1672000,17,reconstructed
1785195816584,2,1673000,15,reconstructed
1785195816764,2,1673000,160,reconstructed
1785195818205,2,1676000,13,reconstructed
1785195818469,2,1678000,7,reconstructed
1785195819739,2,1680000,31,reconstructed
1785195819901,2,1678000,6,reconstructed
1785195820709,2,1674000,20,reconstructed
1785195820952,2,1674000,30,reconstructed
1785195821104,2,1673000,41,reconstructed
1785195821404,2,1675000,10,reconstructed
1785195821634,2,1674000,37,reconstructed
1785195822185,2,1669000,9,reconstructed
1785195822801,2,1669000,6,reconstructed
1785195822877,2,1669000,21,reconstructed
1785195824745,2,1670000,7,reconstructed
1785195825241,2,1669000,6,reconstructed
1785195825964,2,1666000,7,reconstructed
1785195827873,2,1666000,37,reconstructed
1785195828051,2,1665000,12,reconstructed
1785195828617,2,1661000,17,reconstructed
1785195828902,2,1666000,15,reconstructed
1785195829079,2,1667000,9,reconstructed
1785195829082,2,1675000,40,reconstructed
1785195829324,2,1675000,28,reconstructed
1785195829409,2,1672000,23,reconstructed
1785195831799,2,1672000,9,reconstructed
1785195833414,2,1668000,27,reconstructed
1785195834290,2,1668000,31,reconstructed
1785195835345,2,1667000,9,reconstructed
1785195835401,2,1671000,25,reconstructed
1785195836673,2,1672000,138,reconstructed
1785195837449,2,1669000,9,reconstructed
1785195839511,2,1666000,36,reconstructed
1785195840403,2,1664000,155,reconstructed
1785195841188,2,1665000,26,reconstructed
1785195841192,2,1667000,72,reconstructed
1785195842595,2,1668000,3,reconstructed
1785195844311,2,1670000,7,reconstructed
1785195844317,2,1673000,14,reconstructed
1785195844588,2,1674000,48,reconstructed
1785195845185,2,1670000,13,reconstructed
1785195848767,2,1670000,21,reconstructed
1785195850212,2,1669000,16,reconstructed
1785195850370,2,1671000,7,reconstructed
1785195852466,2,1671000,15,reconstructed
1785195852814,2,1671000,20,reconstructed
1785195853108,2,1666000,21,reconstructed
1785195853667,2,1668000,42,reconstructed
1785195853836,2,1668000,11,reconstructed
1785195854776,2,1669000,26,reconstructed
1785195855078,2,1669000,45,reconstructed
1785195856203,2,1671000,5,reconstructed
1785195857749,2,1671000,56,reconstructed
1785195859020,2,1672000,8,reconstructed
1785195860054,2,1673000,6,reconstructed
1785195860104,2,1675000,5,reconstructed
1785195861978,2,1674000,3,reconstructed
1785195862252,2,1676000,2,reconstructed
1785195862682,2,1676000,45,reconstructed
1785195863831,2,1674000,86,reconstructed
1785195864730,2,1673000,8,reconstructed
1785195866271,2,1673000,29,reconstructed
1785195866616,2,1672000,4,reconstructed
1785195867842,2,1675000,16,reconstructed
1785195869584,2,1675000,7,reconstructed
1785195873051,2,1675000,17,reconstructed
1785195873452,2,1674000,28,reconstructed
1785195873608,2,1677000,10,reconstructed
1785195874635,2,1676000,5,reconstructed
1785195875238,2,1678000,3,reconstructed
1785195876404,2,1678000,11,reconstructed
1785195876991,2,1675000,10,reconstructed
1785195877292,2,1674000,51,reconstructed
1785195877411,2,1677000,32,reconstructed
1785195877634,2,1678000,17,reconstructed
1785195877887,2,1674000,11,reconstructed
1785195880322,2,1670000,19,reconstructed
1785195880464,2,1670000,25,reconstructed
1785195881986,2,1674000,88,reconstructed
1785195882601,2,1673000,6,reconstructed
1785195882849,2,1674000,24,reconstructed
1785195883813,2,1678000,7,reconstructed
1785195883894,2,1682000,13,reconstructed
1785195884244,2,1681000,22,reconstructed
1785195885121,2,1679000,28,reconstructed
1785195885443,2,1677000,14,reconstructed
1785195887274,2,1671000,13,reconstructed
1785195888099,2,1675000,6,reconstructed
1785195888134,2,1673000,26,reconstructed
1785195889513,2,1673000,8,reconstructed
1785195890324,2,1670000,4,reconstructed
1785195890345,2,1671000,21,reconstructed
1785195890628,2,1671000,2,reconstructed
1785195892248,2,1671000,45,reconstructed
1785195892562,2,1673000,19,reconstructed
1785195892918,2,1672000,9,reconstructed
1785195893359,2,1673000,12,reconstructed
1785195895023,2,1673000,24,reconstructed
1785195897914,2,1677000,4,reconstructed
1785195899623,2,1680000,25,reconstructed
1785195900672,2,1677000,14,reconstructed
1785195902066,2,1676000,8,reconstructed
1785195902405,2,1674000,8,reconstructed
1785195902515,2,1674000,29,reconstructed
1785195902591,2,1674000,47,reconstructed
1785195903105,2,1673000,3,reconstructed
1785195904039,2,1671000,81,reconstructed
1785195904287,2,1671000,25,reconstructed
1785195904337,2,1670000,123,reconstructed
1785195905612,2,1668000,6,reconstructed
1785195906462,2,1671000,8,reconstructed
1785195908077,2,1669000,17,reconstructed
1785195908415,2,1666000,42,reconstructed
1785195909550,2,1670000,19,reconstructed
1785195911329,2,1669000,8,reconstructed
1785195911349,2,1669000,13,reconstructed
1785195912163,2,1672000,17,reconstructed
1785195912201,2,1671000,29,reconstructed
1785195913121,2,1669000,45,reconstructed
1785195913837,2,1670000,42,reconstructed
1785195914257,2,1669000,17,reconstructed
1785195915458,2,1667000,6,reconstructed
1785195916162,2,1667000,18,reconstructed
1785195917338,2,1667000,8,reconstructed
1785195917522,2,1665000,19,reconstructed
1785195921414,2,1666000,10,reconstructed
1785195922050,2,1668000,18,reconstructed
1785195922658,2,1670000,15,reconstructed
1785195922754,2,1668000,12,reconstructed
1785195923087,2,1670000,16,reconstructed
1785195924321,2,1672000,23,reconstructed
1785195925568,2,1674000,12,reconstructed
1785195925705,2,1674000,9,reconstructed
1785195927822,2,1677000,22,reconstructed
1785195928220,2,1677000,29,reconstructed
1785195929248,2,1675000,8,reconstructed
1785195929388,2,1678000,13,reconstructed
1785195930526,2,1678000,9,reconstructed
1785195931235,2,1676000,8,reconstructed
1785195932131,2,1677000,10,reconstructed
1785195932740,2,1676000,6,reconstructed
1785195933074,2,1678000,4,reconstructed
1785195934076,2,1676000,4,reconstructed
1785195934730,2,1678000,9,reconstructed
1785195934946,2,1678000,21,reconstructed
1785195935312,2,1675000,9,reconstructed
1785195935448,2,1673000,39,reconstructed
1785195935606,2,1672000,22,reconstructed
1785195935752,2,1671000,7,reconstructed
1785195936080,2,1673000,4,reconstructed
1785195936458,2,1673000,58,reconstructed
1785195937789,2,1672000,22,reconstructed
1785195938664,2,1670000,15,reconstructed
1785195939157,2,1668000,37,reconstructed
1785195940025,2,1672000,4,reconstructed
1785195940062,2,1671000,15,reconstructed
1785195940320,2,1665000,38,reconstructed
1785195940935,2,1668000,10,reconstructed
1785195941106,2,1670000,59,reconstructed
1785195941444,2,1670000,17,reconstructed
1785195942425,2,1672000,109,reconstructed
1785195942734,2,1671000,26,reconstructed
1785195942787,2,1670000,4,reconstructed
1785195945734,2,1669000,10,reconstructed
1785195945895,2,1671000,2,reconstructed
1785195947206,2,1667000,38,reconstructed
1785195950237,2,1670000,11,reconstructed
1785195950288,2,1671000,11,reconstructed
1785195951173,2,1674000,35,reconstructed
1785195952092,2,1673000,54,reconstructed
1785195952279,2,1674000,34,reconstructed
1785195952319,2,1672000,33,reconstructed
1785195952949,2,1674000,5,reconstructed
1785195953265,2,1669000,33,reconstructed
1785195953765,2,1668000,15,reconstructed
1785195953888,2,1666000,51,reconstructed
1785195954942,2,1666000,33,reconstructed
1785195955613,2,1664000,13,reconstructed
1785195956591,2,1671000,133,reconstructed
1785195956671,2,1671000,36,reconstructed
1785195957215,2,1672000,9,reconstructed
1785195957559,2,1671000,44,reconstructed
1785195957773,2,1671000,28,reconstructed
1785195957810,2,1671000,7,reconstructed
1785195958242,2,1673000,20,reconstructed
1785195958485,2,1671000,29,reconstructed
1785195958894,2,1672000,44,reconstructed
1785195959167,2,1669000,8,reconstructed
1785195959201,2,1670000,6,reconstructed
1785195959360,2,1673000,31,reconstructed
1785195961933,2,1674000,27,reconstructed
1785195962058,2,1675000,92,reconstructed
1785195962769,2,1675000,9,reconstructed
1785195962944,2,1672000,15,reconstructed
1785195964054,2,1670000,271,reconstructed
1785195965251,2,1669000,6,reconstructed
1785195965624,2,1669000,7,reconstructed
1785195965717,2,1669000,25,reconstructed
1785195967074,2,1670000,5,reconstructed
1785195967993,2,1670000,24,reconstructed
1785195968060,2,1670000,26,reconstructed
1785195968910,2,1669000,47,reconstructed
1785195969307,2,1669000,3,reconstructed
1785195969923,2,1667000,16,reconstructed
1785195970272,2,1668000,9,reconstructed
1785195970525,2,1667000,25,reconstructed
1785195971810,2,1669000,14,reconstructed
1785195973081,2,1669000,9,reconstructed
1785195973189,2,1670000,20,reconstructed
1785195975043,2,1670000,14,reconstructed
1785195976171,2,1665000,33,reconstructed
1785195976843,2,1666000,14,reconstructed
1785195977108,2,1667000,23,reconstructed
1785195978834,2,1666000,11,reconstructed
1785195979534,2,1669000,8,reconstructed
1785195980459,2,1669000,8,reconstructed
1785195981884,2,1666000,48,reconstructed
1785195982166,2,1664000,29,reconstructed
1785195984428,2,1663000,27,reconstructed
1785195984828,2,1665000,7,reconstructed
1785195985256,2,1668000,40,reconstructed
1785195985273,2,1668000,60,reconstructed
1785195986530,2,1669000,2,reconstructed
1785195986608,2,1668000,12,reconstructed
1785195987596,2,1668000,38,reconstructed
1785195987929,2,1669000,6,reconstructed
1785195988354,2,1670000,6,reconstructed
1785195988662,2,1673000,27,reconstructed
1785195990675,2,1671000,6,reconstructed
1785195991271,2,1670000,14,reconstructed
1785195991931,2,1675000,28,reconstructed
1785195991935,2,1674000,14,reconstructed
1785195992579,2,1673000,128,reconstructed
1785195993371,2,1673000,22,reconstructed
1785195994313,2,1673000,34,reconstructed
1785195994523,2,1672000,36,reconstructed
1785195994536,2,1672000,15,reconstructed
1785195994804,2,1670000,56,reconstructed
1785195996092,2,1670000,4,reconstructed
1785195996615,2,1669000,8,reconstructed
1785195997538,2,1669000,13,reconstructed
1785195997594,2,1668000,16,reconstructed
1785195999088,2,1666000,7,reconstructed
1785196000092,2,1667000,35,reconstructed
1785196000128,2,1670000,1,reconstructed
1785196000715,2,1668000,48,reconstructed
1785196001037,2,1665000,61,reconstructed
1785196002074,2,1664000,5,reconstructed
1785196002603,2,1663000,17,reconstructed
1785196004331,2,1664000,11,reconstructed
1785196004472,2,1667000,8,reconstructed
1785196005574,2,1669000,30,reconstructed
1785196006194,2,1665000,20,reconstructed
1785196006399,2,1667000,144,reconstructed
1785196006583,2,1667000,13,reconstructed
1785196006953,2,1667000,77,reconstructed
1785196007658,2,1667000,41,reconstructed
1785196007744,2,1666000,43,reconstructed
1785196007914,2,1666000,34,reconstructed
1785196009336,2,1666000,102,reconstructed
1785196009804,2,1667000,12,reconstructed
1785196010286,2,1668000,6,reconstructed
1785196010332,2,1669000,13,reconstructed
1785196011024,2,1666000,33,reconstructed
1785196014494,2,1663000,32,reconstructed
1785196014998,2,1667000,24,reconstructed
1785196015349,2,1670000,6,reconstructed
1785196015405,2,1674000,16,reconstructed
1785196016191,2,1675000,4,reconstructed
1785196016216,2,1678000,11,reconstructed
1785196016696,2,1676000,25,reconstructed
1785196017029,2,1673000,7,reconstructed
1785196018899,2,1674000,37,reconstructed
1785196019188,2,1671000,58,reconstructed
1785196019885,2,1673000,31,reconstructed
1785196020414,2,1672000,33,reconstructed
1785196020525,2,1671000,12,reconstructed
1785196020897,2,1670000,6,reconstructed
1785196021471,2,1670000,25,reconstructed
1785196024086,2,1669000,35,reconstructed
1785196025188,2,1671000,28,reconstructed
1785196025621,2,1669000,20,reconstructed
1785196026366,2,1672000,8,reconstructed
1785196029417,2,1671000,19,reconstructed
1785196031165,2,1671000,13,reconstructed
1785196031988,2,1670000,58,reconstructed
1785196032338,2,1671000,12,reconstructed
1785196032404,2,1673000,45,reconstructed
1785196032664,2,1674000,48,reconstructed
1785196032856,2,1673000,175,reconstructed
1785196033333,2,1668000,28,reconstructed
1785196033578,2,1670000,9,reconstructed
1785196035270,2,1664000,5,reconstructed
1785196035873,2,1664000,11,reconstructed
1785196036872,2,1665000,17,reconstructed
1785196036895,2,1672000,36,reconstructed
1785196036939,2,1671000,33,reconstructed
1785196037338,2,1671000,35,reconstructed
1785196038094,2,1672000,100,reconstructed
1785196038877,2,1671000,50,reconstructed
1785196039159,2,1667000,4,reconstructed
1785196039435,2,1666000,18,reconstructed
1785196039957,2,1667000,116,reconstructed
1785196040467,2,1669000,35,reconstructed
1785196040487,2,1670000,14,reconstructed
1785196040836,2,1667000,19,reconstructed
1785196041092,2,1666000,40,reconstructed
1785196043697,2,1665000,16,reconstructed
1785196045171,2,1664000,4,reconstructed
1785196045782,2,1672000,27,reconstructed
1785196045966,2,1676000,29,reconstructed
1785196047382,2,1677000,46,reconstructed
1785196047994,2,1673000,19,reconstructed
1785196049235,2,1668000,10,reconstructed
1785196049463,2,1670000,6,reconstructed
1785196049838,2,1671000,23,reconstructed
1785196050034,2,1669000,71,reconstructed
1785196050255,2,1667000,24,reconstructed
1785196051133,2,1665000,29,reconstructed
1785196052403,2,1669000,217,reconstructed
1785196052679,2,1670000,52,reconstructed
1785196053930,2,1670000,5,reconstructed
1785196054393,2,1668000,24,reconstructed
1785196055695,2,1667000,43,reconstructed
1785196057190,2,1663000,25,reconstructed
1785196057340,2,1664000,37,reconstructed
1785196057966,2,1667000,36,reconstructed
1785196058788,2,1670000,13,reconstructed
1785196058937,2,1670000,3,reconstructed
1785196059517,2,1670000,16,reconstructed
1785196060704,2,1667000,2,reconstructed
1785196061408,2,1668000,116,reconstructed
1785196061919,2,1669000,48,reconstructed
1785196063194,2,1673000,1,reconstructed
1785196064300,2,1674000,25,reconstructed
1785196064929,2,1671000,40,reconstructed
1785196065767,2,1672000,5,reconstructed
1785196066643,2,1671000,7,reconstructed
1785196067624,2,1670000,65,reconstructed
1785196067739,2,1670000,8,reconstructed
1785196068377,2,1674000,25,reconstructed
1785196069405,2,1673000,9,reconstructed
1785196069702,2,1671000,24,reconstructed
1785196069972,2,1672000,87,reconstructed
1785196070697,2,1671000,19,reconstructed
1785196071078,2,1671000,14,reconstructed
1785196071936,2,1675000,8,reconstructed
1785196072641,2,1676000,8,reconstructed
1785196072732,2,1678000,45,reconstructed
1785196072982,2,1676000,33,reconstructed
1785196075197,2,1675000,34,reconstructed
1785196075902,2,1672000,63,reconstructed
1785196075928,2,1672000,60,reconstructed
1785196078626,2,1669000,2,reconstructed
1785196079416,2,1668000,110,reconstructed
1785196079962,2,1668000,21,reconstructed
1785196080153,2,1665000,3,reconstructed
1785196081014,2,1668000,7,reconstructed
1785196081150,2,1666000,1,reconstructed
1785196081154,2,1666000,22,reconstructed
1785196081971,2,1669000,17,reconstructed
1785196082833,2,1666000,60,reconstructed
1785196083241,2,1664000,11,reconstructed
1785196083399,2,1669000,10,reconstructed
1785196083568,2,1667000,15,reconstructed
1785196084852,2,1668000,11,reconstructed
1785196084884,2,1666000,24,reconstructed
1785196085510,2,1670000,33,reconstructed
1785196087053,2,1669000,52,reconstructed
1785196087172,2,1669000,13,reconstructed
1785196087502,2,1672000,81,reconstructed
1785196090494,2,1671000,14,reconstructed
1785196090609,2,1673000,6,reconstructed
1785196091536,2,1674000,34,reconstructed
1785196091875,2,1671000,3,reconstructed
1785196092368,2,1671000,18,reconstructed
1785196092401,2,1670000,16,reconstructed
1785196092568,2,1670000,34,reconstructed
1785196092620,2,1668000,23,reconstructed
1785196093225,2,1669000,19,reconstructed
1785196094781,2,1671000,11,reconstructed
1785196095025,2,1674000,87,reconstructed
1785196095171,2,1672000,38,reconstructed
1785196097616,2,1669000,36,reconstructed
1785196098744,2,1671000,2,reconstructed
1785196099584,2,1672000,11,reconstructed
1785196099795,2,1675000,12,reconstructed
1785196100861,2,1678000,25,reconstructed
1785196100920,2,1679000,16,reconstructed
1785196101361,2,1681000,7,reconstructed
1785196101717,2,1676000,18,reconstructed
1785196102476,2,1672000,2,reconstructed
1785196103790,2,1673000,14,reconstructed
1785196103836,2,1673000,12,reconstructed
1785196103928,2,1672000,26,reconstructed
1785196104780,2,1675000,8,reconstructed
1785196104935,2,1672000,9,reconstructed
1785196105783,2,1670000,9,reconstructed
1785196107114,2,1670000,10,reconstructed
1785196107314,2,1670000,169,reconstructed
1785196107373,2,1672000,4,reconstructed
1785196107613,2,1669000,22,reconstructed
1785196107777,2,1670000,46,reconstructed
1785196108692,2,1671000,3,reconstructed
1785196108772,2,1670000,31,reconstructed
1785196108841,2,1666000,2,reconstructed
1785196109293,2,1666000,47,reconstructed
1785196109619,2,1666000,19,reconstructed
1785196109915,2,1663000,4,reconstructed
1785196110833,2,1667000,3,reconstructed
1785196111138,2,1666000,31,reconstructed
1785196111292,2,1668000,45,reconstructed
1785196113488,2,1667000,4,reconstructed
1785196114148,2,1668000,17,reconstructed
1785196114809,2,1668000,56,reconstructed
1785196116793,2,1669000,6,reconstructed
1785196117029,2,1667000,14,reconstructed
1785196117601,2,1668000,8,reconstructed
1785196120159,2,1667000,8,reconstructed
1785196120178,2,1666000,2,reconstructed
1785196120729,2,1664000,21,reconstructed
1785196121635,2,1668000,7,reconstructed
1785196122504,2,1671000,28,reconstructed
1785196123320,2,1672000,24,reconstructed
1785196125059,2,1671000,22,reconstructed
1785196125923,2,1669000,15,reconstructed
1785196126634,2,1668000,6,reconstructed
1785196127252,2,1671000,12,reconstructed
1785196127369,2,1672000,8,reconstructed
1785196128197,2,1668000,10,reconstructed
1785196128409,2,1667000,13,reconstructed
1785196128733,2,1667000,130,reconstructed
1785196128800,2,1668000,29,reconstructed
1785196129353,2,1668000,15,reconstructed
1785196130033,2,1671000,1,reconstructed
1785196130583,2,1673000,41,reconstructed
1785196130949,2,1677000,27,reconstructed
1785196131222,2,1678000,33,reconstructed
1785196132890,2,1678000,49,reconstructed
1785196133186,2,1673000,63,reconstructed
1785196133714,2,1674000,7,reconstructed
1785196134878,2,1668000,42,reconstructed
1785196135333,2,1667000,8,reconstructed
1785196135746,2,1670000,2,reconstructed
1785196135822,2,1669000,47,reconstructed
1785196136293,2,1671000,6,reconstructed
1785196137284,2,1672000,5,reconstructed
1785196138324,2,1671000,10,reconstructed
1785196138517,2,1671000,9,reconstructed
1785196139051,2,1670000,5,reconstructed
1785196139134,2,1672000,112,reconstructed
1785196140338,2,1673000,32,reconstructed
1785196140546,2,1674000,71,reconstructed
1785196141319,2,1673000,13,reconstructed
1785196142433,2,1674000,8,reconstructed
1785196142543,2,1672000,4,reconstructed
1785196142834,2,1674000,29,reconstructed
1785196143210,2,1671000,37,reconstructed
1785196143319,2,1673000,4,reconstructed
1785196144263,2,1675000,7,reconstructed
1785196145032,2,1675000,37,reconstructed
1785196145222,2,1674000,29,reconstructed
1785196145654,2,1672000,5,reconstructed
1785196147291,2,1675000,16,reconstructed
1785196147457,2,1674000,54,reconstructed
1785196147695,2,1672000,12,reconstructed
1785196147984,2,1671000,11,reconstructed
1785196148139,2,1667000,6,reconstructed
1785196148361,2,1668000,27,reconstructed
1785196148631,2,1668000,4,reconstructed
1785196149442,2,1667000,22,reconstructed
1785196149844,2,1667000,70,reconstructed
1785196150497,2,1666000,17,reconstructed
1785196152197,2,1667000,28,reconstructed
1785196152540,2,1669000,28,reconstructed
1785196153351,2,1668000,17,reconstructed
1785196154021,2,1673000,23,reconstructed
1785196154184,2,1672000,14,reconstructed
1785196154862,2,1671000,5,reconstructed
1785196156589,2,1674000,62,reconstructed
1785196158546,2,1673000,19,reconstructed
1785196158800,2,1673000,30,reconstructed
1785196158923,2,1670000,6,reconstructed
1785196159128,2,1667000,16,reconstructed
1785196159578,2,1666000,63,reconstructed
1785196159657,2,1666000,8,reconstructed
1785196160353,2,1666000,26,reconstructed
1785196160404,2,1666000,19,reconstructed
1785196161743,2,1666000,3,reconstructed
1785196162157,2,1667000,10,reconstructed
1785196162399,2,1673000,22,reconstructed
1785196162571,2,1669000,11,reconstructed
1785196162824,2,1668000,18,reconstructed
1785196163270,2,1669000,8,reconstructed
1785196163284,2,1669000,5,reconstructed
1785196163737,2,1669000,13,reconstructed
1785196165377,2,1668000,19,reconstructed
1785196165864,2,1672000,2,reconstructed
1785196166027,2,1671000,22,reconstructed
1785196167012,2,1671000,15,reconstructed
1785196169627,2,1669000,51,reconstructed
1785196170284,2,1671000,95,reconstructed
1785196170662,2,1670000,39,reconstructed
1785196170882,2,1672000,14,reconstructed
1785196171080,2,1673000,6,reconstructed
1785196171391,2,1670000,53,reconstructed
1785196172604,2,1669000,30,reconstructed
1785196172624,2,1669000,27,reconstructed
1785196172958,2,1665000,29,reconstructed
1785196173296,2,1665000,18,reconstructed
1785196173477,2,1665000,44,reconstructed
1785196174166,2,1666000,38,reconstructed
1785196174843,2,1666000,11,reconstructed
1785196175502,2,1668000,6,reconstructed
1785196176387,2,1669000,8,reconstructed
1785196176983,2,1667000,13,reconstructed
1785196179098,2,1666000,45,reconstructed
1785196180447,2,1666000,4,reconstructed
1785196180511,2,1668000,13,reconstructed
1785196180690,2,1669000,15,reconstructed
1785196180936,2,1671000,18,reconstructed
1785196181610,2,1673000,26,reconstructed
1785196181759,2,1673000,17,reconstructed
1785196181791,2,1672000,34,reconstructed
1785196182517,2,1672000,15,reconstructed
1785196182814,2,1668000,13,reconstructed
1785196184620,2,1669000,4,reconstructed
1785196184828,2,1673000,10,reconstructed
1785196185635,2,1673000,48,reconstructed
1785196185678,2,1677000,7,reconstructed
1785196185987,2,1677000,10,reconstructed
1785196186620,2,1676000,16,reconstructed
1785196187688,2,1675000,5,reconstructed
1785196188681,2,1675000,42,reconstructed
1785196189440,2,1674000,16,reconstructed
1785196190633,2,1675000,15,reconstructed
1785196191068,2,1677000,23,reconstructed
1785196191301,2,1675000,14,reconstructed
1785196191785,2,1674000,47,reconstructed
1785196191838,2,1675000,44,reconstructed
1785196192218,2,1674000,16,reconstructed
1785196194921,2,1675000,22,reconstructed
1785196195424,2,1672000,6,reconstructed
1785196196284,2,1675000,7,reconstructed
1785196196495,2,1670000,34,reconstructed
1785196196607,2,1668000,15,reconstructed
1785196196946,2,1669000,98,reconstructed
1785196198037,2,1667000,6,reconstructed
1785196198474,2,1668000,5,reconstructed
1785196199791,2,1669000,8,reconstructed
